"","fertility","elevation","poverty","distance_to_lakes_rivers","distance_to_cities","Population","child_population","population_density","radio","electricity","television","mobile_phone","card","antenatal_care","age","mothers_age","school_level","urban_to_rural","fac_number","OutreachProportion","TotalOutreachCoverage","TotalClinicsCoverage","Preschool","Primary","Middle","Matric","Above"
"1",-0.406978613941713,-0.453727440011391,0.331547050707411,1.75840296243121,0.705790431266083,-0.469151841369436,-0.515260200676476,-0.351936135949122,-0.496644867593346,-0.816932624785497,-2.60505252945544,-0.331909843006448,-1.83963116826288,-1.21246745970436,0.701713521035976,0.515406022717144,-3.2930754922948,-3.09082990202263,-0.650183110008231,1.26416901363329,0.403018046158162,-1.10433091301329,1.26535027971922,3.44160244737188,-0.984531618126799,-2.64540651494252,-2.67410585158061
"2",-0.0965037685934096,-0.757245888291696,1.70878483420863,2.97877381275075,-0.113100653209864,0.371884327634054,0.62927185726818,-0.113232777825752,-0.25300770309134,-1.33761143306434,-1.37416128289614,-1.97685865514462,-0.627570616505625,-0.527632681129771,0.207395727278958,-0.333529970312727,-0.368511721602997,0.450835098237104,0.494760852635745,-0.250746502919003,0.269434626343337,0.540250545882261,4.18819815631341,-0.124814515221523,-0.00973604779985015,-0.698048829447318,0.103651831970808
"3",-0.303066740596548,-0.553953789977575,0.0664472503045973,1.75840296243121,-0.214563334036219,-0.522534691183548,-0.540614920114891,-0.232920016628985,-0.184018038107458,-1.15092970070959,-2.01506371260653,-0.567425092284944,-1.58373461269149,-1.5538877933656,-0.306312823905696,0.678304687575504,-0.92804260629189,0.168874256349629,-1.00247356005253,1.03234305326704,0.0755913074585726,-0.938887504405585,-0.244024712999976,0.939504717097999,0.0273562349908037,-0.552323120769287,-0.946285515563282
"4",-0.243309413578585,-0.778162082219461,1.72250599274761,1.51432879236731,0.332073043914563,-0.289327258837631,-0.0888774038350378,-0.240978111648531,-0.224667067810521,-1.69843599199384,-1.31744302191503,-3.00898768949236,-0.198851498179817,-0.248457105837306,1.86265546288949,-0.0577164989604696,1.11842108671603,-0.560149890780772,-0.385965272475005,-1.34963854431375,-1.96893716052551,-0.530346582357704,0.684296457293199,-1.09492639252607,0.251412236512736,-0.25926175340032,1.59795135225899
"5",-0.103749145254285,-0.458136363217134,0.108943861060634,-0.275548454768012,-0.431883994340768,0.0206735697195437,0.00413383315679779,-0.123053867969859,-0.966723595833371,0.109894749009183,0.135801086831244,-0.559536494422245,0.237080427036354,0.0100897323645875,-0.236469150448022,0.073752312593345,-0.286621963690386,0.20656630437866,0.75897869016897,0.895277218417507,1.49690075074662,-0.432803282186281,-0.185143753584439,0.519475456695089,-0.798673120354667,-0.205876982472231,-0.123135353088843
"6",-0.312361384153936,1.00139736269599,-0.887468126791149,-0.519622624831919,0.328759708245217,-0.610540955636582,-0.722417598838518,-0.325801406771607,1.5592456922804,0.638257808168838,0.856451981344968,1.00239597209131,0.128777600768026,0.764184677120097,-0.0353267916842641,0.906064400870754,1.30509810518993,0.491986918125462,-1.00247356005253,-0.497383383052024,-0.235204162236015,0.464182123798047,0.405141073250108,-0.801175330941639,-2.05807227340314,0.730920067150124,1.74862741725541
"7",-0.276439482801945,-0.457057960826934,0.152350521038055,-0.112832341392074,-0.123169076990948,0.133823792574947,0.214075626907237,-0.262343692935548,-0.996443289432926,-0.190189031189995,-0.866706022723223,-1.44432420307029,-1.24072795252206,-0.971755937165692,-0.594444785838028,0.552799701149443,-0.0182268597762079,0.224883032848994,1.19934175272435,0.982528950965338,0.396766426723358,-0.815998450476439,0.625167163791672,0.459980633441634,-1.47938635088762,-0.837103213289025,0.739745681166407
"8",-0.0475645394876122,-0.688713197665503,1.52037667342039,1.10753850892746,-0.140670755950222,0.292678497108956,0.341555647697765,-0.0400186105902872,-0.581524607655348,-0.279344914617545,-0.956068060295745,-1.89760228555569,0.695001440163179,-0.152681543510691,-0.616259425305856,-0.892047347831287,0.496592710871929,0.23465182895173,-0.47403788498608,0.855901114998446,0.70355708669549,-0.596483413946115,3.59548977275077,-0.307031923741051,-2.03750055545093,-0.549694979017264,1.52562894976498
"9",0.0370990989064613,-0.690020073949873,1.27517616935751,0.538032112111679,-0.327387199617836,-0.870616869999069,-0.937329901337879,-0.0761794591883495,-0.188044035090067,0.0481982436927799,-0.336735839314894,-1.94821925362168,0.195932956391356,0.216635608747674,0.559219060576688,0.0624013755523987,1.06149301195486,0.885824189589907,-1.53090923511898,0.533107250297414,2.49626788189515,0.484356766283852,1.79102922425015,-0.800176522793381,-0.868095203868822,-0.868801362363219,2.12079650703247
"10",-0.340655971258379,-0.397881099165609,1.13662319063446,-0.519622624831919,0.0695984740939719,-0.243412346480824,-0.191153000077492,-0.321096316666385,-0.320659436440198,0.020450047793146,-0.679266298295738,-0.433185046927866,0.278585701773918,-0.970379273992247,0.994198124791286,0.608780553644371,-0.0355707752799493,-0.476177600084156,-0.29789265996393,0.0206154191318404,-0.224467486616245,-0.0730273648765749,-0.11646056561982,0.142111234943737,-0.0514330777076444,-0.459966690554406,0.201979162837898
"11",-0.173721436643177,-0.229302523829307,-0.068565859151963,-0.682338738207857,-0.425780282905483,0.0673245467831756,0.0107461993648602,-0.154185476878175,-0.214484874834638,0.479487673701129,0.247207133228464,0.292204126896322,0.0750728098413879,0.0968390004454835,-1.25546014011507,0.485359021740124,-0.481295211064175,0.366318619577606,0.847051302680045,-0.0690125575380458,0.0534844353653481,0.185930039079026,-0.686427706482973,0.796716495740456,-0.364572620135006,-1.04728005490207,-0.0412977023016501
"12",-0.26457608170681,-0.367572170794568,0.0151534901072421,-0.194190398080043,-0.188566332599555,-0.283987016410769,-0.366145499465815,-0.159562429180823,-1.2296945351342,-0.379689871073216,-1.19529097509824,-2.64268235469106,-0.630594497434252,-1.49810015714644,0.480309084761745,0.638359067933264,-1.67319664448657,-0.814684145832557,-0.29789265996393,0.423210824135768,-0.413895883137247,-0.543706509081442,0.530663501946851,1.3288935704211,1.62130509318489,-1.97242256771822,-1.43996098568454
"13",-0.097706375494821,-0.509811029941714,-0.147325003493822,-0.194190398080043,-0.253133470544734,0.402231121389548,0.393051701907864,-0.11396398828125,-1.27385729445711,0.123372470858943,0.231571298840823,-0.0485459133745121,0.521592390963199,0.590119152278034,-0.28376669273062,1.59800792355016,0.202798207175157,0.429366536089041,0.847051302680045,0.455874208919416,0.105496290380637,-0.357689755705205,-0.284822714504129,-0.196864611531884,0.199336432464754,0.0365595629180167,0.194497415535073
"14",-0.108829186808845,-0.261929950875604,-0.78861386429055,-0.682338738207857,-0.637385273091293,-0.577984509719577,-0.641210570236335,-0.0999147693300757,-0.717238971804023,0.59156114003528,1.04806286793769,0.805486758242775,0.158739220969204,1.04427708517215,-1.58353327136175,0.139695613757362,0.422056441061613,0.567660591912001,-0.47403788498608,1.26617875928632,1.36188964512202,-0.965049446845421,-0.0481515510675941,-0.667306893127814,0.163166991916929,1.47177946704217,-0.261629411998955
"15",-0.368889546307111,1.35165815756365,-1.54924036389584,-0.682338738207857,0.0420721700941934,-0.141886776109598,-0.30998230014253,-0.33696894040655,0.865036190143391,0.644903232119919,1.23830388887656,0.345853339666262,-1.42449586755622,1.0147690221165,-0.1904257096654,1.86106499114335,1.02030066681545,-0.161546718182102,1.0231965277022,-0.0624801942873699,0.589133486417043,0.50137947264707,-0.686427706482973,-1.0062178403853,0.334474607564033,0.665916809708151,0.889523610282849
"16",-0.505049061734922,-0.511220803942293,1.46326678832962,-0.682338738207857,0.89713649877576,-0.789229443509736,-0.81659824767701,-0.459507480410809,0.222391099083585,-6.39382614059338,-2.37437056788244,0.41178196105145,0.553233886951386,-2.72115505842773,-0.108831721067565,-0.859190447772498,-4.80765920417261,-3.09082990202263,-1.17861878507468,0.0884923281868573,0.320792480452529,0.156649539116678,4.68822051073806,4.53652204837205,-1.28524546924621,-3.53048440874979,-3.96374458402501
"17",-0.0905358722118634,-0.465403609904002,-0.295421005584028,-0.43826456814395,-0.294816072517433,0.531051891776915,0.467365032584285,-0.105581472385179,0.256523177769375,-0.072964224937903,0.195400716016741,0.0588932968315065,-0.865403433180169,0.656456827869312,-0.955541572726772,-0.322787326602842,0.482758431813127,-0.00783253904539182,1.99199526532402,0.850839443550095,-0.462434544180715,-0.915706276383284,-0.489595908087333,-0.463015831704577,0.375332190624922,0.0536681748545456,0.509626162390303
"18",-0.116647176985538,-0.304376393686764,-0.750801555107796,-0.275548454768012,-0.491753462572074,-0.510213901961923,-0.594748317818274,-0.165188322177888,-0.725062483558668,0.132039467368524,-0.467578941513865,-0.521365935944057,-0.0987087748335145,-1.00666749651925,-0.544803237416151,-0.286710087528327,-0.779265740213484,0.364024435011681,-0.47403788498608,0.586665675436047,2.23646293670035,0.289821132135183,0.0245771691732846,0.945197385585354,-0.93626398114135,-0.129232040234092,-0.775512573624108
"19",-0.29833024965281,-0.505565033390039,0.818397286870322,-0.0314742847041048,-0.0878337521291518,-0.0821658232411895,-0.0790080906163714,-0.28275358509479,-0.729696888137018,0.136001328468593,-0.313743076060561,-0.815565320610184,-0.692071746065912,-0.109607877914067,-1.41433553863207,-0.96772392784226,-0.129476218470002,0.095713773664721,0.847051302680045,0.574391811148322,-0.0998510308115071,-0.556730576221888,0.402298470171529,-0.0634733206885331,1.38484700492635,-1.32347152901163,0.287148738511122
"20",-0.352655603162848,2.45361823421689,-0.671143108640503,-0.682338738207857,0.182004555192678,-0.914118076704819,-1.02194294049728,-0.333713533787635,0.289856352601139,0.682676779331649,1.11267773858808,0.545793098122105,-1.98518115787068,0.714809412880157,1.50688320409022,1.1589129464319,0.405274388941946,-0.255212681825866,-1.17861878507468,-0.378703704720597,0.108477832173132,0.585128509033582,-0.686427706482973,-0.172734253056792,-0.439497166759447,0.136785599509461,0.51064346157894
"21",-0.0874904612914662,-0.272429105708045,0.00131719458728413,0.293957942047771,-0.414646553542673,0.101711260522732,0.217195967825007,-0.106514435330964,-1.42529661130416,0.117355132847409,-0.977915229389695,-0.753233961267307,-0.515663165097559,-1.31699246855092,1.04364654748404,-1.19559545262803,0.0970199287392119,0.0739135980612912,-0.12174743494178,0.391033997507964,-0.655278297076288,-0.620779772334334,-0.380820422216459,-0.218804678777044,1.49548734638238,-1.12405478358126,0.417651001893709
"22",-0.3998744387689,-0.326422288387565,1.36775525742761,-0.682338738207857,0.273390548925891,-0.654842300929395,-0.681516402944988,-0.372951193245856,0.243783498525223,-0.783516732019175,-1.18682625536961,-0.520862063356463,-1.46870878472471,-1.6773522341785,0.425596578871853,-0.218671438556876,-1.15275123389577,-0.140781943909026,-1.00247356005253,-0.248422181275333,-0.536678150360835,-0.00694723375848909,-0.686427706482973,1.19425187936767,0.410279537894169,-1.08958768645632,-1.05301859351657
"23",0.205186503070091,-0.0215271951646438,-0.934878996857854,-0.682338738207857,-0.555815619804656,0.23974236215185,0.306967672940281,0.178685233766123,-0.744008016247498,0.736671019617852,1.01601072478231,1.08313754364894,0.678073971122966,-0.0165645808521067,-1.57819784631187,-1.13196099412736,0.51158185858837,0.327114074706187,0.318615627613595,-0.596312654683637,-0.282037114640293,0.535705060593675,-0.398500081112773,-0.788715900430348,0.555123385709305,1.41470891746004,-0.207092725050172
"26",-0.177959114788124,-0.343162855856898,0.800389063335034,1.18889656561543,-0.164065457859652,1.03603144922659,1.27580449266165,-0.182671467110836,-1.20879800999116,0.0222718372876894,-0.68010324284123,-1.08271814726334,-0.0252504467450762,-0.57116712458197,0.0996217690058434,-0.444385145560905,-0.951412303562675,-0.129505765446891,3.136939227968,0.432065093813331,-1.04234225937892,-0.815975827992078,-0.463456585504131,1.30383585892718,-0.927477773284685,-0.933465563842105,-0.600914313034456
"27",-0.256266795064906,-0.529868321446821,0.445054856343401,2.16519324587106,0.235520431312626,1.31301250849695,2.14721600564521,-0.247996027181054,0.925693237168024,-1.59227724762037,-1.46442531856877,-1.29457489771874,-2.26579900850417,-1.77523873707388,1.29436393197467,-1.01980940160732,1.180476671658,-0.40731889939979,1.11126914021327,-0.194526597631877,-0.135164826433029,0.205700615479475,-0.456844655625405,-0.936620630395052,-0.263997401510325,0.172537304883611,1.49067530447352
"28",-0.236164225114172,0.548334375925706,-1.35115277023128,0.0498837719838643,-0.139063195481246,-0.653961043174523,-0.774172775030312,-0.25451819787758,2.04841845412087,0.722065660615531,1.33698394921653,0.971282362724825,2.09933031399938,0.443912692861002,-1.22441849620616,1.72234649616069,0.657041079918418,-0.269498093689718,-0.826328335030381,-1.21810833586108,-0.34281536406816,1.19615033403743,-0.686427706482973,-0.444067684404963,-0.97956419196695,1.2039106798142,0.378516183347481
"29",-0.154847059530223,-0.65785602016527,1.01984975753605,-0.682338738207857,-0.273501665646463,-0.42763166668845,-0.421762584768016,-0.166445469339522,-0.215294144199485,-0.0867982868971267,-0.80875205830826,0.690180252564462,-2.09507275299905,1.11104467525725,0.680129507389925,0.268258179331351,-0.0955155597594382,0.192749826735831,-0.385965272475005,-0.0452954873215168,0.0431467507020612,0.153084591110037,-0.686427706482973,-0.0131316542061699,0.251412236512736,0.712468056427873,-0.589062103992527
"30",3.53333469467904,-0.294177926213144,-1.25577859621335,-0.682338738207857,-0.827663479972235,3.36243230775905,3.17774170664544,7.89835632429945,-0.709110310628239,0.734451392001865,1.06513013464048,0.610776455126176,-0.0970525216438408,0.840758796992954,-0.42633876365461,-0.0812015563916645,0.697769057061162,1.20795021900223,-1.26669139758576,1.48023593201554,0.0694482828450887,-1.34559025788931,-0.101245573752027,-0.794209969276705,0.384923329210019,0.541566122263137,0.551230295154323
"32",-0.404046743094715,1.39628906965307,-0.402497771259016,-0.682338738207857,-0.110186426012952,-0.685745289017913,-0.812464313935113,-0.376442928727181,0.899242547719817,0.724080059328019,0.943685459658888,0.649841905055545,-0.534658275115213,0.0782844259270108,-1.05644132871761,1.92166497895633,0.353592859186125,0.379488933938688,-0.650183110008231,-2.68537464027518,-0.529189332967157,2.92661516777565,-0.373266021280745,-0.0501251123126067,-0.551165754519024,-0.378370625956368,0.754536218987118
"33",0.054807350744426,-0.157120822708764,-1.32592967952662,-0.194190398080043,-0.74626976459079,-0.251445961701573,-0.198293810165333,0.224148773095954,0.0462524833091142,0.578028678910443,1.11912031919647,0.253992634909635,-1.10342777056873,0.178544477332037,0.211716091280759,-1.48191490059055,-0.624839869045533,0.559208149952165,-0.914400947541456,-0.355424106329426,-0.439187299314743,0.163623647759276,-0.304627845611174,-0.209323726441318,3.4635785327121,-0.521858737715892,-1.23028324610371
"34",-0.443800767324534,-0.548870890863872,2.03519620564672,-0.682338738207857,2.27940505246433,-0.528576383055574,-0.562217129610514,-0.406561367947401,-0.181028463788528,-0.410454514764032,-1.11570952015289,0.190991331726278,-0.951417653853409,-0.918795431373996,-0.160137032079892,0.691691977409219,-0.992646805417779,-0.445019557652198,-1.26669139758576,0.826400378245261,-1.46092176279779,-1.18276018556855,1.73191414515759,0.824613949702914,-0.526742037745232,-0.308892605772056,-0.952212545332039
"35",0.0975927535957013,-0.39295140881239,-0.952189484268525,-0.682338738207857,-0.478084650959135,-0.0927797763726907,-0.152487702566569,0.0672215644231987,-0.189200347493513,0.705137516341432,0.685401290273614,0.83718215516836,-0.770071005267328,0.432080988983914,-0.0412426708112981,0.42799500266857,0.461167755332829,0.398900600153796,0.0543977900803699,0.474413218941913,-0.252595180308074,-0.522499554328014,-0.47003493035776,-0.558411126453111,0.339842160899426,0.734415652221569,0.126614050703727
"36",-0.251938976124921,1.42678422022488,-1.20159040257179,-0.112832341392074,-0.227784462900353,-0.0856496799570079,-0.206653378567566,-0.241991815708162,1.45863265311259,0.717642448598966,1.56070691080952,1.56594154266774,0.792213476651265,1.17970638137313,-0.68447077563725,1.84674697945417,1.20149662216738,-0.254343376710476,0.93512391519112,-0.950199837993948,-0.773801816625283,0.460312298126891,-0.109976983492607,-0.918461688574335,-0.818967967076974,0.503724739331363,1.46714055101385
"37",0.612274399353744,-0.0775667091695247,-0.777708678668104,-0.682338738207857,-0.696014447921184,1.51840760273655,1.56475189203958,0.755833990277308,-0.408391186675253,0.697668922195629,1.10749279571948,0.621733628076324,-0.154807476043869,0.960123074336448,-0.566498336231163,-1.16341191471999,0.984054961826767,0.39633551254534,0.75897869016897,0.522403122599929,-0.797735913964146,-0.778690162029169,-0.562554846010622,-1.33574330486866,1.19379958401045,1.35852114200176,0.313335704007934
"38",9.0894823422315,-0.065757140756838,-1.65068956087893,-0.682338738207857,-0.824649400770453,0.278265095592043,0.258491725004633,6.18144484896824,-1.30782206796506,0.756032590629563,2.11835768109714,1.84453980621039,1.17743430780927,1.50885343506617,-0.71191772374691,-0.367510972043206,2.00695401559571,5.06071370506598,-1.79512707265221,1.71773443122971,1.99013635408378,-1.52220847541094,-0.686427706482973,-2.36426397640169,0.710428809234858,2.88963482370903,0.932649173177814
"39",0.13291419799036,0.058813389376845,-1.35784999175962,0.293957942047771,-0.614981847943936,1.18865790994371,1.12666744415402,0.0964845113131989,0.247107969948398,0.740936177289996,0.902272594607852,0.677593341758537,0.460960781259354,1.0807086851006,-1.55879137478331,0.699235007308633,0.697376598925164,-0.206851177780142,2.4323583278794,0.0569586069845643,0.327736246942566,0.19833894649559,-0.470370362537883,-0.620023236488864,-0.217879079510777,0.722740018719628,0.551750607174298
"40",-0.154243805310935,-0.176235622831202,-0.995395485167372,0.131241828671833,-0.385982589897203,-0.111015604174445,-0.12561505982104,-0.155393131036023,-0.629732880097585,0.688490280227017,0.126618581049651,-0.328561986396541,0.26302122374733,0.176679189968896,-0.966675826659312,-0.00251206076896945,0.569749904316441,0.709654231203253,-0.12174743494178,1.00721678192371,0.452799364946202,-0.8290962793201,-0.066144484388883,-0.390385056669259,-0.363695799383475,-0.0405111392000247,0.838975817187216
"41",-0.229705793266632,-0.481579007371074,1.09307147857522,-0.682338738207857,-0.111441332553025,-0.355447691541967,-0.404773724631287,-0.23759282690008,-0.341896376303031,0.276744621106361,0.00315732272936721,0.169443954107983,-0.885140995895044,0.35947735155633,-0.126284980660702,0.529197690602402,-0.144024034656799,0.132959761559888,0.142470402591445,0.269801032842959,-0.476024887401479,-0.438330483303772,2.5005296022676,-0.318611786223702,-0.556367593371641,1.38189824774282,-0.689238510295892
"42",-0.297302563036144,-0.548352996101946,1.41241235781428,0.0498837719838643,0.0922589433016225,-0.480529639594001,-0.514102885854495,-0.279306953169815,-0.833801788779583,-0.291606438538968,-0.630996416977158,-0.169207689879737,-0.0987087748335145,-0.38684039675409,-0.917353971718327,-1.03702563788724,-0.334724427555136,0.136045635429586,-0.914400947541456,0.185279811381381,0.946713190507764,0.3608949123784,0.886449879561852,0.0344337631629759,1.32021278952777,-1.14006014341031,-0.0434633200697504
"43",-0.230396222687215,1.17654204445263,-0.914069414065306,-0.682338738207857,-0.412193843035858,-0.793935964021632,-0.902211686414955,-0.16736963124653,2.06069767083432,0.713458236933496,0.832791737324926,1.02559471591721,-0.320646702249651,0.656456827869312,-2.20473837474338,1.86801411446481,0.0506779235005126,0.979330590574046,-1.09054617256361,-2.75946261804566,-1.42289433239411,1.28242703412394,0.443493499627975,-0.0144028554476997,0.114927042054471,-0.679469241644232,0.42912898047985
"44",-0.0799602263632955,0.529180689479909,-1.08164780303602,-0.682338738207857,-0.725756903997184,-0.609194835246128,-0.721997743472569,0.000644682533942915,0.753351009385717,0.756032590629563,0.342774277167682,0.713310950723364,0.963422734943709,-0.48013250299012,-1.04335487047416,1.74749936625361,-1.64289143465364,0.416015755874652,-0.738255722519306,-1.61008380116386,-0.825968828795824,1.06681428929198,0.730761687907881,1.40109374975979,0.239037428643953,-0.677000766583027,-1.81230692689422
"45",-0.432067628768509,0.710391168217916,0.110268258547519,1.92111907580715,0.252946707183168,-0.594309503190669,-0.57814694337505,-0.397259322707842,1.1988704005369,-0.00245225434403897,0.617786085413132,0.64505670730383,-1.2083984119142,0.205958549184203,0.0348196673086935,1.4898835267592,0.312772209396188,0.160527535792454,-0.562110497497155,-1.03693026109499,-0.368875794545926,0.953846408895753,-0.686427706482973,-0.291487011679289,0.232529989774515,0.287907401083819,0.178460418316771
"46",-0.0755323406281201,-0.626566494890648,0.690760267414305,-0.682338738207857,-0.216101801416204,-0.624572234556855,-0.654646731017419,-0.108847235204895,-0.836224233439979,0.454912483010492,0.185307326856038,1.49176605577344,0.278585701773918,0.154320406568116,1.32609704392784,1.41223853647265,0.0572182993559215,-0.036392805650411,-0.826328335030381,0.140413880362021,0.935046323106788,0.418062694922245,-0.686427706482973,0.0422423699519698,-0.576797721009898,0.847169461773359,-0.299528422255898
"47",-0.16518064845914,-0.731861419518856,1.21798803739698,0.375315998735741,-0.298051915601511,-0.38650310615474,-0.297941756127255,-0.172948500261936,-0.164322880499567,-0.349632095860832,-1.04851958176801,-0.284003893492224,0.0401476771362696,-1.03526939740232,0.583401149939357,0.436075021450868,-0.744492282990884,0.481141923220359,-0.385965272475005,-0.0824294333700614,-0.82121281707117,-0.332769456514817,-0.686427706482973,0.982816811283161,-0.707180911091413,-0.296018232691783,-0.721772826267724
"48",-0.348166198241469,-0.599517796506235,1.4636165728979,0.538032112111679,0.916092282313747,-0.115750795442418,0.199415409276775,-0.327882213391275,2.18784684376243,-2.06382556379007,-1.27540044278766,-1.04138132914644,-2.28109839442553,-1.7029596737545,2.21688425674578,-0.830066625161293,0.276709723833031,0.0223097270685484,-0.12174743494178,-3.0444799236698,-2.2206826843458,-0.157988626794253,0.16330980064632,-0.148212591316207,-0.0171864447575045,-0.635510786913058,0.714585460992666
"49",-0.464026297645856,0.712369813344582,-1.20491023888332,-0.112832341392074,0.251893401304803,-0.665332098801705,-0.75023509249659,-0.422155229782274,2.03376000533736,0.205032516850247,0.885642791258955,0.785120828886913,0.524424636757946,0.175528929428292,-1.10369852620404,2.74981971662994,0.724130640518311,0.228946466210794,-0.47403788498608,-1.64921688401343,0.124061315318722,2.35590008999875,0.0451048660692512,-0.556189404147376,-1.4486728323613,1.61904488424425,0.374179267220184
"50",0.00398732286868347,-0.275777059141814,-0.289937831118146,-0.682338738207857,-0.548590939296374,1.10756181851807,1.13703142169797,-0.0173809591334859,-0.930557453748694,0.678064587603332,0.690249734138956,0.0372835137199265,-0.695166954764381,0.721343100004917,0.674793713980321,0.936069924578182,-0.0888557427412861,0.538406026812108,2.4323583278794,0.671935310406813,0.497138931057989,-0.447090039570487,-0.108782276355013,-0.0786875824234129,0.385707735837897,0.407171871874676,-0.413969438321076
"51",-0.148462567005723,-0.728607180186006,1.60978411391877,-0.275548454768012,0.0983544196543245,-0.21386710179952,0.0790650652103261,-0.16172023355329,-0.0756726439424338,-1.59314879285862,-1.6235288413692,-2.36291375306756,-1.46306819193487,-1.044319160861,0.884421374347718,-0.821580740051863,-0.14786128255112,0.251601931068426,-0.650183110008231,-2.30043376628154,-2.35525505836036,-0.706857758371024,-0.686427706482973,0.47714377967727,-0.641636249561372,-0.494333531223634,0.157081363108177
"52",-0.224039744807882,-0.437360024722705,-0.20525200517128,0.863464338863555,-0.122393494352688,0.813429609216064,0.85648848495274,-0.224658702880291,-0.932675007700469,-0.306977204217877,-1.22013087242417,-1.3420290684018,-1.72540463299343,-1.44787334640251,-0.907217521849084,0.363346278657618,-0.829782443097041,-0.357168762386718,1.90392265281295,0.958363698464351,1.1925038297078,-0.596422272164517,0.385548879563599,1.17141550284994,-1.43908143397746,-0.702995721690705,-0.420830301320671
"53",-0.175000592683497,0.11149394406666,-1.55638368404361,1.43297073567934,-0.0586592682527717,-0.50578547969332,-0.636745237049058,-0.114343122390605,1.72575842109629,0.703512295481813,1.44752852787429,1.12372207672701,1.551954560324,1.02134147855746,-0.942113108709231,1.47288205034116,0.900168714013435,0.657643783891247,-0.826328335030381,-1.09804906561955,0.267629495701193,1.68754972236242,0.86007365016261,-0.737440583237564,-1.5435627637901,1.27670527300553,0.84862021285825
"54",-0.180774474617146,-0.576821560536618,0.384835749390317,1.02618045223949,-0.319844692651862,0.292373025335843,0.336182995865228,-0.175888401259686,-0.836690639082282,-0.477980848207867,-1.193593337516,0.19745223411988,-0.696788254558819,-0.136677108128463,1.7441414393465,0.138769494412736,-0.117099345265082,0.549003135010327,1.3754869777465,1.19816541236512,1.28744813330394,-0.888752678837405,-0.686427706482973,-0.0780366822853751,1.00438481261243,0.0917238657273888,-0.432519451577298
"55",-0.353685572962222,2.93425976739285,-0.995223273494648,0.700748225487617,-0.2205261112388,-0.843184660813082,-0.945063977062283,-0.324267858895046,1.30592800070889,0.449664202267672,1.1915071592308,1.07706720750478,1.24451256199101,0.923083254765012,1.72669862078977,2.04488741309223,1.53221812778388,0.35235924467472,-0.914400947541456,-2.02879019181425,0.737428508108412,3.90828911789428,-0.428836277620598,-1.27889148936281,-1.04371833640591,1.47094308948288,1.41486346979493
"56",-0.395841245633398,2.37751617141975,-0.965802685829203,-0.682338738207857,0.0407697267044236,-0.872163999815078,-0.986219505073295,-0.383227559201552,0.386578076152415,-0.403886154827892,0.615028668703759,0.0559571440034804,-0.320646702249651,1.24084351695578,0.164086102862934,0.137661599744203,0.415270508175308,-3.09082990202263,-1.09054617256361,0.545532392997599,0.983868971112066,-0.115680300481947,-0.686427706482973,-0.423484131321371,0.162010590605767,0.626833227465966,0.146661308543959
"57",-0.268835819563255,1.78081788105593,-0.501270266930745,-0.0314742847041048,-0.379851410354895,-0.784153519187473,-0.888010041104323,-0.222789657266907,3.72955160142838,0.662843001326637,1.06282080446734,0.992661778096774,1.09263726950405,1.24732775860848,-0.365525218043169,1.08821323102955,0.398326731602434,-3.09082990202263,-1.00247356005253,-2.49377800457108,-0.881988102565306,2.00289467999377,-0.686427706482973,-0.669947505170413,0.958655817583611,0.942713513800141,-0.197791338101293
"58",-0.437199556310211,-0.273531542349461,0.928871785208428,0.293957942047771,0.48753550323557,-0.666087012200712,-0.700018432972041,-0.403187424519744,0.0663639655413637,0.151202094895767,-0.997009833389792,-0.303013924004286,-0.048268336784395,-0.518507087264282,-1.22799632591744,-0.356017246819199,-0.606313380169184,-0.0147764470638627,-0.826328335030381,0.673258238166939,0.0982286703568725,-0.583397602647314,0.212649407724321,0.794800605979248,-0.700483113972891,-0.625441466062687,-0.319383551316246
"59",-0.131210452559433,-0.485961216259747,-0.805414040810948,4.11778660638232,-0.367972625312755,-0.0631854304986312,-0.118522461385377,-0.139307858291124,-0.317625510657794,0.349261698271592,0.00348653844126541,-0.37130570041707,-0.800032625468506,-0.431331698711812,-0.0780667745471368,0.510147636206579,-0.668094929140248,0.0476805503120359,0.0543977900803699,0.520480034018162,-0.032175491236591,-0.47861912027316,-0.429785019740363,0.585237960672976,1.12225980672861,-1.28858276740622,-0.433023195206579
"60",-0.00207401010923125,-0.0997732842245163,-0.576960818566615,-0.682338738207857,-0.339249012224991,-0.289184462552447,-0.239308464826254,-0.0352120616971492,-0.988351595215929,0.728180918960298,0.885701792240852,0.839551509646174,0.386312875530967,1.21176115577531,-0.143296765367262,-1.86055704706527,0.284197985520659,0.272256165158452,-0.47403788498608,0.37536644793548,0.3290606908805,-0.17427462732405,-0.076105301147761,-0.769461002471715,1.64591137424553,0.598336549120157,-0.266185396679055
"62",-0.0832499396979765,-0.64788440289895,1.09379068851594,-0.682338738207857,-0.428761366186482,-0.386399175349827,-0.336085041737489,-0.0999790635387375,-0.372167644343989,-0.821024024271456,-0.940994804840454,0.17958422704669,-0.493306886459832,-0.609873478519852,0.296035788894693,0.0783507647407393,-0.77124185287048,0.14472712728746,-0.650183110008231,0.953565657222722,0.938261684632034,-0.65254780309066,0.75685488334043,0.584082700077108,0.32604796116518,-0.53332636803641,-0.75605743133599
"63",-0.00563591583615937,-0.210524645827509,0.0516094518991027,0.538032112111679,-0.350482297047185,0.484829591886359,0.672886341122532,-0.0834418976611387,-1.04520268718234,0.161135854437498,-0.821726929054735,-1.87868369918008,-1.29653947451661,-0.916282542164457,-1.80392369164513,-1.75583183760433,-0.626433217109792,0.38625382838604,1.0231965277022,0.245773408792543,-0.206474578069772,-0.28595021048158,-0.254982071312679,0.251237491392487,1.69656993904619,-0.581849792070985,-0.85640500848088
"64",-0.312212019935985,-0.611973620739253,1.23639296923904,0.538032112111679,-0.10659981359266,-0.749383374515193,-0.780273111566976,-0.296289669395824,-0.0860460360248305,-0.714535673507509,-0.979971206284616,-1.56826387739542,0.0462302798055933,0.201414392633983,0.473874886733796,-0.189772020068063,-1.48524286183475,0.0781367803435127,-1.09054617256361,0.680087511721537,1.39398769490358,-0.155386458538091,3.34455849127204,1.55280802366156,-2.358793992713,-0.561512792932207,-1.02955495503255
"65",-0.333455071072451,-0.840243600692522,1.17751492321783,0.131241828671833,-0.267947815482402,0.283355915111817,-0.726951517217633,-0.325878055843131,-0.564664678117568,-0.0975781446400161,-0.424325002689794,-1.0428168799969,-0.0243229859742619,-0.815522019876745,1.06542835155954,-1.22460803393382,-0.313298686902957,0.369015215980554,0.847051302680045,-1.61884707008998,1.20214630201973,3.70670564308328,-0.464167863380054,0.210188707230429,0.29682602144027,0.294019811672027,-0.650496965096053
"66",-0.0739587078743609,-0.566763734905349,0.281678628431831,-0.682338738207857,-0.132084472600811,0.158180658839671,0.194109601845802,-0.0912149439398264,1.31821012711532,0.24471913882011,0.0545463709775411,0.0930736020905655,-0.14249652808048,-0.0295824995451337,0.400559641119003,-0.104792915193202,0.0739305857268466,0.458137105325272,0.23054301510252,0.943004147594841,1.36263227506574,-0.533911592510318,0.596785448516176,-0.0223999626182816,0.0970082403909164,-0.842006807460838,0.557648566948473
"67",0.00783140286491277,0.180066213825064,-1.8123737186815,-0.682338738207857,-0.464597333714025,0.528525301188699,0.404968869828074,-0.0163724431652035,0.886152388846964,0.706272119908368,1.327128254701,0.986580534395434,1.33395023423334,1.18495698242906,-1.02415385856022,0.946132039599102,0.809949988422543,0.0205923165247359,1.99199526532402,-0.266361330738509,0.306141349509247,0.584859663384663,-0.447598321952314,-0.70970250821266,-0.604766317379075,1.21509995769077,0.51384507714803
"68",-0.395930734807917,0.940221848682726,-0.520132079055224,0.863464338863555,0.180511139891964,-0.0745037117158462,-0.121361776627408,-0.370554532402104,0.846199581072588,0.369705419590804,0.139810202361059,-0.0646312749044975,0.45613604370683,0.538610893329774,0.0137328660600468,0.250487785022152,-0.390565701138774,0.448298086990352,0.58283346514682,0.601941581687356,1.23373713606213,-0.100037931614628,-0.247508218694419,0.558319661470436,-0.961611059755452,0.374414577067093,-0.540733399380417
"69",-0.320120421500536,-0.593561509619831,1.46927366499588,0.212599885359802,0.197518208111906,0.58515728527949,1.03913783285932,-0.298813748529618,-0.230811243446238,-1.47102992477032,-1.54582625016594,-0.612377383753896,0.117388680808512,-1.80950638375885,0.185753089394548,-0.0372313373068924,-1.1670249216746,-0.258089561661482,0.142470402591445,-1.67250761217686,-1.92405361388833,-0.321291618233014,1.33690366343864,1.18927983033757,-0.272652930600169,-1.56414691793119,-0.583044335387981
"70",-0.25234936416174,-0.24129079053753,-0.30656473069078,0.0498837719838643,-0.387026899069473,-0.594299912320033,-0.671083546884362,-0.27520771411499,-0.236500973432619,0.532364871518735,-0.776137419297959,-0.443652548186539,0.133317240192449,-0.954777091359866,-0.1904257096654,0.654056442229553,-1.52842725833279,-0.0398279278053128,-0.562110497497155,-0.768019759660365,-0.616055155905957,0.429976387729092,-0.311812253843013,1.69718128361588,-0.0220532174621936,-1.72635528907543,-1.10604084348633
"71",0.0358389131257318,-0.192026334676362,0.263409952338478,-0.682338738207857,-0.48863869475042,-0.349246414905047,-0.306950652143603,0.193147746704558,-0.912752550538912,0.571123859192215,-0.253642440462209,-0.179025425401303,-0.021030500237866,-1.14494016438516,1.10126989444407,-1.8349181637238,0.728638309045826,-0.105350931213472,-0.385965272475005,0.0415569239729374,-0.681652193343805,-0.351467053089867,-0.686427706482973,-0.88151260121982,1.08473109916685,0.31721262443887,0.54598272002577
"72",-0.342646303516189,5.01924511344591,0.145662844917163,-0.356906511455981,0.0925763857009975,-0.965535387715359,-1.05706022079532,-0.325320228405744,1.05238408576651,-1.09171202548663,-1.25858319481187,0.966624871856325,1.23985434989506,0.454467110524084,0.913051392130954,-0.0601481203129158,0.323411596671301,-3.09082990202263,-1.17861878507468,-0.33330775392918,-0.394067341919253,0.173801219735087,-0.420985882521785,-0.745526847932619,1.32340437994924,1.00440766156168,-0.386150271166962
"73",2.60438116678953,-0.125322935070285,-0.74886778272619,-0.519622624831919,-0.703805613978778,6.69347810714715,6.15526426526467,2.33131603191225,-0.705152073150142,0.704172223325069,1.13655874119513,0.235288599802493,0.00401481695816234,0.11637157021603,0.00179089808897052,-1.27459216676244,1.31023703326886,1.4828614763409,0.58283346514682,0.965614534821995,-1.36956142947052,-1.22500150980007,-0.55421043052189,-1.31755958830221,0.324204243727135,0.898114209888894,1.15661960271507
"74",2.72758904998614,-0.173758301214101,-0.838781163528461,0.944822395551524,-0.756518015010602,4.37249481471019,4.06095016478628,2.65156371296629,-0.685339987575367,0.723403260484818,1.47101392870677,1.09683952160106,0.579545474198313,0.784763299646716,-0.78165627241225,0.276539349811552,2.27015273715771,2.57893810519116,-0.47403788498608,0.225116127399687,-0.946109355347844,-0.632033256924419,-0.405111592920647,-1.98734859787249,-0.522333698476433,1.0357984131881,2.51907365803534
"75",-0.241800787260775,-0.337492563158421,-1.12546173196016,1.43297073567934,0.00336097466571163,-0.576692675004334,-0.662989199096559,-0.288771075292343,-0.615283199286964,-0.696085235249282,-0.388413061203669,-0.805344030797927,-0.365365538370811,-0.615200175243252,-0.05934028536082,-0.671790651491771,-0.702117419458915,0.128932328933205,-0.738255722519306,0.534800069722835,0.956391209096073,-0.111943519128486,-0.277756341609458,1.41321532848365,-2.01743525947352,-1.34445934639488,0.166493005166041
"76",-0.289747523231986,-0.521479776036361,1.65249922259387,0.293957942047771,0.020034408916283,0.116525108781131,0.300249004985748,-0.27054815293693,1.12831234781253,-1.59673468524611,-0.805032850752437,0.475597677261499,0.269837783467008,-1.35108332758066,-0.208878504009801,-0.729545993861901,-0.301852188052356,-0.220781459927567,0.0543977900803699,-1.75727955573163,0.256233794023078,2.70852828121551,1.57119600372823,0.213659409537886,0.463421184834954,-1.59813862540159,0.444545652847076
"77",-0.438448570217676,-0.750926775846595,1.53237333933926,1.51432879236731,2.74766966837039,0.318597927998428,0.634139258413888,-0.383879892411185,-0.166535488271172,-0.641167627614077,-1.30322292591528,-0.758855317995787,-0.941473066778576,-1.53989423913003,0.328487851936063,-1.4245533066571,-1.07989966513975,-1.16896600129016,1.0231965277022,-0.464796534968074,-1.30889130425056,-0.390559595548453,0.286395712418567,0.97336271379632,0.642377646563879,-1.29481768971281,-0.842570014938033
"78",-0.164926174282384,-0.695695114314908,1.10071556890969,-0.600980681519888,-0.410733320047775,-0.13924528994169,0.0565855120591371,-0.169535943520089,-0.55789387688929,-0.209683295981837,-0.611390618405413,-0.493745306958275,-0.258870165752378,-0.525017453258186,0.203260821752796,-1.62244562108005,-0.491049145398733,0.547303588165889,0.40668824012467,0.279575316975158,0.324607005611949,-0.0662546145112874,-0.686427706482973,0.393445894757408,1.22314192189485,-1.03201628569032,-0.369105808207488
"79",-0.144271401591881,-0.607080486559704,0.207679060418067,0.782106282175586,-0.303988324679997,0.346086745988191,0.474356595586226,-0.150898323434555,-0.196226380483951,-0.0371974869119017,-0.865272646172757,-0.703914949003173,-0.126451015760534,0.131869040213297,0.100481216100144,0.669006700723667,-0.288993686232677,-0.0136637639038554,0.93512391519112,-0.100280567890452,-0.186025246058525,0.073457223832102,0.130116926007904,0.272750248069429,-0.20989973231605,0.0973727417646626,-0.385269714995032
"80",-0.200533018795384,-0.158795160189694,-0.377226907807111,-0.682338738207857,-0.21067565226662,-0.519814092138279,-0.60485212394142,-0.194862494792036,-0.608405230506052,0.627433514033217,0.231654237829969,0.806929754847694,0.745783847283818,0.424427614098386,0.762764991569615,0.275492354035924,0.157608784647575,-0.598220859323839,-0.385965272475005,-0.247903277538418,0.95054961175864,0.996445773440252,-0.382154904375517,-0.174569033140871,0.648883081271599,-0.442883594034045,0.298343483685951
"81",-0.0608943868608543,-0.113482346879757,-1.18342733487252,-0.682338738207857,-0.552844666410619,-0.146935906919597,-0.215109769117813,-0.0837494691536766,0.0925487171605786,0.653068585315196,0.795423340074191,0.874229975416725,0.414260963062272,-0.143591954678499,0.494032558816457,-0.596716323859722,0.0545764444798449,0.219946308767934,0.40668824012467,-0.637995290045895,1.07583166508894,1.71628441655688,-0.686427706482973,-0.195450456994881,0.756930000350713,0.263057487323829,-0.249770554083359
"82",-0.512146597697348,-0.399064430447204,1.56062939926748,-0.682338738207857,0.837390825205968,-0.78435433511598,-0.845820323473494,-0.46715766713502,0.555260339660236,-1.66087358422533,-1.49376684180482,-0.483278974260782,-0.0800789488095311,-1.3233249052151,-0.0921116414368717,-0.837848811950102,-1.79188836637952,-1.81778307969739,-1.17861878507468,-0.0958696772846348,-0.884448385366216,-0.361014324835084,-0.686427706482973,2.27563042491203,-1.71812795873894,-0.929641349910061,-1.56878041698995
"83",-0.0540092636502937,-0.515904413074928,-0.122584249312024,-0.519622624831919,-0.308074959432281,0.016341398836718,0.0194901183314059,-0.0765437664116414,-0.662156858237567,0.470561437040225,-0.311336387107353,1.02416138138311,-0.114803510027813,-0.284854476263785,2.70071242703369,-0.0563750357822063,-0.158675066097759,-0.0775358953965749,0.0543977900803699,0.383286632588405,1.77600418501902,0.45079557417969,-0.686427706482973,0.283793544359343,0.557165515157411,-1.09195455789095,0.229341795517514
"84",-0.395048733384307,0.331122615748339,-0.236090310612805,0.212599885359802,0.6159289279797,-0.0125651226568106,-0.0144342403844427,-0.363518059170243,0.862605659940705,0.448017060394754,0.512501707790046,0.831251229882304,-0.474296036614671,0.35137155879108,0.0968633040800308,1.63926611878088,0.96397351043242,-0.0113282491979035,0.494760852635745,0.19514458668371,-0.297986547900463,-0.282842980707397,-0.686427706482973,-0.839435586209152,-0.163015783426203,0.727226367131398,0.878824819441937
"85",-0.314466567587432,-0.389250663059488,1.16730641415925,-0.682338738207857,0.210147066590739,-0.41938310423328,-0.388808784738705,-0.310207609998306,-1.27359705731924,-0.462700858274029,-1.38383222383166,-1.81385510898123,-1.33934178908972,-1.28701180388477,-0.0680347267687707,0.062022245249278,-1.74216653961582,0.106133394103444,-0.209820047452855,1.03614043231693,0.165295184841914,-0.922802874741473,0.85059751687796,1.94727547033242,-0.66615082166637,-2.04163247395715,-1.03543903608984
"86",3.9404991825926,-0.648555151133783,-0.0435817140532157,-0.682338738207857,-0.827663479972235,2.0361805504918,1.90244175842943,3.70957015480962,0.752016535718575,0.511721764942257,0.707244216375918,0.215544896255392,0.42443062550452,0.855019470318709,-0.776426611143636,-1.0854183690375,-0.247251158357738,1.62576283598366,-0.650183110008231,1.09097027470244,-0.442777023785969,-1.09832715582573,1.64124823437566,0.0661815167386146,-0.0950868003917985,-0.280624811756064,-0.073446039322475
"87",-0.0823377502119767,-0.644806236450718,0.753058365280429,0.0498837719838643,-0.509524579305731,0.666485560213768,0.875601637843333,-0.0897503606233536,0.503806452501192,0.355397005848626,0.644260697255663,0.0219493958636789,0.385765481355372,0.427221985858914,0.100185478798518,-0.530750939236327,0.310698005176274,1.47281340593161,1.81585004030187,-0.494573761966791,-0.741628496179616,0.0685454363719233,-0.458347620337753,-0.278634398636905,0.300604311647565,-0.0494745405446033,0.353936609956711
"88",0.093475388785426,-0.120759100672235,-0.548200644237319,0.131241828671833,-0.529546375000699,-0.165891035711735,-0.0794622944130254,-0.118923365540647,-0.273607264001983,0.639776728974384,1.15300811836402,0.844418634602291,-0.507906828507016,0.864803582004085,0.618179885202488,-1.24646466199824,-0.172258681088359,-0.660142736824888,0.142470402591445,0.496179488471252,0.133986774527179,-0.388355408720472,-0.0857511711982563,-0.353321219348814,1.83227595996551,0.249195611056721,-0.718097526863898
"89",-0.152568142977862,5.91962328649237,-0.881183181108823,-0.600980681519888,-0.508187706343691,-0.776318329925662,-0.913316992410357,-0.15379309737974,2.35611280843371,0.756032590629563,0.343283008165922,1.08891222611561,1.04124512507664,0.871912526370883,-0.566928912656966,0.356179305992866,1.08198841425279,0.231051277494422,-0.826328335030381,-0.190599615185359,-0.543186331338055,-0.0647209799341369,-0.686427706482973,-1.24648217691371,1.02043209837263,0.718477516218643,0.810236157584382
"90",-0.146403090763448,-0.667893107989277,1.1259911644417,2.49062547262294,-0.171241941378676,0.941600985814029,1.44631725318281,-0.150932297791968,-0.133131277681887,-1.02783716912895,-0.980719751922336,-1.41975301081007,-0.735009534819141,-0.418862976470369,0.76723567221451,0.135283787627689,-0.0369349590262493,0.265600635523795,0.93512391519112,-1.24692447171499,-1.513340717988,-0.0695875915687148,-0.455704297698549,0.00703714065577117,0.628758476952986,-0.417365294921519,0.0285904808384979
"91",-0.293532956548406,-0.249273639168611,-0.261415781646926,2.73469964268684,-0.454207968780138,0.299416193091462,0.345505040132601,-0.17296073742958,-1.13932017927343,0.482553224122157,0.0441563129439806,-0.492975299343518,-0.168299480887728,0.747352200674664,-0.237005578884312,0.687004439722665,-0.342413900894428,-0.15433639864019,1.0231965277022,1.08818996293309,1.11408154058914,-0.780725698783537,-0.686427706482973,0.244032315353199,0.542364335502296,0.0627863391879963,-0.62462998471355
"92",-0.0149215657310921,-0.0172961283088554,-0.0549887042080694,-0.112832341392074,-0.572355785529967,-0.257043146384027,-0.200306883943412,-0.051907148183521,-1.17682260805836,0.735608031405432,0.767804063520474,-0.0209753445049225,1.09076846425215,1.24259426220201,0.219636386877231,-0.652300185173747,0.387003228531685,-0.0241172858296638,-0.12174743494178,0.515421474105009,0.0367794129791573,-0.446600657689951,-0.686427706482973,-1.03675207613146,2.03033972837074,1.50951232188913,-0.721584269374666
"93",-0.490967922374774,-0.307472834650539,0.439034752770196,0.538032112111679,1.05671469567734,-0.768435524787516,-0.850583756560427,-0.446549537756714,0.458165434214056,-0.980054943421138,-0.706568195201263,-0.0841206486928394,0.927754139466116,0.618230816844839,1.46550602161566,0.857260913216342,-1.62120247342314,-0.947351454156146,-0.738255722519306,1.27898954545839,1.09131009047438,-1.02048524031854,-0.14418270444807,1.81737265591927,-1.75190194355063,0.437482596619306,-2.03737177394772
"94",-0.10048196065867,-0.129141959690554,-0.467248601979502,-0.682338738207857,-0.579990171931453,-0.233186285379682,-0.184539956066561,-0.118753782090499,-0.815189338972196,0.73003460759054,0.571610114212773,0.776022976483495,1.74712708628238,0.670866285412408,1.95335480975996,-1.15212554114898,0.0451358646444501,-0.0494727083764954,0.318615627613595,0.328690884113708,-0.109815687559618,-0.321704401470213,-0.686427706482973,-0.382430053655447,1.29415883565299,0.583298942953077,-0.53652788995698
"95",0.0792711894093528,-0.34385579490854,0.117611943080755,-0.682338738207857,-0.40526643753187,0.68515146510028,0.673939941438425,0.0481189157059444,-1.32099861205375,-0.0294758673999378,-0.284507723366647,-0.790864982582019,-0.0745850870708915,-0.474685589263963,-0.940070479907487,-0.285532290236252,0.0482289268949617,0.465606035778218,1.55163220276865,1.0659032598579,0.163614092884834,-0.951898570084404,-0.686427706482973,0.0206242022549433,0.417938887267957,-0.430820702795497,0.176806677751565
"96",-0.140782934545549,-0.414870752663925,1.02645842965456,1.59568684905528,-0.280646979785544,0.316930547302319,0.420749597036054,-0.144174937557698,-0.635340671496186,-0.601131606367755,-0.540347045294257,-1.91965089576692,0.787522812040511,-0.143873245320016,0.4548381432012,-0.676192070439606,-1.44676252234945,0.147677764824462,0.23054301510252,0.767979166701663,0.401182467183243,-0.585135769170006,1.65789484019709,1.25020767251173,0.408352536402519,-1.76020039741239,-0.962245588110504
"97",0.0107035146278847,0.0609323295882597,-0.608938122149572,-0.682338738207857,-0.570929750507687,0.166778671011492,0.2937853796171,-0.0267102005722034,-0.687330462745038,0.722028699864699,0.862278402428855,0.426031252220967,1.95303653287524,-0.0385749717371267,0.424217147341319,-1.34702914611916,0.194866209560716,-0.429509999519434,1.0231965277022,-0.322467513896811,-0.514686425944672,0.0779312469389436,-0.558577319926261,-0.578193567260491,1.36556106805842,0.742859934745359,-0.431459935268477
"98",0.12809120840431,-0.231940156169138,-0.40285135634526,-0.682338738207857,-0.503258205558975,0.190027809493594,0.34027213312389,0.090423562352958,-1.27916476240038,0.48876648341386,-0.145436563613312,-0.601032831713624,-0.378636934897095,-2.31308475582632,1.38096896626496,-1.06487306924754,-0.519844093425628,0.141210307252673,0.318615627613595,-0.271309490410694,-1.19903171114704,-0.438855015621606,-0.448210656393302,0.175810569981451,1.56811278548957,-0.348355874650591,-0.825430810908134
"99",-0.228661213281011,-0.166887490545913,-0.704760573573439,0.131241828671833,-0.221870931660091,-0.304717285871526,-0.376605649185717,-0.231185077834742,0.831241097398713,0.698798935660854,0.386603409323708,0.980168632966318,0.948913475766385,0.406843518629683,0.958325712902708,-1.12587354163997,-0.333694934463851,-0.210536161859618,-0.47403788498608,0.782938837968,0.694236152118625,-0.513147228571982,-0.448210656393302,0.494600335220716,-0.14484597906455,-0.57864147771461,-0.126575402862198
"100",-0.374388620193907,0.0509705012284932,-1.05075485872353,0.782106282175586,-0.0268529444799748,-0.584760272545429,-0.666268809475709,-0.35093023515081,1.09575540186775,0.530054254585779,0.534883294829367,0.353049185339206,-0.894379855038175,1.16071484563896,-2.14949737589802,-0.446479796628777,-0.959200348777811,-0.635951861305544,-0.29789265996393,-0.838811174924807,0.713927042339779,1.72802860258496,1.09693364226722,0.915693302990019,-1.17477848777876,0.444382374690772,-1.21664997809692
"101",-0.279072978955029,-0.22899069330305,-0.378811014809361,-0.519622624831919,-0.292970475735928,-0.398650955209406,-0.431715458648905,-0.268788055843004,-0.784790949161381,0.366909522652682,-0.952428530678095,-0.743545217891284,-0.0970525216438408,-0.501044531101918,0.319970729648344,-0.558951718493541,-0.890708413467713,0.411965293349003,-0.209820047452855,0.833722612673973,0.214489005255502,-0.709543506332455,0.934001955034355,0.861793096465309,-0.764520942804004,-0.0604988438771481,-0.945292638612878
"102",-0.441400205612614,0.919252033043509,-0.983330062496552,-0.682338738207857,0.275350655464296,-0.728428581475396,-0.836187949264641,-0.40586520663782,1.62417733927081,0.613989065116325,0.929913440510994,0.98280316491715,0.35590601197051,0.773978117961079,-1.26683871308994,1.52656588676091,0.998779098118716,0.372700949473545,-0.826328335030381,-1.19692033559603,1.3241966847223,2.98317844469036,-0.686427706482973,-0.763807540342266,-0.707790139139514,0.919836774261444,0.927406331875173
"103",-0.361512182989089,-0.240186217095346,-0.396617663640601,0.212599885359802,0.127134086212946,-0.573068719436956,-0.586885157620827,-0.327735858259308,0.0745076450287857,-0.146091416671602,0.0562811818657318,0.190840188214237,-0.0901727007021271,-0.10286762413139,1.75348072903131,-0.185494437263072,-0.123711724307851,-0.150177127735758,-0.826328335030381,0.00654496423098385,-0.584120140183717,-0.266156897434055,1.05010747715046,-0.188815229217428,-0.10037663678947,1.00968361376035,-0.627083741857998
"104",-0.401992821827195,0.113167914541955,0.170062396544627,-0.682338738207857,0.594376132448709,-0.646795445428785,-0.71890153369737,-0.360578696089084,-0.73621240854362,-0.376198409838286,0.0118226440737488,0.693685890852576,1.24877149876446,-0.358719728011642,0.930994109233336,0.327916500296757,-0.871596487579986,-0.913625670575908,-0.914400947541456,0.930582737038474,0.352130538055011,-0.772466146080973,-0.686427706482973,1.10145065973344,-0.0303328177735301,-1.31823098046328,-0.475774161850116
"105",-0.184107210897285,-0.870440894915503,1.11296982832638,-0.682338738207857,0.81138081625687,1.02186047446737,1.42881206701214,-0.187784363255457,0.466578349185555,-0.394258536226124,-0.245410827744866,-1.17596225926056,0.264810244210156,-0.985475685634184,-0.090946782808621,-1.1601091510322,0.580044640884435,0.193363462136891,1.3754869777465,-0.957437486055349,-2.17052199297966,-0.896093886857385,-0.495265924336874,-0.183849664370926,-0.747945300632426,-0.365414048509965,1.07769009180778
"106",-0.417960519965219,-0.71688901612423,1.17083110316332,-0.275548454768012,2.0960731985286,-0.307723677535357,-0.0869194351616012,-0.387325984092741,1.34357505239566,-2.53598245035337,-1.03235610283734,-0.916328101056177,0.17126049508313,-0.443206672275096,1.75249810089728,-1.05650214627866,0.869626414539212,-0.216515719541122,-0.650183110008231,-2.14362027799844,-2.06318989498734,-0.292710506181125,-0.686427706482973,-0.517819878909804,-0.56175656154613,-0.0391151738071817,1.2396081326512
"107",0.455282532848993,1.18428278280114,-1.01626100632219,-0.682338738207857,-0.195315583871684,3.02220011827344,2.58533968824304,0.43741593534891,1.9299006978675,0.690382221694871,1.08312750637053,0.767019025964669,0.877818105797487,0.330645771598637,-3.04621531058766,-0.333635037852197,1.92223295844376,-3.09082990202263,0.58283346514682,-0.0248352511139479,-1.64696460153836,-0.863985263701428,-0.686427706482973,-1.58042566571355,-1.12162114157119,1.55231134748779,1.88710215354885
"108",-0.0390011654731378,-0.291576121035006,-0.241004266034341,-0.682338738207857,-0.421509454643511,-0.414239677468964,-0.41771060528667,-0.0628078154994709,-1.34004477460743,0.334554692189512,-0.111010832620465,-0.0876864351009556,1.14462961415834,-0.196388645366088,-0.972663730787603,0.565109607379506,-0.169650988128738,0.298847637759339,-0.0336748224307052,0.499911013733747,-0.119014763562625,-0.492782137223356,-0.686427706482973,-0.0178133351827131,0.582104115922143,0.625560393490107,-0.704357166804524
"109",-0.484583528734278,-0.778889665956886,1.63218715016852,1.43297073567934,2.57572241467062,-0.712249778060509,-0.61728056343778,-0.445673961915953,-0.491886190847632,-4.36918254406226,-2.351101213579,-2.7005956202247,-1.61559808382601,-4.46301758780029,0.433392160607033,1.25322659745488,-1.35751530875376,-2.12076304237463,-1.17861878507468,0.064257168272256,-1.57386031780664,-0.865035503082132,-0.686427706482973,1.30383585892718,0.0454828014191016,-0.164127376033324,-1.74497741969466
"110",0.0636868729039006,-0.905009046906823,1.41500996239327,-0.275548454768012,0.955533276291531,0.529531651724823,0.911499895456393,-0.251633730991301,0.460448175821788,-0.270171693269052,-0.23658625987416,-1.30415975647411,-1.70243831883368,-1.16706888527648,0.377883542587912,-0.994947642043829,-0.227480414350327,0.149100713335334,0.58283346514682,-3.05370046794539,-2.15056932876859,-0.00124900733952799,0.154338278879835,0.0661815167386146,0.806797774897284,-0.538002856143945,-0.161193613552966
"111",0.380216448461903,-0.19957842111836,-0.0538655842375774,-0.682338738207857,-0.428554006737935,-0.569930653121188,-0.618222771476019,-0.148199698185533,-1.21589538647836,0.756032590629563,0.70978735446913,0.306151035118474,0.913067070740053,0.653407926475425,0.505490254518384,-1.46751713834355,-1.32335431342146,0.0782296522654358,-0.12174743494178,-0.0299094217782341,1.17797114768936,0.805661134538734,-0.686427706482973,0.917968864103374,0.600367484944733,1.0353559753329,-2.44582751135847
"112",-0.264736731804415,-0.372720047700058,-0.945442824358806,-0.682338738207857,0.143829466164176,-0.638011700182414,-0.685359777524258,-0.25579384948518,-0.843626542343601,-0.0246720704733219,0.338139946841251,0.160351717592092,0.642783487964923,0.544585599801189,-0.325649118051762,-0.125572410243669,0.636142183727138,0.0381647818619933,-0.914400947541456,0.680269067738876,0.593141571281917,-0.424374581308577,-0.686427706482973,-0.119683001180637,-1.49618007554538,0.229661040771461,0.969524149302891
"114",0.203662832303163,-0.0141081265955447,-1.15544986259571,-0.682338738207857,-0.643205658307826,-0.606186504144966,-0.648929729005711,0.0502170610061373,-0.483131975704182,0.726157279336153,1.51627467342249,1.52354449327389,2.28349411897427,0.878938255669853,1.1389935873157,-0.210130816605957,0.886147703351597,-0.0938711669048534,-0.738255722519306,-0.298753811226871,0.34748830892987,0.654843472415972,-0.686427706482973,-1.00650922697212,0.472933827086104,1.13037042754957,0.438767953768475
"115",0.00420900153835812,-0.363266163525649,-0.936136928785626,-0.682338738207857,-0.476680368955757,-0.0646273526838901,-0.11482354048141,-0.037035310190383,-0.536504745932424,0.695627483130382,1.02812867990567,0.859484769727413,0.61844885629475,0.645182983180273,0.18994372978092,-0.707848209858877,0.731930123830176,0.439930846207008,0.847051302680045,0.724524159675931,0.390402137460645,-0.541035605263872,-0.214031195233705,-0.770999145501723,0.490658484861775,0.175446331760807,0.764917241004947
"116",-0.227691715503724,0.135781454117436,-1.7672685404285,-0.682338738207857,-0.291669850496509,-0.733687900324699,-0.804146862417332,-0.191091568909354,-0.040595535201964,0.725455706468195,1.50818639820348,1.47075761080467,2.22326444690701,1.39925772391305,-0.729092610438175,0.565080358316964,0.562753515303588,0.0618390501612852,-1.17861878507468,-0.923945910800488,0.417408284639569,1.57997736829271,-0.686427706482973,-0.351250670332361,-0.761893486791988,0.831463604970829,0.410540601716345
"117",0.109397938718529,-0.277677174459905,-0.822136881073707,-0.682338738207857,-0.442655994848959,1.15195327841491,1.08277703307907,0.0811218982009894,0.486151253404961,0.590865700497888,0.512153197739082,0.288225100517999,0.447213915971506,0.710741564405841,0.42874991177354,0.773381122527256,0.918898627520273,0.582141796426368,2.60850355290155,0.780722838931159,0.251578382001611,-0.644193998762027,-0.283273622641129,-0.547112178313861,-1.00839153451809,0.218808528667511,1.27425676893215
"118",-0.173039964673227,-0.230736743686603,-0.465632401029407,-0.682338738207857,-0.700999525082907,-0.809115278733338,-0.87666501468028,0.012456442826071,-0.7235993852565,0.586933155494753,0.218135182598973,0.292417134221884,-0.748669847980769,0.603572247328016,0.507873528368306,-0.604180283699216,-0.00784871215759787,0.43890090694342,-1.09054617256361,0.0361996446192012,1.01726166354068,0.613075716827204,-0.686427706482973,-0.19965540702158,1.68657826503038,-0.754122283986065,0.0298948220165665
"119",-0.23017367380615,-0.314614877878117,-0.508414405882724,-0.682338738207857,-0.208655537163602,-0.571020813853159,-0.630387464864567,-0.233975307814543,0.342092091622697,0.618369261938314,-0.182255162414231,-0.588223884447144,-0.607949909658211,0.0908856193026738,-0.475036605486101,0.0453680552369363,-1.20827198779494,-0.155631412081813,-0.650183110008231,0.0530438403075916,0.0471709903170006,0.0462827607460951,1.07758434774563,1.10408784319223,-0.346618522956755,-0.572082722475693,-1.16461546242124
"120",-0.0870299192306294,0.128642949078621,0.228954896477731,0.619390168799648,-0.522072140106026,-0.0571024845966272,0.00436131895825107,-0.0840629696102804,0.795744378204365,0.756032590629563,0.814445985114753,1.70727748552342,1.13032484208415,1.26828522361424,1.29291394209025,-2.39389124250665,0.816046289547319,-0.861698781278971,0.494760852635745,-0.0576267021566842,-0.35630781017201,-0.0730936741460355,-0.686427706482973,-1.12657760062469,1.32658357425934,0.914354974354741,0.296461163881334
"121",-0.211135930243772,-0.229487893186207,-0.227199516098015,-0.682338738207857,-0.545704238723804,-0.822285077392878,-0.891027279461395,-0.104438587579844,-1.21369973690298,0.684849047092184,0.683153644037804,0.258747177866658,-1.98518115787068,1.07002221524734,-1.85743238518682,-1.37551915263426,0.674042298205421,0.48652567588847,-0.914400947541456,0.997672204609257,1.97742383379554,-0.466197193459359,-0.41371354005411,-0.419874693306887,-0.705403219647737,0.374497616679158,0.80355229663914
"122",-0.129372788658953,-0.197698647885078,-0.493877900139219,-0.194190398080043,-0.444212657511076,-0.85066161482782,-0.890760338171345,-0.209194054994852,-0.388501438157412,0.732268654802246,0.889317722379127,0.458171740803258,0.867180844187602,0.988795716917774,-0.485788959610855,-0.984243834654724,1.00360525793664,0.905587418781363,-1.26669139758576,-0.0254696346134193,-0.768768113367112,-0.346867770122835,-0.397305373975178,-1.36883923784775,1.04767025202388,1.53262853452064,0.28313793995443
"123",0.0822027641289388,-0.177269090470346,-0.828817029350257,-0.682338738207857,-0.603393758087987,1.08454821930745,1.28279038683611,0.156991030902422,-0.819521296242531,0.640862164537753,0.801979000277708,0.746471033458351,-0.0987087748335145,0.925273049831557,-0.148487540700847,0.0963297015767487,0.222214144799333,0.476978074310346,1.11126914021327,0.636838132488412,-0.0515478575274078,-0.599115891327145,-0.334516148879733,-0.141585870443342,0.644585787407608,-0.979024430616464,0.672176233545243
"124",-0.224452509207316,-0.52109146008725,-0.665663723182163,-0.519622624831919,-0.0136681782780145,-0.360781697402987,-0.360212508465487,-0.264362822710658,-0.480289190920197,-0.761195526862782,-1.40857335074996,0.0243072489288489,-1.23946972175245,0.165385722842991,1.19807888940369,0.1404982162208,-0.369512027103352,0.371522251555487,-0.29789265996393,1.21982263938918,0.318246528639327,-1.07327156267977,-0.686427706482973,0.528920588220097,-0.84158511763271,0.601058265360404,-0.679452788403974
"125",-0.0816339194783769,-0.698574493069611,0.865846661723112,0.45667405542371,-0.363139045147334,-0.232558461904517,-0.102364440296238,-0.0908417822068441,0.777792948131252,-0.305846192333492,-0.306973383741885,-0.1392207035197,0.484292347931261,0.095832306258068,0.239038301931143,0.593933792843908,-0.402005888782305,0.663840675190191,-0.650183110008231,-1.16033775237078,-1.28863785583535,0.114386071206855,-0.32539927781376,0.471348626659773,0.308787341055389,-0.863217231357676,-0.146395673749918
"126",0.569475605897057,0.0724321075424909,-0.860208503185171,-0.519622624831919,-0.54548737199445,1.41440451439823,1.30238570207445,0.471282347995559,-0.265815540507225,0.756032590629563,1.78731030500423,1.33940524263959,1.93849150543279,1.21851517178647,0.232711636902727,0.0836763689391011,2.34228815036951,-0.428755962111361,0.58283346514682,0.552381694736877,-0.196837882463809,-0.572448361253256,-0.686427706482973,-2.29219378199128,0.154184339097815,1.63180709187837,2.15155738119568
"127",-0.171697082776732,-0.340109687327158,-1.02427923064189,-0.682338738207857,-0.14122761946883,-0.619118933867696,-0.670931218765498,-0.183264581371706,-0.712683140772944,0.356328716510917,0.314906466322249,0.253012017405233,1.05464078239461,0.414618798938972,-1.59950012020636,0.516525832032354,0.325933617534668,-0.211363717146531,-0.385965272475005,0.712775018397146,1.00695714865151,-0.32801002259726,-0.340628762804418,-0.198352086118378,-0.2676387035528,0.156786775895226,0.380065112703501
"128",-0.40152779929688,0.977831708585551,-0.565447476740526,-0.682338738207857,0.0109575590750463,-0.863078004311975,-0.958464336807743,-0.390498552857271,2.26442198472494,0.549537597592696,0.946556171719374,0.585752384263679,0.560577421314423,1.15739132688547,0.260488437848687,1.02243864294834,-0.207900507640302,-1.35101772937666,-0.738255722519306,-1.17624120030754,0.667179803293171,2.23389463616469,0.389687780996768,-0.00332521593757806,0.0719377360938688,0.641694462023513,-0.609355111949799
"129",-0.445832164190391,1.25607580723986,-0.470242943925536,-0.682338738207857,0.433172365820002,-0.335347653899669,-0.408924534207323,-0.410694178155895,1.56758653849959,-0.0938512649517494,0.538859212556109,0.223029329482868,-0.98646048449806,0.99416547889144,-2.34474466104076,1.41813927032147,1.07929608790667,-0.186775579536658,0.40668824012467,-0.152387302864145,0.13930138536947,0.335346532015221,-0.686427706482973,-0.832195923494268,-1.0021637875506,1.33414942001171,0.869775637827251
"130",-0.177854535271559,-0.366098419271587,-0.655637276704744,5.17544134332591,-0.202341228945933,0.0187297110390642,-0.0231882465034128,-0.181355214348456,-1.09326320012748,0.441439547546558,-0.135104647630319,-1.91486440584312,0.0978116804483733,0.148388998294646,-0.000708931256202189,0.844608645285466,-1.01703221780861,0.201721476457744,0.75897869016897,0.428696568561041,0.439807978625357,-0.188046922865897,-0.686427706482973,1.23838092330403,-0.103234163143867,-1.26424467080094,-0.682009506262024
"131",-0.42788490172917,-0.326044140968846,1.37176442648193,-0.194190398080043,0.275250512710798,-0.361875312072256,-0.208202058232775,-0.394634035255449,0.644105114262112,-0.330653779368337,-1.22954940976447,-0.304021960578304,-2.30402156063752,-2.12292168280101,1.20426223497102,-0.943432849520012,0.64414381921685,0.371688727274538,-0.385965272475005,-0.555791378301549,0.801939297147639,1.35922301905917,1.7401858163181,-0.687410587934074,-0.98996241389862,0.777293972297289,0.715564609847924
"132",0.586083113068371,1.52265065898195,-0.78986878047718,-0.682338738207857,-0.674066519076659,-0.403006445261221,-0.599381978447289,0.466162809974377,2.27461135209512,0.704803778149381,1.2018791557031,1.40043898958932,0.815828546760566,0.425892955387441,-0.87418721031381,1.42964777718469,1.74567578439352,1.45976638246239,-1.44283662260791,0.672490869722199,-1.14915954430294,-1.00446343861184,0.158159864536462,-1.23923694812971,-1.23923626271796,0.0211478743453821,2.53592999444956
"133",-0.104199908453695,-0.444449501292615,-1.41764524888187,-0.682338738207857,-0.452755361238175,0.174775630428884,0.100622356966817,-0.113854102920388,0.281257845865997,0.475088964787327,0.863347519806168,1.09332865569843,0.927754139466116,0.704139646390151,0.0480298832546024,1.00283130530201,1.06216090271135,-0.073792059506923,0.847051302680045,0.238682893159588,0.948402265044584,0.287018696589173,-0.686427706482973,-0.898637129264646,-0.612727293091389,1.22787380488116,0.828525444619767
"134",-0.104920642690437,-0.553674007239425,0.646672900959686,0.0498837719838643,-0.295844736304902,0.238444190749574,0.290375426864849,-0.127351157461903,-0.801932898302819,-0.318171571064308,-0.679800465843889,0.134872123561929,0.33704739972744,-0.540040484476105,-0.793371593091748,0.776553888489807,0.0938840427878068,0.505534098900346,0.847051302680045,0.558975806688836,-0.353651502295642,-0.637640661357882,-0.686427706482973,0.154260687049749,-0.183296229875427,-0.536771380313615,0.40954813359636
"135",-0.0637285727931159,-0.0954382617546472,-0.776045344865743,0.293957942047771,-0.579352803010347,0.251348502992474,0.223172927920279,-0.0764718100074549,-0.704607623165689,0.719397683697668,1.27594974571468,1.07515288110059,1.49945172118642,1.38569149972079,-0.946286439859745,-0.818347472375985,0.811169164296696,0.271352841616125,1.0231965277022,-1.4219099224987,-0.370465144073292,1.41552703358014,-0.686427706482973,-1.01740209594078,0.914873902777731,0.92110807246252,0.366005843399346
"136",-0.536639178433054,-0.688445693105065,1.95576031445367,-0.682338738207857,4.20784466336661,-0.254227263320543,-0.247076105535005,-0.487350769145523,0.702802448799932,-2.00307628055932,-1.61085450227215,-0.297772133819455,0.170103973459307,0.0330830282521084,0.29437450103012,-0.32930149599913,-0.161210141441796,-1.27601386582701,0.23054301510252,0.649795071099746,2.06738270354498,0.121280968965696,1.69438573642869,0.369251770361756,-1.52245322532952,-0.382715117276144,0.372828491513391
"137",-0.0372139439784029,0.21033607954626,-0.192986121742996,-0.682338738207857,-0.357368126022026,-0.442792672921565,-0.424713364614563,-0.0963881516554713,-0.850902585850144,0.689402365442113,0.502986576613293,0.675117564974829,1.50628135879782,1.35630033775033,1.00318343906962,-1.6347049257841,0.226306600735927,-0.572455318741232,-0.29789265996393,-0.0383918940296811,-0.155884647086852,0.0272548013633216,-0.686427706482973,-0.91959250437186,2.0848674015958,1.56539703778981,-0.973559582663551
