"","DISTRICT","TEHSIL","X.1","PROVINCE","X","Tehsil","OBJECTID","SHAPE_Leng","Area_Sq_Km","Shape_Le_1","Shape_Area","id","fertility","elevation","poverty","night_lights","distance_to_lakes_rivers","malaria_instance","Population","child_population","population_density","radio","electricity","television","mobile_phone","dtp_boolean","card","school_boolean","antenatal_care","age","mothers_age","dtp_number","school_level","wm_urban","hh_urban","ch_urban","urban_to_rural","distance_to_cities","penta3_in_clinic","penta3_out_clinic","OutreachProportion","TotalOutreachCoverage","TotalClinicsCoverage"
"1","ATTOCK","ATTOCK",1,"PUNJAB",6,"ATTOCK",288,2.18616218185,1090.68004581,2.18616218911,0.105943930102,286,7.53493402655187,410.912614980289,0.41399349327114,0.651746511459351,2,0,393456.659553904,37452.829191,3713819.74573809,0.123115577889447,0.992462311557789,0.763819095477387,0.917085427135678,0.792452830188679,0.575,0.667247386759582,0.908045977011494,2.01293103448276,28.616724738676,2.80952380952381,3.67362924281984,0.438729198184569,0.457627118644068,0.422222222222222,0.43952617968362,42.2393162393161,1199,4968,0.80557807686071,0.132646854918875,0.0320136028679009
"2","ATTOCK","FATEH JANG",2,"PUNJAB",27,"FATEH JANG",289,1.88092210929,1310.41839628,1.8809221135,0.126920035436,287,4.7181343734914,480.145981410607,0.488432604837847,0.548298001289368,0,0,338325.102530492,30952.700811,2665655.59462906,0.098159509202454,0.997955010224949,0.777096114519427,0.895918367346939,0.722222222222222,0.464285714285714,0.635714285714286,0.834862385321101,1.92779783393502,29.1242857142857,2.69230769230769,3.49887640449438,0.418604651162791,0.428571428571429,0.43,0.425725359911406,26.2064445658112,2378,3570,0.600201748486886,0.11533726965536,0.0768268983866799
"3","ATTOCK","HASSANABDAL",3,"PUNJAB",37,"HASSANABDAL",290,1.27983265136,381.159837084,1.27983264822,0.0370387113205,288,10.0531053142013,441.619402985075,0.409910406194516,0.590184986591339,0,0,259011.582947462,24474.180831,6992996.6165995,0.14207650273224,0.997275204359673,0.760217983651226,0.918478260869565,0.65,0.5,0.667870036101083,0.896551724137931,1.83206106870229,29.0974729241877,2.52,3.44324324324324,0.492610837438424,0.507042253521127,0.498281786941581,0.499311625967044,15.1753731343284,1101,1654,0.600362976406534,0.0675814243353541,0.0449861839136789
"4","ATTOCK","JAND",4,"PUNJAB",42,"JAND",292,3.18130298531,2122.88996139,3.18130298674,0.205458977304,290,2.8754149862062,360.239607975667,0.365268641270501,0.781081259250641,7,0,353289.81147523,35444.790588,1719515.08817499,0.141057934508816,0.964735516372796,0.768261964735516,0.904040404040404,0.847826086956522,0.641025641025641,0.727099236641221,0.845238095238095,1.9238578680203,29.5381679389313,2.82051282051282,3.56692913385827,0.428805237315876,0.398230088495575,0.394736842105263,0.407257389305571,39.4317106152806,2016,5374,0.727198917456022,0.151616074205821,0.0568771874951499
"5","ATTOCK","PINDI GHEB",5,"PUNJAB",91,"PINDI GHEB",293,2.3478440407,1544.9147662,2.34784403995,0.149286317059,291,3.57054416414309,396.510697674419,0.399279444782248,0.710567981004715,0,0,307034.400701722,29240.182202,2056681.46117087,0.125570776255708,0.990909090909091,0.775,0.915909090909091,0.857142857142857,0.612903225806452,0.692682926829268,0.909090909090909,1.91025641025641,28.9268292682927,2.85,3.61737089201878,0.44683908045977,0.428571428571429,0.399267399267399,0.424892636099533,40.2885062819918,2252,6073,0.72948948948949,0.207693644247696,0.0770173039429955
"6","BAHAWALNAGAR","BAHAWALNAGAR",6,"PUNJAB",7,"BAHAWALNAGAR",294,2.12912171388,1803.39534023,2.16642707859,0.186810514192,292,8.63854315711018,155.212710280374,0.573597426690885,0.617929657300313,7,21,939143.134216927,105054.697708,5027249.87551662,0.0264797507788162,0.93944099378882,0.501552795031056,0.770186335403727,0.734104046242775,0.346456692913386,0.466520307354555,0.722826086956522,1.96631578947368,28.4401756311745,2.47619047619048,3.43058823529412,0.453921568627451,0.4,0.366355140186916,0.406758902938122,25.7322424693195,1652,26660,0.941650183667703,0.253772564022806,0.0157251416266195
"7","BAHAWALNAGAR","CHISHTIAN",7,"PUNJAB",19,"CHISHTIAN",295,2.45105532732,1823.78394265,2.45105531731,0.169562479346,293,7.96600497671682,146.708333333333,0.675830334217843,0.68757352232933,8,0,780803.271533055,83898.1037339999,4604811.59832412,0.0365659777424483,0.96031746031746,0.585714285714286,0.807936507936508,0.777027027027027,0.43801652892562,0.580498866213152,0.814814814814815,1.89795918367347,27.6802721088435,2.49122807017544,3.41015625,0.430470347648262,0.398268398268398,0.344,0.390912915305553,27.0228945216682,1595,21203,0.930037722607246,0.252723232782762,0.0190111567367121
"8","BAHAWALNAGAR","FORT ABBAS",8,"PUNJAB",29,"FORT ABBAS",296,2.75161484274,2401.52456911,2.75161484294,0.222078140748,294,3.49679300610209,139.115845959596,0.862599338623605,0.752008001009623,0,80,453544.081434717,49017.089091,2042272.50780782,0.0573122529644269,0.925343811394892,0.463654223968566,0.868369351669941,0.365384615384615,0.394736842105263,0.631506849315069,0.728476821192053,2.00252525252525,28.5095890410959,2.02777777777778,3.25162689804772,0.333733493397359,0.330909090909091,0.309090909090909,0.324577831132453,113.488255559038,312,6279,0.952662721893491,0.128098182010422,0.0063651270564185
"9","BAHAWALNAGAR","HAROONABAD",9,"PUNJAB",35,"HAROONABAD",297,1.61757858231,1130.12582369,1.61757858226,0.104785487036,295,10.0743170035575,150.913621262458,0.717990648900131,0.579160988330841,0,1,580463.022131564,60382.327055,5539536.42389562,0.0512295081967213,0.969325153374233,0.633946830265849,0.867075664621677,0.560747663551402,0.405797101449275,0.643908969210174,0.864864864864865,2.00534759358289,28.4283801874163,2.4406779661017,3.40748440748441,0.399297423887588,0.405204460966543,0.381944444444444,0.395482109766192,26.1606080634501,1300,13152,0.910047052311099,0.217812075841667,0.0215294782994348
"10","BAHAWALNAGAR","MINCHINABAD",10,"PUNJAB",74,"MINCHINABAD",298,2.01380381391,1417.67937901,2.01380381224,0.132189415974,296,7.47025761546936,167.1008492569,0.729385124024334,0.705475986003876,0,31,533592.600014619,61534.775079,4036575.81874459,0.016,0.922,0.422845691382766,0.748,0.642276422764228,0.33,0.407796101949025,0.689189189189189,2.01020408163265,28.1949025487256,2.68354430379747,3.11397058823529,0.409703504043127,0.391304347826087,0.375565610859729,0.392191154242981,37.9068911099422,950,14650,0.939102564102564,0.238076761980391,0.0154384248383189
"11","BAHAWALPUR","AHMADPUR EAST",11,"PUNJAB",2,"AHMADPUR EAST",299,1.93178662608,1478.92405598,1.93178662251,0.137260383826,297,14.166610704767,102.583038869258,0.8124977762952,0.66727802157402,45,0,1113662.97068812,135026.127508,8113506.16722642,0.054590570719603,0.866004962779156,0.424317617866005,0.738213399503722,0.584070796460177,0.448780487804878,0.450417052826691,0.770212765957447,2.03316749585406,27.9972196478221,2.5748031496063,3.36625514403292,0.506318449873631,0.405162738496072,0.391952309985097,0.434477832784933,26.0999999999998,4222,21893,0.83833046142064,0.16213899046096,0.0312680225517825
"12","BAHAWALPUR","BAHAWALPUR",12,"PUNJAB",8,"BAHAWALPUR",300,2.73940956816,1181.25213355,2.73940957036,0.10962840541,298,15.6701441495703,114.598355471221,0.783578614657774,0.517292991280556,22,0,1055597.95547099,114256.993429,9628872.65871609,0.0421686746987952,0.933734939759036,0.487951807228916,0.742971887550201,0.838983050847458,0.669491525423729,0.502103786816269,0.81021897810219,1.96449704142012,27.7180925666199,2.5959595959596,3.52513966480447,0.417525773195876,0.391304347826087,0.415041782729805,0.407957301250589,25.0929791271348,1893,21374,0.9186401340955,0.187069511970678,0.0165679136408952
"13","BAHAWALPUR","BAHAWALPUR CITY",13,"PUNJAB",9,"BAHAWALPUR CITY",301,1.53152629898,245.826837743,1.53152630021,0.0228364694867,299,18.2712192831617,114.369230769231,0.745942277776683,0.574275016784668,15,0,202797.565078761,21939.131049,8880425.46142568,0.0570469798657718,0.954697986577181,0.582214765100671,0.73993288590604,0.745901639344262,0.586206896551724,0.552147239263804,0.849624060150376,2.0625,28.1950920245399,2.71428571428571,3.62888888888889,0.517203107658158,0.464566929133858,0.481751824817518,0.487840620536511,18.2730061349693,636,5991,0.904028972385695,0.27307371411472,0.0289892976426242
"14","BAHAWALPUR","HASILPUR",14,"PUNJAB",36,"HASILPUR",302,2.46603391559,1124.31672477,2.46603391269,0.104523331801,300,7.99757803634948,139.206644518272,0.767006946631162,0.679390013217926,9,0,488766.676434788,52490.272549,4676149.02828913,0.0326295585412668,0.932950191570881,0.53742802303263,0.846743295019157,0.813559322033898,0.537037037037037,0.594630872483221,0.785234899328859,1.93939393939394,27.6456375838926,2.66666666666667,3.372460496614,0.422604422604423,0.390287769784173,0.37468982630273,0.395860672897108,33.6009296148738,1664,9578,0.85198363280555,0.182471904504951,0.0317011118287992
"15","BAHAWALPUR","KHAIRPUR TAMEWALI",15,"PUNJAB",55,"KHAIRPUR TAMEWALI",303,1.74800543405,725.334808558,1.74800543447,0.0674442908616,301,7.53952286256847,128.052523171988,0.739989363484912,0.700109004974365,15,0,291672.648054711,33276.460738,4324645.48635024,0.0609037328094303,0.905882352941176,0.484313725490196,0.762745098039216,0.769911504424779,0.561224489795918,0.348201438848921,0.848,2.05538461538462,28.0690647482014,2.57471264367816,3.16115702479339,0.427450980392157,0.387755102040816,0.351063829787234,0.388756637406736,26.3374485596708,768,7752,0.909859154929577,0.232957466872299,0.0230793775229522
"16","BAHAWALPUR","YAZMAN",16,"PUNJAB",120,"YAZMAN",304,8.00816202689,19177.7459282,8.00816202682,1.76881531433,302,0.644568755444179,114.645255015902,0.850406557973266,-0.460483657902685,0,13,654666.722364201,71765.9157649999,370115.928475087,0.0907317073170732,0.823414634146341,0.388292682926829,0.839024390243902,0.757446808510638,0.581896551724138,0.585723815877252,0.8300395256917,2.04041916167665,27.9993328885924,2.56179775280899,3.40432801822323,0.237055520898316,0.219981668194317,0.210866752910737,0.222634647334457,183.926112048994,2223,19061,0.895555346739335,0.26559962061121,0.0309757072881128
"17","BHAKKAR","BHAKKAR",17,"PUNJAB",10,"BHAKKAR",305,2.32535357851,1830.76182111,2.32535358358,0.173854499289,303,6.66565474292313,165.587740384615,0.724675492037279,0.589412748813629,2,0,662595.031514009,75802.791119,3811204.39346566,0.0520325203252033,0.952922077922078,0.530081300813008,0.830894308943089,0.623287671232877,0.6,0.519108280254777,0.722972972972973,2.09876543209877,28.468152866242,2.40449438202247,3.42740286298568,0.355289421157685,0.332819722650231,0.274157303370787,0.320755482392901,32.7732371794875,2211,18877,0.895153641881639,0.249027769576,0.029167791414554
"18","BHAKKAR","DARYA KHAN",18,"PUNJAB",21,"DARYA KHAN",306,2.04510005276,1384.6620652,2.04510005477,0.13184421513,304,4.84631782080724,178.116071428571,0.760152435133688,0.758242011070251,0,0,360979.779108197,40405.330278,2737926.56547173,0.0733752620545073,0.90146750524109,0.452830188679245,0.82563025210084,0.444444444444444,0.308411214953271,0.404761904761905,0.647540983606557,2.05135951661631,28.0546218487395,2.18,3.22222222222222,0.392902408111534,0.36127744510978,0.331521739130435,0.361900530783916,40.2169117647058,1250,7912,0.863566906788911,0.19581574870353,0.0309365123710077
"19","BHAKKAR","KALUR KOT",19,"PUNJAB",50,"KALUR KOT",307,1.93806691189,1749.69732296,1.93806691214,0.167006998465,305,3.69959843883136,187.389004581424,0.692787295428478,0.603515684604645,12,0,352736.391888435,39069.739409,2112105.45145124,0.0666666666666667,0.961290322580645,0.481720430107527,0.838709677419355,0.666666666666667,0.545454545454545,0.484423676012461,0.771186440677966,1.91349480968858,27.9859813084112,2.57142857142857,3.32258064516129,0.42507204610951,0.36,0.347003154574132,0.377358400227881,48.0387338608911,920,11855,0.927984344422701,0.303431765333687,0.02354763594323
"20","BHAKKAR","MANKERA",20,"PUNJAB",71,"MANKERA",308,2.75352050749,3560.98494102,2.75352050637,0.33758009463,306,1.39704105544855,165.380275890467,0.789757089519206,0.855600506067276,0,0,266035.780844551,28544.857904,788067.143402327,0.0851528384279476,0.845315904139434,0.406113537117904,0.827886710239651,0.597402597402597,0.54014598540146,0.341597796143251,0.685314685314685,2.00819672131148,27.7451790633609,2.3956043956044,3.10483870967742,0.176933158584535,0.178723404255319,0.112860892388451,0.156172485076102,60.8174897119342,424,4691,0.917106549364614,0.164337829803758,0.0148538136509898
"21","CHAKWAL","CHAKWAL",21,"PUNJAB",15,"CHAKWAL",309,2.43162580846,2198.63402934,2.43162580967,0.21162524639,307,5.79824989965592,472.32118226601,0.312416692075667,0.50925699621439,0,0,737022.428455009,67224.957881,3482677.23736876,0.0968660968660969,0.992887624466572,0.821937321937322,0.877667140825036,0.714285714285714,0.315789473684211,0.817,0.934782608695652,2,29.094,2.69512195121951,3.62132352941176,0.371609403254973,0.35656836461126,0.349881796690307,0.359353188185513,31.7678160919545,2694,16045,0.856235658252842,0.23867623730464,0.0400744021999814
"22","CHAKWAL","KALLAR KAHAR",22,"PUNJAB",49,"KALLAR KAHAR",311,1.51871034445,831.659844434,1.51871034369,0.0798594359591,309,4.97022743032457,652.177083333333,0.401969758390759,0.59068751335144,0,0,201663.379429625,18409.977316,2525229.1981239,0.0787746170678337,0.925764192139738,0.72707423580786,0.860262008733624,0.959459459459459,0.5,0.770440251572327,0.958904109589041,2.02955665024631,28.2327044025157,2.84507042253521,3.51020408163265,0,0,0,0,31.7202432667246,647,6595,0.910660038663353,0.358229664643222,0.0351439868118521
"23","CHAKWAL","TALA GANG",23,"PUNJAB",114,"TALA GANG",312,2.91318745663,3161.00813174,2.91318745393,0.304179588086,310,3.43438349979618,455.56345408977,0.478034256962139,0.639735658963521,0,0,595198.162004822,60082.695968,1956732.7503795,0.123430962343096,0.945606694560669,0.715481171548117,0.870292887029289,0.882352941176471,0.388888888888889,0.713836477987421,0.932584269662921,1.82038834951456,28.872641509434,2.71666666666667,3.63215859030837,0.37037037037037,0.375,0.323404255319149,0.356258208563173,46.0530751708427,2041,12842,0.862863669959014,0.213738744460462,0.0339698471767484
"24","CHINIOT","BHAWANA",24,"PUNJAB",12,"BHAWANA",313,1.54797736939,933.525449936,1.54797736906,0.0884537512945,311,9.00301600724623,170.90157480315,0.552538768206752,0.539451494812965,6,0,632850.140117841,63170.751068,7154587.91578906,0.0176600441501104,0.927312775330396,0.451541850220264,0.698237885462555,0.808823529411765,0.448275862068966,0.390784982935154,0.666666666666667,2.05592105263158,28.4829351535836,2.30909090909091,3.12663755458515,0.299093655589124,0.281449893390192,0.257142857142857,0.279228802040724,23.3435534591195,1603,9668,0.857776594800816,0.153045512939887,0.025375667898494
"25","CHINIOT","CHINIOT",25,"PUNJAB",18,"CHINIOT",314,1.6546829257,699.458196472,1.65468292555,0.0663534855522,312,13.5477556724488,181.98121085595,0.43497073045879,0.44437500834465,5,0,467005.435694354,46668.786885,7038144.74564358,0.036741214057508,0.960063897763578,0.562300319488818,0.8256,0.744444444444444,0.537037037037037,0.449026345933562,0.719101123595506,1.97045454545455,28.020618556701,2.28358208955224,3.29081632653061,0.42814667988107,0.428792569659443,0.414545454545455,0.423828234695323,12.269392033543,1521,18301,0.923267076985168,0.392146469225713,0.0325913764107048
"26","DERA GHAZI KHAN","DERA GHAZI KHAN",26,"PUNJAB",24,"DERA GHAZI KHAN",317,3.01918214499,3621.19030989,3.01918214462,0.338753255345,315,9.25829772289303,142.447422258592,0.618525225727067,0.658009737730026,35,0,1803594.7822832,244600.716959,5324213.87492304,0.0991596638655462,0.849706129303107,0.410579345088161,0.779177162048699,0.420924574209246,0.175392670157068,0.390102827763496,0.637096774193548,2.12379110251451,27.6542416452442,2.17919075144509,3.6507413509061,0.386186186186186,0.3312,0.270222222222222,0.329202802802803,38.8336743044188,7835,48007,0.859693420722753,0.196266800019425,0.0320317949080799
"27","DERA GHAZI KHAN","TAUNSA",27,"PUNJAB",116,"TAUNSA",318,2.63620583243,2664.5741488,2.63620583273,0.251513980602,316,3.9857675294623,178.182369146005,0.760767810855358,0.738422671953837,6,0,575750.996748749,74572.084739,2289141.12595525,0.0885122410546139,0.930451127819549,0.446327683615819,0.838649155722326,0.439393939393939,0.169014084507042,0.544715447154472,0.6,2.11627906976744,27.6924119241192,2.56896551724138,3.55223880597015,0.469489414694894,0.415094339622642,0.389721627408994,0.42476846057551,40.2848484848484,3420,19883,0.853237780543278,0.266627922091623,0.0458616654203767
"28","FAISALABAD","CHAK JHUMRA",28,"PUNJAB",14,"CHAK JHUMRA",319,1.03382883415,524.889447645,1.03382883349,0.0497455691759,317,13.7879435527358,189.423023578363,0.429166840242116,0.452661991119385,0,0,417323.469800752,43314.854371,8389158.60677157,0.037037037037037,0.989473684210526,0.792982456140351,0.905263157894737,0.898876404494382,0.58,0.761627906976744,0.937931034482759,1.88385269121813,28.2337209302326,2.7012987012987,3.51145038167939,0.448744769874477,0.460767946577629,0.436915887850467,0.448809534767525,6.95006934812759,461,13507,0.966995990836197,0.311832977304044,0.010643000113805
"29","FAISALABAD","FAISALABAD CITY",29,"PUNJAB",26,"FAISALABAD CITY",320,0.711983252894,200.950290049,0.711983255277,0.0190071083942,318,125.684172964795,183.769230769231,0.357460750987495,0.458514988422394,0,0,3306004.27715914,318990.430656,173935151.449337,0.037344398340249,0.998618784530387,0.795580110497238,0.893572909467864,0.716363636363636,0.537313432835821,0.745308310991957,0.916216216216216,1.98033126293996,28.1233243967828,2.79187817258883,3.5620875824835,0.530944625407166,0.5546875,0.49644128113879,0.527357802181985,0,1647,67631,0.976226219001703,0.212015764425653,0.00516316428869971
"30","FAISALABAD","JARANWALA",30,"PUNJAB",43,"JARANWALA",322,2.2915847202,1733.36550195,2.29158472165,0.163703285004,320,17.2539441114991,186.99531516184,0.505709664861226,0.457436998685201,0,0,1652980.90246013,171679.350798,10097420.478885,0.028971028971029,0.99500998003992,0.738522954091816,0.859140859140859,0.700854700854701,0.4375,0.648521505376344,0.903474903474903,2.07213578500707,28.6317204301075,2.64596273291925,3.41761658031088,0.449116392443632,0.451488952929875,0.435056746532156,0.445220697301888,10.1933560477003,3355,33384,0.908680149160293,0.194455534954113,0.0195422453801537
"31","FAISALABAD","SAMUNDARI",31,"PUNJAB",103,"SAMUNDARI",323,1.99834499707,869.034385888,1.99834499798,0.0818998719286,321,17.2607546252719,171.656514382403,0.406523217325078,0.47629751265049,0,0,793660.551774212,81312.723225,9690620.181508,0.0438709677419355,0.996134020618557,0.789948453608247,0.908505154639175,0.785714285714286,0.656716417910448,0.774278215223097,0.895348837209302,2.03171247357294,27.8101487314086,2.57251908396947,3.5683615819209,0.44609375,0.437575757575758,0.415750915750916,0.433140141108891,12.8199492814878,1621,18188,0.918168509263466,0.223679631903018,0.0199353795532655
"32","FAISALABAD","TANDLIANWALA",32,"PUNJAB",115,"TANDLIANWALA",324,2.68567283601,1355.2444941,2.68567283347,0.12751031025,322,11.6673151356323,171.159956474429,0.449577694072962,0.452915668487549,72,0,854768.795213373,87927.525046,6703526.90333426,0.0228187919463087,0.979865771812081,0.612903225806452,0.741935483870968,0.694063926940639,0.569832402234637,0.497164461247637,0.842342342342342,2.01581722319859,28.586011342155,2.65131578947368,3.24714828897338,0.428085106382979,0.393939393939394,0.389728096676737,0.403917532333037,22.8404139433551,2577,21737,0.894011680513285,0.247214964695391,0.0293082285513191
"33","GUJRANWALA","GUJRANWALA",33,"PUNJAB",32,"GUJRANWALA",325,2.07008536976,787.248304336,2.0700853658,0.0748688664227,323,35.9420186939524,221.746031746032,0.4308406999326,0.538593500852585,0,0,1954167.9054167,202554.857639,26101208.67042,0.0487152034261242,0.996264674493063,0.802027748132337,0.894230769230769,0.756818181818182,0.527675276752767,0.773883161512028,0.928952042628774,1.96864576384256,27.5824742268041,2.78378378378378,3.61466666666667,0.423937007874016,0.444673185795162,0.414765906362545,0.427792033343908,4.80859010270775,2955,19639,0.869213065415597,0.0969564503607278,0.014588640501856
"34","GUJRANWALA","KAMOKE",34,"PUNJAB",52,"KAMOKE",327,1.64943777675,681.300449904,1.64943777354,0.0646604484061,325,17.0677250594441,217.852721451441,0.461653907759449,0.620492994785309,0,0,629039.9434782,72326.632075,9728357.27224646,0.0267857142857143,0.998217468805704,0.768270944741533,0.907308377896613,0.833333333333333,0.617977528089888,0.752747252747253,0.955801104972376,2.00392927308448,27.2340659340659,2.82075471698113,3.48613138686131,0.403275332650972,0.418685121107266,0.415750915750916,0.412570456503052,17.8397435897436,1469,10315,0.875339443312967,0.142616899253704,0.0203106374215891
"35","GUJRANWALA","NOWSHERA VIRKHAN",35,"PUNJAB",83,"NOWSHERA VIRKHAN",328,1.5262022411,881.919645229,1.52620223534,0.0837694784389,326,14.0443908633584,212.703734439834,0.478493864753929,0.487383991479874,0,0,670091.656314388,76280.161504,7999233.95492,0.0333333333333333,0.998336106489185,0.720465890183028,0.903494176372712,0.932773109243697,0.845070422535211,0.718237704918033,0.898089171974522,2.17873303167421,27.5881147540984,2.88288288288288,3.44222539229672,0.365853658536585,0.393203883495146,0.360248447204969,0.373101996412233,9.04647302904564,1434,10034,0.874956400418556,0.13154141000965,0.0187991211833604
"36","GUJRANWALA","WAZIRABAD",36,"PUNJAB",119,"WAZIRABAD",329,1.7500991754,1211.96739087,1.75009917712,0.115534829789,327,15.1735453039857,218.612748045701,0.431096008507803,0.615822523832321,12,0,1025299.34334373,105711.397116,8874374.46539909,0.0375146541617819,0.997655334114889,0.827667057444314,0.921453692848769,0.900990099009901,0.803738317757009,0.78408195429472,0.974358974358974,1.93698175787728,27.7549251379039,2.78212290502793,3.58291457286432,0.409252669039146,0.414383561643836,0.41374269005848,0.412459640247154,9.0697534576067,5884,16458,0.736639513024796,0.155688037893778,0.0556609803722803
"37","GUJRAT","GUJRAT",37,"PUNJAB",33,"GUJRAT",330,2.02288037035,1437.93113871,2.02288036826,0.137498586922,328,21.2148947071932,245.656519533232,0.341793599554082,0.540253013372421,12,0,1712431.64934912,170931.21485,12454176.3496126,0.0735009671179884,0.999033816425121,0.770793036750484,0.897584541062802,0.875,0.630434782608696,0.820610687022901,0.941818181818182,1.88591549295775,28.513358778626,2.79279279279279,3.56201550387597,0.374578177727784,0.365079365079365,0.321728691476591,0.353795411427913,7.76837303598577,5131,27532,0.842910938982947,0.161070638994525,0.030017922732853
"38","GUJRAT","KHARIAN",38,"PUNJAB",58,"KHARIAN",331,1.7655625208,1267.41775713,1.76556251931,0.121413241345,329,17.3720437004063,266.914857142857,0.272027804527438,0.602850675582886,0,0,1228494.92753749,118834.551693,10118294.4621887,0.0976645435244161,0.996815286624204,0.835456475583864,0.916135881104034,0.972727272727273,0.776119402985075,0.824734982332155,0.952941176470588,1.9304897314376,28.6367491166078,2.97169811320755,3.58269065981148,0.385390428211587,0.376753507014028,0.382947976878613,0.381697304034743,13.2612921669526,4629,27972,0.858010490475752,0.23538608596146,0.0389533173142999
"39","HAFIZABAD","HAFIZABAD",39,"PUNJAB",34,"HAFIZABAD",333,1.43263955846,1102.35074242,1.43263955855,0.104911761787,331,12.3926948116234,204.44715984148,0.39742749788684,0.549189984798431,10,0,759653.780923654,80533.7246679999,7240882.89038518,0.0403458213256484,0.995677233429395,0.652737752161383,0.837175792507205,0.867088607594937,0.597402597402597,0.676706827309237,0.845360824742268,1.93528183716075,28.1626506024096,2.73333333333333,3.53857566765579,0.464188576609248,0.431693989071038,0.502803738317757,0.466228767999348,16.1327608982826,1177,18391,0.939850776778414,0.228363956538914,0.0146149952066936
"40","HAFIZABAD","PINDI BHATTIAN",40,"PUNJAB",90,"PINDI BHATTIAN",334,1.58632297249,1179.65134225,1.58632297196,0.112138564342,332,8.55763568032172,195.198013656114,0.492068334498219,0.474546000361443,2,0,548791.134523686,58437.506195,4893866.24257096,0.0344827586206897,0.975095785440613,0.488505747126437,0.812260536398467,0.882352941176471,0.537313432835821,0.478442280945758,0.773049645390071,2.04255319148936,27.884561891516,2.66666666666667,3.2703488372093,0.432467532467532,0.405204460966543,0.451456310679612,0.429709434704562,19.5301055245189,997,12637,0.926873991491859,0.216248105417634,0.0170609607582006
"41","JHANG","18-HAZARI",41,"PUNJAB",1,"18-HAZARI",335,2.82382746245,1656.38940765,2.8238274598,0.156673432882,333,4.62806009249331,155.796625222025,0.601102675851501,0.595201760530472,30,0,497107.628390812,52406.730413,3172890.38253992,0.0453781512605042,0.899328859060403,0.236974789915966,0.836974789915966,0.75,0.246511627906977,0.421487603305785,0.697142857142857,2.07438016528926,28.4214876033058,2.60109289617486,2.82913165266106,0,0,0,0,56.0106761565835,564,14422,0.96236487388229,0.275193660935247,0.0107619764781223
"42","JHANG","AHMEDPUR SIAL",42,"PUNJAB",3,"AHMEDPUR SIAL",336,1.60514279042,862.891123494,1.60514279469,0.081254902888,334,7.82048832933517,138.224699828473,0.560411954463296,0.589007019996643,30,0,457973.186314506,50576.470073,5636252.95258511,0.0571992110453649,0.877952755905512,0.326771653543307,0.822834645669291,0.752475247524752,0.28921568627451,0.456521739130435,0.660714285714286,1.99033816425121,28.5028985507246,2.63815789473684,3.26349206349206,0.410457516339869,0.402985074626866,0.386221294363257,0.399887961776664,22.3939914163091,548,8889,0.941930698315143,0.175753665433155,0.0108350780354785
"43","JHANG","JHANG",43,"PUNJAB",45,"JHANG",337,3.51936040663,2615.34330548,3.51936039879,0.247510805332,335,10.2483919432994,158.666199943993,0.518708268948811,0.478821240365505,19,0,1437355.47317362,151428.027882,5807243.32921796,0.0288909599254427,0.931966449207829,0.447761194029851,0.776328052190121,0.633757961783439,0.265573770491803,0.465665236051502,0.672025723472669,1.9402390438247,28.3454935622318,2.69035532994924,3.28153846153846,0.347266881028939,0.345517841601393,0.31328036322361,0.33535502861798,25.7605712685519,3000,38762,0.928164359944447,0.255976390514742,0.0198113918668857
"44","JHANG","SHORKOT",44,"PUNJAB",109,"SHORKOT",338,2.40354430326,1227.90004748,2.40354430469,0.115646879067,336,10.2357108060867,143.986202759448,0.448038713886985,0.609718978404999,2,0,576552.714904999,63599.031024,4985458.48842988,0.0459965928449744,0.902896081771721,0.419080068143101,0.858361774744027,0.841379310344828,0.346666666666667,0.557907845579078,0.844155844155844,2.11576354679803,28.2341220423412,2.89344262295082,3.36607142857143,0.441277080957811,0.428571428571429,0.404395604395604,0.424748037974948,29.7318536292741,769,15249,0.951991509551754,0.239767803918987,0.0120913791864188
"45","JHELUM","JHELUM",45,"PUNJAB",46,"JHELUM",340,2.17828495334,605.697096804,2.17828495582,0.0581237798343,338,11.754995268914,254.892601431981,0.311320248964514,0.627278983592987,26,0,470251.868497465,43637.189716,8090524.56392314,0.129411764705882,0.996638655462185,0.853781512605042,0.92436974789916,0.965116279069767,0.8125,0.891208791208791,0.935483870967742,1.93732970027248,28.9,2.79268292682927,3.59926017262639,0.441266598569969,0.451994091580502,0.486284289276808,0.45984832647576,28.0885167464115,2982,10549,0.779617175375065,0.241743340225507,0.0683362063278475
"46","JHELUM","PIND DADAN KHAN",46,"PUNJAB",89,"PIND DADAN KHAN",341,2.22578284353,1347.72350099,2.22578284469,0.129115102506,339,5.62930482930411,244.281485468245,0.388930272154582,0.645101994276047,18,0,412356.224725706,41505.995804,3193710.23778217,0.105590062111801,0.985537190082645,0.714876033057851,0.878099173553719,0.839622641509434,0.404255319148936,0.753443526170799,0.950354609929078,1.83666666666667,27.9407713498623,2.80681818181818,3.25776965265082,0.333764553686934,0.321292775665399,0.248407643312102,0.301154990888145,29.2502691065662,2788,11805,0.808949496333859,0.284416739589761,0.0671710182106103
"47","JHELUM","SOHAWA",47,"PUNJAB",113,"SOHAWA",342,2.06169542151,911.996248991,2.06169542141,0.0877252109475,340,4.79552252027724,406.781027667984,0.463421114614304,0.463025003671646,0,0,208324.233354808,20413.516887,2374736.1916232,0.149779735682819,0.986784140969163,0.777533039647577,0.892070484581498,0.907407407407407,0.647058823529412,0.798151001540832,0.95,2.03759398496241,28.6748844375963,2.97959183673469,3.3957528957529,0.211901306240929,0.217131474103586,0.211267605633803,0.213433461992772,30.6313291139241,1317,4214,0.761887542939794,0.206431847257227,0.064516075661549
"48","KASUR","CHUNIAN",48,"PUNJAB",20,"CHUNIAN",343,1.82977106657,1181.82403748,1.82977106794,0.11094759583,341,14.4435216660628,187.582286432161,0.550415006343514,0.457308009266853,12,27,915601.752857614,105279.943199,8252560.55354773,0.0102639296187683,0.959124087591241,0.484626647144949,0.811678832116788,0.837606837606838,0.467455621301775,0.474066390041494,0.685990338164251,2.1028880866426,27.5663900414938,2.46428571428571,3.45175438596491,0.415111940298507,0.401069518716578,0.348534201954397,0.388238553656494,15.0857858484658,1646,12270,0.881718884736993,0.116546415463079,0.015634506915422
"49","KASUR","KASUR",49,"PUNJAB",54,"KASUR",344,2.92286646652,1458.18747371,2.92286647186,0.137050059805,342,16.9582945578705,198.435525634386,0.558134469832923,0.536660015583038,15,121,1196462.03287881,138174.490488,8730109.52772427,0.0246360582306831,0.961926091825308,0.508398656215006,0.744107744107744,0.684466019417476,0.337142857142857,0.520514883346742,0.728744939271255,1.86547811993517,27.2864038616251,2.63503649635036,3.31888544891641,0.462758620689655,0.428571428571429,0.388335704125178,0.426555251128754,17.4294385432473,3251,19084,0.854443698231475,0.138115218898943,0.0235282213708061
"50","KASUR","KOT RADHA KISHAN",50,"PUNJAB",62,"KOT RADHA KISHAN",345,1.07500856646,429.961468623,1.07500856362,0.0404713777675,343,18.2325032775643,201.678694158076,0.590644170482134,0.436650007963181,0,0,585009.117032675,67443.800969,14454885.1386636,0.0296442687747036,0.988165680473373,0.594861660079051,0.846153846153846,0.7,0.55,0.593619972260749,0.704347826086957,2.10769230769231,27.246879334258,2.65217391304348,3.56775700934579,0.388489208633094,0.377777777777778,0.332474226804124,0.366247071071665,12.3831615120275,1353,6703,0.832050645481629,0.0993864506996125,0.020061146918779
"51","KASUR","PATTOKI",51,"PUNJAB",87,"PATTOKI",346,1.45208089868,844.634895385,1.45208089605,0.0795171817751,344,21.0667206088459,194.680906713165,0.488378332325346,0.513740003108978,0,0,980345.746145994,114164.341415,12328728.512018,0.0157894736842105,0.982894736842105,0.61133069828722,0.820816864295125,0.715083798882682,0.490322580645161,0.524193548387097,0.579710144927536,2.13101160862355,27.6317204301075,2.65354330708661,3.33846153846154,0.415873015873016,0.403726708074534,0.369883040935673,0.396494254961074,11.8491717523976,2206,8968,0.802577411848935,0.0785534247283075,0.019323021292445
"52","KHANEWAL","JAHANIAN",52,"PUNJAB",39,"JAHANIAN",347,1.45683001044,499.727509199,1.45683001066,0.0467037462545,345,14.8109045342209,125.494065281899,0.656239061838105,0.41738098859787,0,0,383170.467001914,42344.949251,8204276.90990623,0.0325379609544469,0.980728051391863,0.661670235546039,0.946466809421842,0.794117647058823,0.6,0.619326500732064,0.84297520661157,2.1264367816092,28.8696925329429,2.57407407407407,3.44444444444444,0.39477503628447,0.384615384615385,0.344729344729345,0.374706588543067,22.3377976190476,1554,12285,0.887708649468892,0.290117244613533,0.0366985916263272
"53","KHANEWAL","KABIRWALA",53,"PUNJAB",47,"KABIRWALA",348,2.09632903821,1649.33782288,2.09632903847,0.154822348563,346,11.5776074196935,134.215467143496,0.609282069377831,0.509811997413635,21,0,1055374.01711902,113869.162217,6816677.48173688,0.032520325203252,0.921022067363531,0.451800232288037,0.868757259001161,0.769230769230769,0.437229437229437,0.532731376975169,0.811926605504587,2.16129032258065,28.2332580887886,2.34928229665072,3.41242937853107,0.491935483870968,0.412844036697248,0.434782608695652,0.446520709754622,18.54850245865,1484,32948,0.956900557620818,0.289349630387296,0.0130325012594011
"54","KHANEWAL","KHANEWAL",54,"PUNJAB",57,"KHANEWAL",349,1.86252546523,1192.84176893,1.86252547199,0.111678581631,347,14.8592504015005,135.978829389788,0.593448267685966,0.476731508970261,0,0,956998.913279235,103613.42663,8569225.17552452,0.114001530221882,0.967275494672755,0.641768292682927,0.862490450725745,0.734006734006734,0.52972972972973,0.590859630032644,0.823353293413174,2.04927211646137,28.1115342763874,2.66511627906977,3.4475138121547,0.465024630541872,0.424947145877378,0.416149068322981,0.435373614914077,25.4066002490661,2202,29316,0.930135160860461,0.282936304236771,0.0212520719719392
"55","KHANEWAL","MIAN CHANNU",55,"PUNJAB",72,"MIAN CHANNU",350,1.95870851483,1025.93116554,1.95830672507,0.0961376073697,553,15.472146377677,144.895608351332,0.531397115248755,0.484041005373001,2,0,853017.947031451,91008.31317,8872885.13173773,0.039119804400978,0.981729598051157,0.586080586080586,0.918392204628502,0.832669322709163,0.534351145038168,0.614063777596075,0.796116504854369,2.24104234527687,28.1357318070319,2.57894736842105,3.40479360852197,0.398550724637681,0.403846153846154,0.306581059390048,0.369659312624628,18.9784017278618,3735,27106,0.878894977465063,0.297840923052458,0.0410402068767406
"56","KHUSHAB","KHUSHAB",56,"PUNJAB",59,"KHUSHAB",351,3.21807433133,2948.08275164,3.21807433131,0.282120633646,348,4.96747810285667,400.187176325524,0.470376669537418,0.709342610836029,19,0,786420.290120764,80840.7529339999,2787531.98572335,0.0961538461538462,0.975274725274725,0.65474552957359,0.853021978021978,0.878504672897196,0.62962962962963,0.577272727272727,0.883977900552486,2.01702127659574,28.2890909090909,2.59139784946237,3.36220472440945,0.441029900332226,0.429299363057325,0.432170542635659,0.434166602008403,36.8244143033289,2424,28903,0.922622657771252,0.357530069315374,0.0299848765879136
"57","KHUSHAB","NOORPUR",57,"PUNJAB",82,"NOORPUR",352,2.35770529337,2401.75161753,2.35770529374,0.228638041638,349,2.0477020332764,181.438335358445,0.617601187471085,0.869613751769066,15,0,277705.704104405,28201.003866,1214608.47947645,0.0814814814814815,0.888888888888889,0.525925925925926,0.851851851851852,0.861538461538462,0.708333333333333,0.447735191637631,0.89247311827957,2.13805970149254,28.5923344947735,2.54545454545455,3.13618677042802,0.2784,0.244943820224719,0.26551724137931,0.262953687201343,68.8284760170016,310,10140,0.970334928229665,0.359561668378235,0.0109925164888809
"58","KHUSHAB","QAIDABAD",58,"PUNJAB",93,"QAIDABAD",353,1.85278253678,1281.14695243,1.85278254,0.122537654579,350,4.78123588479705,255.186085972851,0.576316059411111,0.713688015937805,0,0,366878.849719481,37706.640502,2994009.07402675,0.036319612590799,0.927536231884058,0.635265700483092,0.898550724637681,0.897727272727273,0.761904761904762,0.400998336106489,0.788235294117647,2.09349593495935,28.3277870216306,2.63291139240506,3.27385892116183,0.285302593659942,0.243243243243243,0.272727272727273,0.267091036543486,51.9411764705882,710,10740,0.937991266375546,0.284830466385101,0.0188295745934285
"59","LAHORE","LAHORE CANTT",59,"PUNJAB",63,"LAHORE CANTT",354,1.89688566457,1037.43841716,1.8506433392,0.0979041316303,351,97.1444365739651,213.373295046662,0.435267549215683,0.433680504560471,2,25,5747961.1854847,533926.409881999,58710098.2335436,0.0374940673943996,0.996680891417734,0.806451612903226,0.871028923660503,0.780582524271845,0.554179566563467,0.700332225913621,0.838926174496644,2.01602564102564,27.5269102990033,2.66917293233083,3.67457305502846,0.551146384479718,0.592942141977842,0.539160045402951,0.561082857286837,4.52401129943501,2483,31649,0.927253017696004,0.0592759590352435,0.00465045360941924
"60","LAHORE","LAHORE CITY",60,"PUNJAB",64,"LAHORE CITY",355,1.78899013741,656.331330988,1.78899013568,0.0619308895648,352,100.92968567646,204.881489841986,0.421466556828146,0.496796011924744,20,0,4046471.16510858,382745.87535,65338495.7578342,0.0382432028682402,0.99791169451074,0.857356013130409,0.922755741127349,0.849734042553192,0.650224215246637,0.796582914572864,0.9102416570771,1.95070743952533,28.3021105527638,2.68495297805643,3.85087055261166,0.702078108204944,0.725886990801577,0.658670861187574,0.695545320064698,2.59864712514092,1516,18656,0.924846321633948,0.0487425239604218,0.00396085261170666
"61","LAYYAH","CHAUBARA",61,"PUNJAB",16,"CHAUBARA",356,2.25973300018,2940.54723847,2.25973300174,0.277324077191,353,1.61509481089558,145.71675,0.774812699258328,0.746236407756805,0,0,262461.886837103,30654.287926,946408.582679027,0.0725663716814159,0.542402826855124,0.27208480565371,0.881625441696113,0.74585635359116,0.645833333333333,0.35693215339233,0.536170212765957,2.00680272108844,27.7345132743363,2.37777777777778,2.55096418732782,0,0,0,0,62.9997499999997,1029,6110,0.855862165569408,0.199319586700224,0.0335678976619527
"62","LAYYAH","LAYYAH",62,"PUNJAB",65,"LAYYAH",358,2.08339814632,2022.48850758,2.08339814457,0.190730581555,355,8.22968743467725,143.918122270742,0.803858380351103,0.538433492183685,12,0,926461.639293318,111275.224685,4857436.24194927,0.106821106821107,0.849420849420849,0.510939510939511,0.885456885456886,0.725146198830409,0.598540145985402,0.58992180712424,0.682352941176471,1.99846153846154,27.7993049522155,2.44354838709677,3.37849779086892,0.377741673436231,0.381752701080432,0.29676511954993,0.352086498022198,30.9628685839098,7647,21709,0.739508107371576,0.19509284354585,0.0687214968259761
"63","LODHRAN","DUNYA PUR",63,"PUNJAB",25,"DUNYA PUR",359,1.79712404302,806.767928427,1.79712404092,0.0752333544217,356,12.3741613587883,120.008310249307,0.706751694190084,0.591921001672745,0,0,527545.66001912,59155.96614,7012124.66298002,0.0560165975103734,0.946058091286307,0.510373443983402,0.898340248962656,0.726495726495726,0.203883495145631,0.47581903276131,0.945054945054945,2.07258064516129,28.2979719188768,1.87058823529412,3.41639344262295,0.388305847076462,0.36,0.460144927536232,0.402816924870898,20.2412199630314,1701,15691,0.902196412143514,0.265247971149102,0.0287544961394827
"64","LODHRAN","KARORPACCA",64,"PUNJAB",53,"KARORPACCA",360,1.69493649807,714.550968972,1.69493650145,0.0664978827561,357,14.5738009155671,121.756558237146,0.718101041934275,0.664416015148163,0,0,557772.793819058,65340.700679,8387827.8631043,0.0500848896434635,0.899067005937235,0.490245971162002,0.867684478371501,0.787581699346405,0.471186440677966,0.492909812819058,0.761437908496732,2.04055766793409,28.2030629608622,2.3109243697479,3.29228998849252,0.425753424657534,0.383617193836172,0.381406436233611,0.396925684909106,14.5702306079665,1085,20456,0.94963093635393,0.313066737690715,0.0166052703556133
"65","LODHRAN","LODHRAN",65,"PUNJAB",67,"LODHRAN",361,1.8860463158,1142.96395348,1.88604631292,0.106353191974,358,12.0645061721256,113.374269005848,0.719163956271897,0.579686999320984,1,0,738958.875980634,93686.087937,6948158.8870533,0.0430622009569378,0.938193343898574,0.540412044374009,0.827258320126783,0.598870056497175,0.510309278350515,0.439746300211416,0.770491803278688,2.0328227571116,27.3530655391121,2.19811320754717,3.34375,0.486947791164659,0.419062027231467,0.432926829268293,0.44631221588814,15.2287199480182,2736,25477,0.903023428915748,0.271940055999907,0.0292039091421967
"66","MANDI BAHAUDDIN","MALAKWAL",66,"PUNJAB",69,"MALAKWAL",362,1.49364609961,749.137191113,1.49364609732,0.0716019165719,359,10.97057636229,207.50486381323,0.492311482386598,0.54091902077198,0,0,459967.630712298,45939.431718,6423956.96559903,0.0411522633744856,0.991769547325103,0.668724279835391,0.905349794238683,0.9,0.677966101694915,0.660894660894661,0.871794871794872,2.0794701986755,28.3015873015873,2.87654320987654,3.46288209606987,0.324287652645862,0.361581920903955,0.231481481481481,0.305783685010433,22.535992217899,2432,13770,0.849895074682138,0.299742497567828,0.0529392704491617
"67","MANDI BAHAUDDIN","MANDI BAHAUDDIN",67,"PUNJAB",70,"MANDI BAHAUDDIN",363,1.3554163592,878.770324106,1.35541635726,0.0840603532713,360,15.2606184642256,215.44921552436,0.368566097022579,0.594610512256622,0,0,733320.960326056,74073.443478,8723743.49842791,0.0676567656765677,0.99341021416804,0.754530477759473,0.909390444810544,0.930232558139535,0.622641509433962,0.775395033860045,0.811188811188811,2.0570652173913,27.8656884875846,2.73417721518987,3.44395924308588,0.405377456049638,0.408320493066256,0.404761904761905,0.406153284625933,10.037985136251,4394,16917,0.793815400497396,0.228381444221969,0.059319504989734
"68","MANDI BAHAUDDIN","PHALIA",68,"PUNJAB",88,"PHALIA",364,1.90946033367,1140.8828145,1.90946033998,0.108891981232,361,10.1064090690201,206.086096938776,0.442037656760535,0.60020899772644,10,0,617652.983498006,62415.672818,5672162.23370998,0.0955882352941176,0.996336996336996,0.692307692307692,0.915750915750916,0.928571428571429,0.711864406779661,0.722222222222222,0.869918699186992,2.09577464788732,27.6012345679012,2.80769230769231,3.37264957264957,0.364583333333333,0.394148020654045,0.301298701298701,0.353343351762027,22.1270753512135,1444,16579,0.919880153137657,0.265622386997946,0.0231352148395582
"69","MIANWALI","ISAKHEL",69,"PUNJAB",38,"ISAKHEL",365,2.92341438718,1883.27458015,2.92341438284,0.18138317281,362,3.85726387076074,359.89270714013,0.567138132433455,0.713585019111633,32,0,405355.777674626,47867.176688,2234803.65568,0.109489051094891,0.951456310679612,0.727493917274939,0.895631067961165,0.546875,0.351851851851852,0.379084967320261,0.848484848484849,2.018779342723,28.9084967320261,1.96969696969697,3.49137931034483,0.42015503875969,0.381818181818182,0.394618834080717,0.39886401821953,39.4701834862385,2365,8298,0.77820500797149,0.173354698859443,0.0494075515549028
"70","MIANWALI","MIANWALI",70,"PUNJAB",73,"MIANWALI",366,2.77735101538,2952.13457317,2.77735101746,0.283593037576,363,4.99457535516311,293.39842983317,0.513974833114839,0.710257162650426,11,0,831826.860475466,88559.4433070001,2933170.9536506,0.0967741935483871,0.980286738351254,0.711469534050179,0.906810035842294,0.805825242718447,0.474358974358974,0.504211793020457,0.864,2.02395209580838,28.9831528279182,2.02469135802469,3.6109785202864,0.399774774774775,0.350649350649351,0.382920110192837,0.377781411872321,52.7284102060843,2642,15641,0.855494174916589,0.176615834697367,0.0298330691944533
"71","MIANWALI","PIPLAN",71,"PUNJAB",92,"PIPLAN",367,1.64838341894,1197.12073252,1.6483834177,0.114576014895,364,6.02490063947717,193.235187424426,0.489335154822683,0.70566600561142,11,0,420927.187300743,47236.398382,3673781.00631698,0.0669745958429561,0.942263279445728,0.64203233256351,0.868360277136259,0.96551724137931,0.538461538461538,0.507911392405063,0.815533980582524,2.16206896551724,28.0712025316456,2.36170212765957,3.41121495327103,0.380681818181818,0.385106382978723,0.316455696202532,0.360747965787691,34.8747731397458,1201,7774,0.866183844011142,0.164576476325138,0.0254253084726641
"72","MULTAN","JALALPUR PIRWALA",72,"PUNJAB",40,"JALALPUR PIRWALA",368,1.58360418199,871.275606975,1.58360418294,0.0810897034058,365,12.0566880997411,107.033505154639,0.737164352101968,0.521640494465828,13,0,557696.603168334,68094.118758,6877526.73576118,0.0579439252336449,0.929236499068901,0.473880597014925,0.839851024208566,0.714285714285714,0.56020942408377,0.355721393034826,0.716049382716049,2.06451612903226,28.3818407960199,2.63235294117647,3.2972027972028,0.446060606060606,0.453237410071942,0.415289256198347,0.438195757443632,19.3445017182131,1416,7804,0.846420824295011,0.114606079678256,0.0207947474147118
"73","MULTAN","MULTAN CITY",73,"PUNJAB",75,"MULTAN CITY",369,0.90767468391,285.76531824,0.907674684462,0.0267518025454,366,138.193267127084,121.638961038961,0.543523379192724,0.488445997238159,0,0,2333742.16012892,226931.399102,87236819.1327804,0.0925925925925926,0.984363894811656,0.741109530583215,0.869843527738265,0.777777777777778,0.624338624338624,0.662337662337662,0.917737789203085,1.95114345114345,27.6214526214526,2.81481481481481,3.38852578068264,0.593235039028621,0.57208088714938,0.570524412296564,0.578613446158188,0,2303,35309,0.938769541635648,0.155593276821642,0.0101484413752936
"74","MULTAN","MULTAN SADDAR",74,"PUNJAB",76,"MULTAN SADDAR",370,3.3057787094,1652.51714946,3.30577871126,0.154616692887,367,14.6018256193734,122.296229802513,0.665801326839564,0.536593973636627,9,0,1329632.23632578,152807.733376,8599538.71408653,0.0832072617246596,0.974358974358974,0.731523378582202,0.858220211161388,0.763157894736842,0.617886178861789,0.631851085832472,0.872093023255814,2.02422907488987,27.8986556359876,2.73275862068966,3.49099836333879,0.560117302052786,0.565714285714286,0.553719008264463,0.559850198677178,11.6202872531418,3781,20235,0.84256329113924,0.132421308483188,0.0247435121015534
"75","MULTAN","SHUJABAD",75,"PUNJAB",110,"SHUJABAD",371,1.36544309622,837.926435103,1.36544309362,0.0781807056617,368,14.6234490300152,112.86944937833,0.683113437748082,0.464448004961014,14,0,670551.907528187,82212.098073,8576948.77339389,0.0935672514619883,0.932038834951456,0.586744639376218,0.848543689320388,0.810457516339869,0.634328358208955,0.505235602094241,0.836734693877551,2.03580562659847,28.4607329842932,2.44715447154472,3.36010362694301,0.504337050805452,0.467652495378928,0.409836065573771,0.460608537252717,16.9671403197157,2256,10135,0.817932370268743,0.123278693009399,0.0274412167172378
"76","MUZAFFARGARH","ALIPUR",76,"PUNJAB",4,"ALIPUR",372,2.11452253728,1237.96880365,2.1145225361,0.114990192053,369,9.65638034041125,98.915961305925,0.81460386554304,0.731999009847641,27,0,628935.260926206,83185.675714,5469468.74074551,0.0556621880998081,0.842911877394636,0.432950191570881,0.676245210727969,0.752427184466019,0.520325203252033,0.416098226466576,0.8,2.17117117117117,28.1350613915416,2.52903225806452,3.63934426229508,0.367532467532468,0.319148936170213,0.24468085106383,0.31045408492217,42.3603385731561,1503,5346,0.780551905387648,0.0642658721482295,0.0180680145601925
"77","MUZAFFARGARH","JATOI",77,"PUNJAB",44,"JATOI",373,1.72291298614,1033.16723336,1.7229129853,0.0962393044272,370,12.5703086666654,107.604046242775,0.797301949212625,0.685627996921539,5,0,684254.359755888,95308.801006,7109926.28041582,0.0612959719789842,0.84965034965035,0.386363636363636,0.715034965034965,0.76271186440678,0.309352517985612,0.354993983152828,0.715083798882682,2.08961303462322,27.7533092659446,2.45505617977528,3.40677966101695,0.443548387096774,0.418451400329489,0.368110236220472,0.410036674548912,33.8235719450469,1449,3375,0.699626865671642,0.0354112103433925,0.0152032129740965
"78","MUZAFFARGARH","KOT ADDU",78,"PUNJAB",60,"KOT ADDU",374,2.80958609351,3165.65535949,2.80958609222,0.297259256235,371,7.29655732215237,131.280578898226,0.775734707288771,0.609080334504445,11,0,1270011.27799058,164612.786578,4272402.79773345,0.0554298642533937,0.857466063348416,0.398190045248869,0.820135746606335,0.700787401574803,0.573099415204678,0.428127428127428,0.633440514469453,2.0313630880579,28.1452991452991,2.41198501872659,3.21960072595281,0.369172932330827,0.390139335476956,0.283216783216783,0.347509683674855,37.4456115779642,3536,10739,0.752294220665499,0.0652379455037743,0.0214807128504838
"79","MUZAFFARGARH","MUZAFFARGARH",79,"PUNJAB",79,"MUZAFFARGARH",375,3.87569596861,2232.41857061,3.87569596601,0.208819362273,372,12.6335808404535,118.248583805398,0.723043560157494,0.6762855052948,39,0,1531316.64854698,194005.513486,7333211.97746505,0.0591233435270133,0.885830784913354,0.484199796126402,0.771661569826707,0.656357388316151,0.430851063829787,0.451082897684839,0.781818181818182,2.07984293193717,28.2315160567588,2.40106951871658,3.42715231788079,0.448323066392882,0.405756731662024,0.381182147165259,0.411753981740055,23.9763412195935,4754,17010,0.781565888623415,0.08767792056192,0.0245044582217147
"80","NANKANA SAHIB","NANKANA SAHAB",80,"PUNJAB",80,"NANKANA SAHAB",376,2.81182414419,1633.87601116,2.81182414106,0.154208975573,373,8.11338961596814,191.641958670261,0.510087573734377,0.438214987516403,42,0,1060537.29411764,114542.084982,6877273.45426528,0.0210772833723653,0.982497082847141,0.64018691588785,0.82730455075846,0.786163522012579,0.525423728813559,0.512361466325661,0.90625,1.99611650485437,28.5072463768116,2.67479674796748,3.37104825291181,0.37014470677837,0.364016736401674,0.346551724137931,0.360237722439325,13.6407723394701,1430,28658,0.952472746609944,0.25019624886786,0.0124844942382943
"81","NANKANA SAHIB","SAFDARABAD",81,"PUNJAB",100,"SAFDARABAD",377,1.37390316715,604.092262341,1.37390316842,0.0572720991987,374,28.8126278826641,200.354644149578,0.541944886504957,0.500687003135681,0,0,423227.672847949,44974.255749,7389770.56488888,0.0181818181818182,1,0.741496598639456,0.875283446712018,0.894736842105263,0.705882352941177,0.689088191330344,0.89622641509434,2.0580204778157,27.4304932735426,2.71764705882353,3.19088937093276,0.404539385847797,0.4,0.361764705882353,0.388768030576717,14.5778045838359,2115,9071,0.810924369747899,0.201693165321623,0.0470269038314664
"82","NANKANA SAHIB","SHAH KOT",82,"PUNJAB",105,"SHAH KOT",378,0.794801492104,244.432416933,0.794801490731,0.0231343055097,375,11.8152305819772,194.891891891892,0.478741938809314,0.37618699669838,0,0,247883.7766499,26318.297474,10714986.7345689,0.0367965367965368,0.989177489177489,0.666666666666667,0.874458874458874,0.875,0.428571428571429,0.701444622792937,0.890909090909091,2.05821917808219,27.8619582664526,2.76785714285714,3.4324942791762,0.447902571041949,0.415384615384615,0.435754189944134,0.433013792123566,4.62650602409638,910,6576,0.878439754207855,0.249864186940529,0.0345767047013202
"83","NAROWAL","NAROWAL",83,"PUNJAB",81,"NAROWAL",380,1.41311476229,732.930131567,1.41311476685,0.0695530053472,377,16.6730165625105,232.312815338042,0.541772496477747,0.533061981201172,7,33,652602.426189956,75142.007211,9382807.01074304,0.0196592398427261,0.998692810457516,0.750326797385621,0.855643044619423,0.686868686868687,0.735537190082645,0.70770593445527,0.959090909090909,2.03418803418803,27.8379096545616,2.56923076923077,3.50501253132832,0.372564935064935,0.400482509047045,0.355590062111801,0.376212502074594,9.32532532532531,1616,15129,0.903493580173186,0.201338779219958,0.0215059466732402
"84","NAROWAL","SHAKARGARH",84,"PUNJAB",107,"SHAKARGARH",381,1.88544982645,965.570144457,1.88544982779,0.0916775958928,378,14.4576706505045,257.899206349206,0.585355592081417,0.446823000907898,16,91,799176.958547516,89916.222936,8717254.75308063,0.0942460317460317,1,0.757425742574257,0.959405940594059,0.697872340425532,0.742138364779874,0.749387254901961,0.961832061068702,2.12367021276596,26.9675245098039,2.43558282208589,3.58381030253475,0.276167947959787,0.296703296703297,0.247512437810945,0.273461227491343,11.1619771863118,2637,16497,0.862182502351834,0.183470784929902,0.0293272995005245
"85","NAROWAL","ZAFARWAL",85,"PUNJAB",121,"ZAFARWAL",382,1.52921059629,641.622802609,1.52652791749,0.0610283651684,379,15.9881398925781,272.221843003413,0.520590984984063,0.530713975429535,0,77,516431.275487114,58942.960615,8462151.55955902,0.0319829424307036,0.995735607675906,0.71002132196162,0.897435897435897,0.633663366336634,0.804878048780488,0.70280612244898,0.971223021582734,2.0995145631068,27.3469387755102,2.6875,3.47549909255898,0.307785888077859,0.333333333333333,0.285714285714286,0.308944502375159,17.1779279279279,1868,10938,0.854130876151804,0.185569233134456,0.0316916554667365
"86","OKARA","DEPALPUR",86,"PUNJAB",23,"DEPALPUR",383,2.93788346197,2560.28307703,2.93788346065,0.239735580389,380,11.6641021957542,175.181074766355,0.673066214420478,0.5196440021197,23,93,1600542.69237053,181696.848671,6676283.46936845,0.018450184501845,0.953038674033149,0.529953917050691,0.791896869244936,0.738983050847458,0.549295774647887,0.454545454545455,0.765567765567766,2.02418207681366,27.9418181818182,2.63425925925926,3.2592,0.396563573883161,0.361702127659574,0.331585845347313,0.36328384896335,24.2384682332462,2914,22137,0.883677298311445,0.121834804301332,0.0160377024770331
"87","OKARA","OKARA",87,"PUNJAB",84,"OKARA",384,2.19811270868,1248.68094529,2.19811270634,0.117288230741,381,19.566849591749,175.059587020649,0.568265329892113,0.509195029735565,0,0,1343316.02758321,138250.54587,11453118.6897138,0.014207650273224,0.949726775956284,0.590163934426229,0.809419496166484,0.894117647058824,0.541062801932367,0.549755301794454,0.775862068965517,1.9375,28.021207177814,2.784140969163,3.44279346210996,0.46360153256705,0.421487603305785,0.423780487804878,0.436289874559238,15.4284023668639,1862,28574,0.938822447102116,0.206682728232182,0.0134683012517786
"88","OKARA","RENALA KHURD",88,"PUNJAB",97,"RENALA KHURD",385,1.29656963822,624.348656984,1.29656963507,0.0586821187878,382,15.933232054026,184.225385527877,0.513220579846191,0.47333100438118,0,0,537363.1955801,59448.46306,9157188.02729764,0.0134874759152216,0.973025048169557,0.616570327552986,0.851637764932563,0.937062937062937,0.744525547445255,0.610169491525424,0.805555555555556,1.93478260869565,28.4463276836158,2.82706766917293,3.40277777777778,0.445652173913043,0.389312977099237,0.412532637075718,0.415832596029333,14.835112692764,1538,15664,0.910591791652133,0.26348872945951,0.025871148232171
"89","PAK PATTAN","ARIFWALA",89,"PUNJAB",5,"ARIFWALA",386,2.39439927974,1361.71494823,2.24961725073,0.108238775033,383,13.9440149195683,155.023642172524,0.566934847900369,0.527584989865621,5,0,856193.818890465,89899.8016049999,7910231.97213224,0.027603513174404,0.958646616541353,0.654135338345865,0.823308270676692,0.781990521327014,0.593073593073593,0.531548757170172,0.827586206896552,1.99616122840691,28.2007648183556,2.71951219512195,3.38129496402878,0.417857142857143,0.411477411477411,0.384201077199282,0.404511877177945,14.4561740243123,2055,29310,0.934481109516977,0.326029640518916,0.0228587823700571
"90","PAK PATTAN","PAK PATTAN",90,"PUNJAB",85,"PAK PATTAN",387,2.40955020617,1536.43933886,2.40955020532,0.143632580544,384,12.8062458577214,162.609073359073,0.707766073059898,0.531318664550781,28,0,1073376.89490245,119973.702107,7473073.94211741,0.040133779264214,0.913140311804009,0.551224944320713,0.741648106904232,0.835443037974684,0.684931506849315,0.48331830477908,0.811158798283262,2.05379746835443,27.8259693417493,2.52061855670103,3.16822429906542,0.417192429022082,0.380400421496312,0.394270122783083,0.397287657767159,19.980231436837,2135,28719,0.930803137356583,0.239377459356773,0.0177955665492082
"91","RAHIM YAR KHAN","KHAN PUR",91,"PUNJAB",56,"KHAN PUR",388,3.51049162345,3064.41486578,3.51049162487,0.282515559213,385,6.88688410145731,88.0316797642436,0.730952049375694,0.695508256554604,10,15,1048763.66231431,37125.542943,3712233.28455198,0.0428061831153389,0.945368171021378,0.568883610451306,0.794292508917955,0.811764705882353,0.549450549450549,0.504424778761062,0.739495798319328,2.10470409711684,27.5518905872888,2.78921568627451,3.37639553429027,0.435074626865672,0.414424111948332,0.42382271468144,0.424440484498481,20.4440789473685,3380,6812,0.668367346938776,0.183485532062351,0.091042439572922
"92","RAHIM YAR KHAN","LIAQAT PUR",92,"PUNJAB",66,"LIAQAT PUR",389,4.52230198472,4644.39522721,4.52230198127,0.427832750092,386,3.6612256606489,103.690920903037,0.785420007935891,-0.169385999441147,27,41,1074599.23528889,135377.486603,2511727.38659631,0.0578602620087336,0.910577971646674,0.435114503816794,0.8113413304253,0.653950953678474,0.396396396396396,0.417030567685589,0.662207357859532,2.04326328800989,27.4519650655022,2.6375,3.23560209424084,0.258750857927248,0.249237029501526,0.199312714776632,0.235766867401802,130.592009095335,2530,13933,0.846322055518435,0.102919623857836,0.0186884840565797
"93","RAHIM YAR KHAN","RAHIM YAR KHAN",93,"PUNJAB",94,"RAHIM YAR KHAN",390,3.19613528256,2626.68337158,3.19613528595,0.242015708815,387,11.4752175669832,82.7374173137762,0.721044888113361,0.652204245328903,0,24,1590154.09017318,192741.880967,6570458.16554293,0.081799591002045,0.926380368098159,0.596114519427403,0.786298568507158,0.811475409836066,0.597701149425287,0.494572591587517,0.721362229102167,2.00829383886256,27.5841248303935,2.63775510204082,3.54046639231824,0.437383177570093,0.416276894293732,0.355016538037486,0.402892203300437,59.8674525589406,2036,9150,0.817986769175755,0.0474728167749209,0.0105633502681682
"94","RAHIM YAR KHAN","SADIQABAD",94,"PUNJAB",99,"SADIQABAD",391,3.34690627885,2546.2114612,3.34690627907,0.234187657067,388,19.0880610716092,76.6768455380966,0.76740565837685,0.62406899034977,5,7,1229232.67321614,155399.09146,5248921.69216442,0.0815677966101695,0.934322033898305,0.597457627118644,0.778601694915254,0.614285714285714,0.269406392694064,0.475268817204301,0.701986754966887,2.04738154613466,27.6666666666667,2.22754491017964,3.3921568627451,0.43258785942492,0.40913508260447,0.350663716814159,0.397462219614517,65.1327407407408,3972,6837,0.632528448515126,0.0439963962193425,0.025559994995353
"95","RAJANPUR","JAMPUR",95,"PUNJAB",41,"JAMPUR",393,2.28883986333,2212.12198695,2.28883986292,0.206002067795,390,6.43492210463965,130.23630831643,0.774866388421399,0.803047001361847,15,0,756182.458784765,103996.4326,3670751.78845908,0.146884272997033,0.819526627218935,0.439349112426036,0.794378698224852,0.616822429906542,0.172839506172839,0.407453416149068,0.644808743169399,2.20070422535211,27.7490683229814,2.11450381679389,3.48475609756098,0.454035874439462,0.389830508474576,0.301857585139319,0.381907989351119,63.6921257181479,3207,4643,0.591464968152866,0.0446457622047316,0.0308375962503929
"96","RAJANPUR","RAJANPUR",96,"PUNJAB",95,"RAJANPUR",394,2.88511413783,2718.20427458,2.88511413927,0.252191747352,391,4.29066893828586,109.658503026968,0.729926135892419,0.758986604213715,5,0,615449.027342863,83327.013993,2440401.13843948,0.11496062992126,0.789308176100629,0.476340694006309,0.80188679245283,0.545454545454545,0.582089552238806,0.398230088495575,0.779220779220779,2.16198704103672,27.6359039190898,2.56862745098039,3.59365079365079,0.40506329113924,0.351585014409222,0.301181102362205,0.352609802636889,106.791907514451,1753,4444,0.717121187671454,0.0533320442800617,0.0210375953246958
"97","RAJANPUR","ROJHAN",97,"PUNJAB",98,"ROJHAN",395,2.98832848188,2798.61790342,2.98832848577,0.258689808987,392,2.24384630319378,98.7883995703545,0.800740637981546,0.110846251249313,26,0,318894.922335703,45042.270148,1232730.90495702,0.0455580865603645,0.671981776765376,0.275626423690205,0.694760820045558,0.396135265700483,0.283898305084746,0.132382892057026,0.35031847133758,2.05200945626478,28.7902240325866,2.29268292682927,3.18461538461538,0.131178707224335,0.126050420168067,0.0997830802603037,0.119004069217569,124.311493018258,555,4053,0.879557291666667,0.0899821431442652,0.0123217590538039
"98","RAWALPINDI","GUJAR KHAN",98,"PUNJAB",31,"GUJAR KHAN",396,2.32020822593,1480.87761076,2.32020822135,0.142837678932,393,9.39125896151928,485.492464754497,0.365778209871465,0.45818567276001,7,0,778249.290445082,74683.8780079999,5448487.37576854,0.119311193111931,0.997542997542998,0.871007371007371,0.950920245398773,0.888888888888889,0.685714285714286,0.831470335339639,0.952380952380952,1.95881006864989,29.0868443680138,2.79375,3.65460186142709,0.363709677419355,0.343991179713341,0.336206896551724,0.34796925122814,21.9110787172011,2894,11358,0.79694078024137,0.152081015380366,0.0387499963471367
"99","RAWALPINDI","KAHUTA",99,"PUNJAB",48,"KAHUTA",397,1.30855484875,614.738837862,1.30855484971,0.0595125445879,394,6.26535334275512,749.786713286713,0.397453931015737,0.626815021038055,17,0,222907.847784768,21380.837667,3745560.69360357,0.11353711790393,0.980392156862745,0.814814814814815,0.92156862745098,0.929411764705882,0.761194029850746,0.831029185867896,0.925,2.15983606557377,29.1858678955453,2.80769230769231,3.71534195933457,0.396039603960396,0.402750491159136,0.468401486988848,0.422397194036126,22.1761960326721,2518,5785,0.696736119474889,0.270569380400319,0.117769006023856
"100","RAWALPINDI","MURREE",100,"PUNJAB",78,"MURREE",400,1.1674013694,384.903634487,1.16740136747,0.0373834065647,397,12.4441752784392,1273.18784530387,0.414958182694938,0.749710977077484,1,0,271926.897200094,23672.531214,7273999.94244683,0.153246753246753,1,0.685714285714286,0.922279792746114,0.909090909090909,0.727272727272727,0.810661764705882,0.919540229885057,1.96860986547085,28.3419117647059,2.7,3.63265306122449,0.405990016638935,0.398230088495575,0.418326693227092,0.407515599453867,11.6691176470588,745,3862,0.838289559366182,0.163142672200428,0.0314710747771411
"101","RAWALPINDI","RAWALPINDI",101,"PUNJAB",96,"RAWALPINDI",401,2.73041636703,1620.55254778,2.73041636994,0.156662062439,398,31.118842559696,442.976527900797,0.394224805517248,0.492376655340195,0,0,3056583.40588149,276227.191952,19510680.2393313,0.137130801687764,0.995798319327731,0.798319327731092,0.90295358649789,0.729411764705882,0.7,0.804532577903683,0.861788617886179,1.76190476190476,27.9971671388102,2.66129032258065,3.78697183098592,0,0,0,0,23.0970314576867,4361,21175,0.82922149122807,0.0766579128230054,0.0157877288227214
"102","SAHIWAL","CHICHAWATNI",102,"PUNJAB",17,"CHICHAWATNI",403,2.60438483431,1587.54823798,2.60438483507,0.148738680975,400,14.3499591548494,153.749530956848,0.504868040974014,0.453020989894867,3,0,1230347.14624386,123338.692326,8271870.76138356,0.0738569753810082,0.946943483275663,0.66320645905421,0.860438292964245,0.766666666666667,0.409090909090909,0.611734253666954,0.896551724137931,1.93621013133208,28.0025884383089,2.78343949044586,3.5225988700565,0.403008709422011,0.38969764837626,0.34192439862543,0.378210252141233,19.4626935710935,2115,23868,0.918600623484586,0.193515915807781,0.0171479035500862
"103","SAHIWAL","SAHIWAL_SAHIWAL",103,"PUNJAB",102,"SAHIWAL_SAHIWAL",404,2.47041660401,1644.6217452,2.47041660226,0.154299986255,401,18.2825812528012,166.991884580703,0.572817092766427,0.464702000220617,3,0,1656303.92872379,169073.057325,10734310.2804075,0.0286885245901639,0.938775510204082,0.7170582226762,0.871428571428571,0.870292887029289,0.601190476190476,0.617138908085694,0.896860986547085,1.97108843537415,27.8790601243953,2.72596153846154,3.65919282511211,0.419678714859438,0.399596367305752,0.382495948136143,0.400590343433777,15.026102610261,0,0,NA,0,0
"104","SARGODHA","BHALWAL",104,"PUNJAB",11,"BHALWAL",405,1.86984630083,1282.58564193,1.86984629344,0.122544463329,402,11.7942940875281,195.143342776204,0.539688510642122,0.497185498476028,0,0,890393.191274237,90377.123062,7265878.58060762,0.056047197640118,0.982300884955752,0.671091445427729,0.874446085672083,0.791666666666667,0.566037735849057,0.634984833164813,0.836842105263158,1.91120507399577,28.4064711830131,2.57894736842105,3.34554140127389,0.432234432234432,0.419804741980474,0.420289855072464,0.424109676429123,14.679117147708,2500,18499,0.880946711748179,0.204686754493274,0.0276618674649
"105","SARGODHA","KOT MOMIN",105,"PUNJAB",61,"KOT MOMIN",406,1.45493377696,893.807035936,1.45493377581,0.085142475251,403,9.37865083200889,193.041530944625,0.503157567360467,0.529287993907928,9,0,405362.808647545,41158.438303,4760993.93930627,0.0552147239263804,0.985685071574642,0.515337423312883,0.830265848670757,0.724489795918367,0.575757575757576,0.527659574468085,0.72463768115942,2,28.490780141844,2.67605633802817,3.15322580645161,0.374677002583979,0.39047619047619,0.357702349869452,0.37428518097654,16.094616639478,1155,5426,0.824494757635618,0.131832018505049,0.028062289232092
"106","SARGODHA","SAHIWAL",106,"PUNJAB",101,"SAHIWAL",407,1.58309796123,759.890241673,1.58309795635,0.0723090025332,404,8.99808044125809,169.999036608863,0.405094836000533,0.482905000448227,0,0,373318.126954663,40127.891749,5162816.71543259,0.0395010395010395,0.972972972972973,0.61954261954262,0.856548856548857,0.880733944954128,0.747826086956522,0.56043956043956,0.860869565217391,2.02341137123746,28.5425824175824,2.71578947368421,3.31372549019608,0.367447595561036,0.348837209302326,0.342776203966006,0.353020336276456,35.4845857418112,2670,55367,0.953994865344522,1.37976349084873,0.0665372608334585
"107","SARGODHA","SARGODHA",107,"PUNJAB",104,"SARGODHA",408,2.67225025812,1457.87583697,2.6722502514,0.138883927065,405,20.4924174030365,186.662182361734,0.424021322463744,0.529838502407074,0,0,1685523.8450356,167762.933738,12136205.2517909,0.0825396825396825,0.989429175475687,0.711416490486258,0.874207188160677,0.810679611650485,0.628140703517588,0.716160220994475,0.90234375,2.05162241887906,28.5504143646409,2.62275449101796,3.60270009643202,0.485750474984167,0.468354430379747,0.397653194263364,0.450586033209093,14.0627177700348,2904,34944,0.923272035510463,0.208293925370744,0.0173101407760027
"108","SARGODHA","SHAHPUR",108,"PUNJAB",106,"SHAHPUR",409,1.55640045413,788.007613057,1.55640045276,0.0752400384685,406,10.0599425630076,180.186175115207,0.472175239636889,0.5356525182724,0,0,422428.486739157,44096.133003,5614410.82883033,0.0770925110132159,0.991189427312775,0.605726872246696,0.8215859030837,0.746987951807229,0.452054794520548,0.518821603927987,0.836206896551724,1.97627118644068,28.1865793780687,2.16393442622951,3.2120253164557,0.385991058122206,0.391120507399577,0.303125,0.360078855173928,22.609778597786,1128,7729,0.872643107146889,0.175276140415174,0.0255804743677469
"109","SARGODHA","SILLANWALI",109,"PUNJAB",112,"SILLANWALI",410,1.76430128771,611.342590105,1.76430128796,0.0580984094791,407,11.8564872155755,175.716363636364,0.392994071539609,0.533571004867554,0,0,387168.228093495,41169.434288,6664007.35518884,0.0372093023255814,0.974418604651163,0.681395348837209,0.872093023255814,0.892561983471074,0.729508196721312,0.634645669291339,0.870748299319728,1.88252148997135,28.4220472440945,2.72222222222222,3.49379652605459,0.339779005524862,0.367614879649891,0.352331606217617,0.353241830464123,25.0726392251815,1119,13132,0.921479194442495,0.318974506866802,0.0271803589083118
"110","SHEIKHUPURA","FEROZEWALA",110,"PUNJAB",28,"FEROZEWALA",411,1.41514857599,459.805425732,1.41514858,0.0435004213713,408,18.815260318827,207.798412698413,0.34669311486765,0.377963006496429,6,13,656705.667221647,75287.323317,15096535.7695343,0.0659062103929024,0.988607594936709,0.80379746835443,0.872151898734177,0.778761061946903,0.369369369369369,0.598851517637408,0.845559845559846,2.033527696793,27.4232977850697,2.46022727272727,3.31917808219178,0.458980044345898,0.473741794310722,0.410596026490066,0.447772621715562,2.97297297297297,1528,9088,0.856066314996232,0.120710892612487,0.0202955814163601
"111","SHEIKHUPURA","MURIDKE",111,"PUNJAB",77,"MURIDKE",412,1.94167806466,949.578587079,1.94167806354,0.0899762354387,409,20.0032375203862,214.1734375,0.466068366913818,0.542065024375916,10,39,719425.141868482,83865.316497,7995723.96378619,0.0538116591928251,0.992559523809524,0.808955223880597,0.907600596125186,0.884393063583815,0.46875,0.687068114511352,0.918781725888325,2.06741573033708,27.5409674234946,2.51655629139073,3.40229885057471,0.318499127399651,0.307692307692308,0.268370607028754,0.298187347373571,10.8889745566692,1310,11211,0.89537576870857,0.133678622680701,0.01562028326748
"112","SHEIKHUPURA","SHEIKHUPURA",112,"PUNJAB",108,"SHEIKHUPURA",414,2.18057511454,1260.02466276,2.1805751113,0.11936723864,411,19.6569147749849,204.265969802555,0.422995972569327,0.567357987165451,0,0,1636109.85926159,182201.133685,13706523.480835,0.0331695331695332,0.992628992628993,0.755528255528256,0.901719901719902,0.75,0.537037037037037,0.636144578313253,0.925233644859813,2.0034965034965,28.2120481927711,2.60769230769231,3.47474747474747,0.437362637362637,0.443946188340807,0.431746031746032,0.437684952483159,8.19163763066198,2118,24833,0.921412934584988,0.136294431860851,0.0116245160343608
"113","SIALKOT","DASKA",113,"PUNJAB",22,"DASKA",415,1.76277526185,754.418009897,1.76277525861,0.0718298774709,412,23.4352776148498,231.571014492754,0.406716299920842,0.560621023178101,0,0,1016790.99566206,111760.219659,14155544.0641533,0.0360248447204969,0.998760842627014,0.788104089219331,0.921933085501859,0.848484848484849,0.666666666666667,0.795398520953164,0.824742268041237,1.88429752066116,27.5981922760887,2.51485148514851,3.52789256198347,0.426598837209302,0.428571428571429,0.402730375426621,0.419300213735784,9.92946859903386,3849,13077,0.772598369372563,0.117009433588268,0.034439803462663
"114","SIALKOT","PASRUR",114,"PUNJAB",86,"PASRUR",416,1.8182561578,1022.20627572,1.89875036322,0.0972607312646,413,17.4602820354137,246.028017241379,0.456745644724686,0.497630993525187,0,52,963302.031424504,110808.640261,9904326.43163889,0.0381679389312977,0.997823721436344,0.764705882352941,0.882480957562568,0.946524064171123,0.879432624113475,0.750172057811425,0.822393822393822,2.05124450951684,27.4907088781831,2.82485875706215,3.4697247706422,0.323852617970265,0.328436516264428,0.327152317880795,0.326480484038496,9.3774124374553,3190,11021,0.775526000985152,0.0994597530846061,0.0287883687814076
"115","SIALKOT","SIALKOT",115,"PUNJAB",111,"SIALKOT",418,1.67129765589,973.159471441,1.98059957331,0.0929130177081,415,34.6271345297526,248.044186046512,0.41817762976469,0.501505970954895,2,139,1877924.26442515,183615.644637,20211637.8387894,0.0541062801932367,1,0.90549662487946,0.93731918997107,0.953488372093023,0.877005347593583,0.843172331544425,0.956521739130435,2.03527815468114,28.2057245080501,2.75609756097561,3.86411889596603,0.333902161547213,0.365313653136531,0.280503144654088,0.326572986445944,10.3067164179104,3126,21099,0.870959752321981,0.114908509248827,0.0170246931092389
"116","TOBA TEK SINGH","GOJRA",116,"PUNJAB",30,"GOJRA",419,1.76805820098,691.338835198,1.76805820536,0.0652422067394,416,20.1297330907051,166.452025586354,0.404059277096791,0.496692001819611,0,0,773022.286900879,78593.891243,11848500.0053508,0.0570032573289902,0.996742671009772,0.737785016286645,0.907166123778502,0.821052631578947,0.425,0.721973094170404,0.872611464968153,2.01243781094527,28.377802690583,2.73076923076923,3.51863354037267,0.423371647509579,0.428571428571429,0.432377049180328,0.428106708420445,12.768656716418,1227,11643,0.904662004662005,0.148141284467029,0.0156119003728459
"117","TOBA TEK SINGH","KAMALIA",117,"PUNJAB",51,"KAMALIA",420,2.2263451707,1117.0210278,2.2259433776,0.104929680598,552,13.1003360401554,150.145321831453,0.426588146101172,0.491186007857323,59,0,794717.610744163,81045.712255,7573811.39649929,0.0521472392638037,0.973966309341501,0.633996937212864,0.834609494640122,0.681528662420382,0.42,0.595394736842105,0.780487804878049,2.00936768149883,28.4188596491228,2.52336448598131,3.31123388581952,0.41534144059869,0.409090909090909,0.330628803245436,0.385020384311679,16.7905897945659,1900,10750,0.849802371541502,0.132641193480742,0.0234435597779916
"118","TOBA TEK SINGH","TOBA TEK SINGH",118,"PUNJAB",117,"TOBA TEK SINGH",421,2.28525495695,1270.46165257,2.28525496359,0.119640397247,417,13.9301663657929,157.423255813953,0.332615500799574,0.450373008847237,0,0,969164.523708005,96864.939548,8100646.15304767,0.074792243767313,0.982019363762102,0.764868603042877,0.922544951590595,0.878205128205128,0.708333333333333,0.739089184060721,0.901639344262295,2.01988071570577,28.6650853889943,2.71532846715328,3.62901155327343,0.376689189189189,0.409986859395532,0.323679727427598,0.370118592004106,13.6938300349243,3049,17982,0.855023536683943,0.185639923835283,0.0314768172491257
"119","VEHARI","BUREWALA",119,"PUNJAB",13,"BUREWALA",422,2.32533132057,1501.83236697,2.32533131861,0.140263986149,418,14.1296636639112,145.963914977756,0.527599605277733,0.549842014908791,6,0,1135909.90667152,117974.296865,8098371.77637928,0.015990159901599,0.959509202453988,0.668711656441718,0.85398773006135,0.893401015228426,0.640552995391705,0.619090098126673,0.889473684210526,1.99221789883268,28.9625334522748,2.79885057471264,3.47118155619597,0.445392491467577,0.427553444180523,0.422586520947177,0.431844152198425,20.985185185185,2835,26673,0.90392435949573,0.226091620876727,0.0240306581631433
"120","VEHARI","MAILSI",120,"PUNJAB",68,"MAILSI",423,2.7438280031,1600.70171242,2.74382800834,0.149272386179,419,12.6990715729791,128.910399257196,0.582089919621123,0.642292002836863,18,0,1094751.01735209,123843.386551,7333915.16927529,0.0567375886524823,0.949232585596222,0.501770956316411,0.814639905548996,0.754189944134078,0.532407407407407,0.447552447552448,0.840579710144927,2.02425373134328,28.4982517482517,2.54814814814815,3.380859375,0.389481707317073,0.374581939799331,0.368421052631579,0.377494899915994,19.1276694521819,3677,23050,0.862423766228907,0.186122171251412,0.0296907255397588
"121","VEHARI","VEHARI",121,"PUNJAB",118,"VEHARI",424,2.2305024581,1391.50062985,2.2305024555,0.129881336181,420,13.908023637974,138.273752012882,0.649471999990383,0.602223992347717,9,0,1015839.31897705,110562.488798,7821287.86819222,0.0338345864661654,0.93125,0.53,0.865,0.790816326530612,0.609756097560976,0.528,0.768888888888889,1.94973070017953,28.552,2.63225806451613,3.45117845117845,0.481324278438031,0.412698412698413,0.429541595925297,0.441188095687247,19.4251207729469,2089,21674,0.912090224298279,0.196033937329313,0.018894292473975
