"","OBJECTID","PROVINCE","DISTRICT","TEHSIL","SHAPE_Leng","Area_Sq_Km","Shape_Le_1","Shape_Area","id","penta1_in_clinic","penta3_in_clinic","penta1_out_clinic","penta3_out_clinic","penta1_ratio","penta3_ratio","OutreachClinicRatio","vaccinations","penta1","penta2","penta3"
"286",288,"PUNJAB","ATTOCK","ATTOCK",2.18616218185,1090.68004581,2.18616218911,0.105943930102,"286",1462,2480,-23402,11690,-0.0666362807657247,-0.0651640780100432,-16.3458781362007,0,4442,4022,3966
"287",289,"PUNJAB","ATTOCK","FATEH JANG",1.88092210929,1310.41839628,1.8809221135,0.126920035436,"287",3079,3083,-70349,7510,-0.0457707744908577,-0.0473055449942969,-22.1391708967851,0,4518,4199,4534
"288",290,"PUNJAB","ATTOCK","HASSANABDAL",1.27983265136,381.159837084,1.27983264822,0.0370387113205,"288",1442,2266,-32924,4210,-0.0458039514643288,-0.0462272591708917,-22.6322580645161,0,2556,2467,2362
"289",291,"PUNJAB","ATTOCK","HAZRO",1.21138895395,387.077207237,1.21138895688,0.0376718497539,"289",1695,3203,-30397,9085,-0.0590551181102362,-0.0589731729879741,-17.956862745098,0,4069,3504,3480
"290",292,"PUNJAB","ATTOCK","JAND",3.18130298531,2122.88996139,3.18130298674,0.205458977304,"290",1891,4507,-44611,12565,-0.0442649812734082,-0.0442046952132056,-23.622031328954,0,4766,4837,4988
"291",293,"PUNJAB","ATTOCK","PINDI GHEB",2.3478440407,1544.9147662,2.34784403995,0.149286317059,"291",2588,3051,-48537,13276,-0.0563233149796514,-0.055167486902683,-19.126618705036,0,5073,5130,4863
"292",294,"PUNJAB","BAHAWALNAGAR","BAHAWALNAGAR",2.12912171388,1803.39534023,2.16642707859,0.186810514192,"292",1480,2622,-11109,40613,-0.153702357461834,-0.400419916016797,-3.49737827715356,0,20299,19360,19514
"293",295,"PUNJAB","BAHAWALNAGAR","CHISHTIAN",2.45105532732,1823.78394265,2.45105531731,0.169562479346,"293",1671,1672,-20649,26517,-0.0880493202655707,-0.121012013684462,-9.26364234056542,0,17959,17275,17772
"294",296,"PUNJAB","BAHAWALNAGAR","FORT ABBAS",2.75161484274,2401.52456911,2.75161484294,0.222078140748,"294",234,364,-1788,7019,-0.150579150579151,-0.13649564375605,-8.32624113475177,0,5822,5670,5799
"295",297,"PUNJAB","BAHAWALNAGAR","HAROONABAD",1.61757858231,1130.12582369,1.61757858226,0.104785487036,"295",1188,2242,-16259,17127,-0.0788268860725897,-0.0813415825464018,-13.2938350680544,0,12028,11562,11942
"296",298,"PUNJAB","BAHAWALNAGAR","MINCHINABAD",2.01380381391,1417.67937901,2.01380381224,0.132189415974,"296",785,1321,-12558,22112,-0.066677992015629,-0.0564998640195812,-18.6991576413959,0,10767,10878,11456
"297",299,"PUNJAB","BAHAWALPUR","AHMADPUR EAST",1.93178662608,1478.92405598,1.93178662251,0.137260383826,"297",6109,5824,-145893,44915,-0.0437031419904996,-0.0537839124226559,-19.5929203539823,0,18245,16818,18813
"298",300,"PUNJAB","BAHAWALPUR","BAHAWALPUR",2.73940956816,1181.25213355,2.73940957036,0.10962840541,"298",2512,2214,-37967,44719,-0.0708503737131575,-0.106491106491106,-10.3904555314534,0,11898,11559,13226
"299",301,"PUNJAB","BAHAWALPUR","BAHAWALPUR CITY",1.53152629898,245.826837743,1.53152630021,0.0228364694867,"299",699,1467,-10792,13912,-0.069255919944516,-0.0942969221484611,-11.6048,0,4760,4857,5217
"300",302,"PUNJAB","BAHAWALPUR","HASILPUR",2.46603391559,1124.31672477,2.46603391269,0.104523331801,"300",2372,3301,-41750,23700,-0.0602366803799076,-0.0673775240334159,-15.8417445482866,0,5777,5356,6337
"301",303,"PUNJAB","BAHAWALPUR","KHAIRPUR TAMEWALI",1.74800543405,725.334808558,1.74800543447,0.0674442908616,"301",1248,1516,-25599,15470,-0.0512504619933473,-0.0713484196745839,-15.0157273918742,0,5148,4761,5186
"302",304,"PUNJAB","BAHAWALPUR","YAZMAN",8.00816202689,19177.7459282,8.00816202682,1.76881531433,"302",2626,3959,-48829,41863,-0.0568361361816332,-0.074512487170715,-14.4205693296602,0,10528,10759,11971
"303",305,"PUNJAB","BHAKKAR","BHAKKAR",2.32535357851,1830.76182111,2.32535358358,0.173854499289,"303",2633,3707,-46158,23756,-0.0604939689833429,-0.0729177399965653,-14.7140838436175,0,16171,15641,15739
"304",306,"PUNJAB","BHAKKAR","DARYA KHAN",2.04510005276,1384.6620652,2.04510005477,0.13184421513,"304",1274,2062,-28007,11175,-0.047656454569259,-0.0545023696682464,-19.3478260869565,0,6528,6388,6771
"305",307,"PUNJAB","BHAKKAR","KALUR KOT",1.93806691189,1749.69732296,1.93806691214,0.167006998465,"305",1094,985,-20435,12817,-0.0565637764334833,-0.0608726003490401,-17.427752293578,0,8951,9282,9754
"306",308,"PUNJAB","BHAKKAR","MANKERA",2.75352050749,3560.98494102,2.75352050637,0.33758009463,"306",384,1131,-8179,6722,-0.0492623476587556,-0.0567619571192963,-18.6174334140436,0,3766,3699,3982
"307",309,"PUNJAB","CHAKWAL","CHAKWAL",2.43162580846,2198.63402934,2.43162580967,0.21162524639,"307",3006,4532,-58576,27514,-0.05409393557675,-0.0588302230314065,-17.9980657640232,0,12427,12781,12611
"308",310,"PUNJAB","CHAKWAL","CHOA SAIDAN SHAH",1.28463763389,501.718902781,1.28463763433,0.0481421202312,"308",560,988,-11982,5216,-0.0490281912099457,-0.0532252765305005,-19.7880658436214,0,3856,3769,3762
"309",311,"PUNJAB","CHAKWAL","KALLAR KAHAR",1.51871034445,831.659844434,1.51871034369,0.0798594359591,"309",561,705,-10087,7768,-0.058891454965358,-0.0592808551992225,-17.8688524590164,0,5217,5499,5394
"310",312,"PUNJAB","CHAKWAL","TALA GANG",2.91318745663,3161.00813174,2.91318745393,0.304179588086,"310",2149,2748,-51719,18500,-0.0433528343756304,-0.0460754379117978,-22.7035376183358,0,12196,12186,12729
"311",313,"PUNJAB","CHINIOT","BHAWANA",1.54797736939,933.525449936,1.54797736906,0.0884537512945,"311",1781,1821,-47656,17224,-0.0388228882833787,-0.0389165785631576,-26.6959896507115,0,7906,7568,7720
"312",314,"PUNJAB","CHINIOT","CHINIOT",1.6546829257,699.458196472,1.65468292555,0.0663534855522,"312",1524,2828,-12218,28160,-0.142509818589863,-0.175129141993196,-6.71007194244604,0,15118,15434,15712
"313",315,"PUNJAB","CHINIOT","LALIAN",2.45111226495,983.041660884,2.45111226872,0.0933584651224,"313",1434,1989,-21754,18885,-0.0705708661417323,-0.096600907659535,-11.3518696069032,0,9966,9601,9972
"314",316,"PUNJAB","DERA GHAZI KHAN","DE-EXCLUDED AREA D.G.KHAN",3.96172282897,5400.39160271,3.96172283377,0.507164769339,"314",174,321,-1957,4621,-0.0975883342680875,-0.0801510700797314,-13.4764397905759,0,619,1180,1248
"315",317,"PUNJAB","DERA GHAZI KHAN","DERA GHAZI KHAN",3.01918214499,3621.19030989,3.01918214462,0.338753255345,"315",11208,9074,-232998,71358,-0.0505342891924794,-0.0585543632314234,-18.0781466113416,0,40444,37115,44113
"316",318,"PUNJAB","DERA GHAZI KHAN","TAUNSA",2.63620583243,2664.5741488,2.63620583273,0.251513980602,"316",4137,5904,-107832,29581,-0.0398958484015623,-0.046408110536958,-22.5479576399395,0,18636,18281,19878
"317",319,"PUNJAB","FAISALABAD","CHAK JHUMRA",1.03382883415,524.889447645,1.03382883349,0.0497455691759,"317",344,873,4316,21673,0.0738197424892704,0.089990375360924,10.1122994652406,0,9881,10351,10548
"318",320,"PUNJAB","FAISALABAD","FAISALABAD CITY",0.711983252894,200.950290049,0.711983255277,0.0190071083942,"318",1247,2517,35568,110982,0.0338720630177917,0.0399797428466927,24.0126671358198,0,49937,50096,50783
"320",322,"PUNJAB","FAISALABAD","JARANWALA",2.2915847202,1733.36550195,2.29158472165,0.163703285004,"320",2482,6326,-38045,68407,-0.0697916373759244,-0.0745578310449151,-14.4124073351541,0,22248,23601,23272
"321",323,"PUNJAB","FAISALABAD","SAMUNDARI",1.99834499707,869.034385888,1.99834499798,0.0818998719286,"321",1338,2262,-27743,28630,-0.0506722211702329,-0.0477624110138928,-21.9369665134603,0,13344,13694,14062
"322",324,"PUNJAB","FAISALABAD","TANDLIANWALA",2.68567283601,1355.2444941,2.68567283347,0.12751031025,"322",2678,3974,-58524,34444,-0.0479533001468324,-0.0470495907918831,-22.2541699761716,0,16979,16032,16087
"323",325,"PUNJAB","GUJRANWALA","GUJRANWALA",2.07008536976,787.248304336,2.0700853658,0.0748688664227,"323",2886,5197,-40411,44006,-0.07690872751499,-0.0815640751489232,-13.2602996254682,0,16944,17226,16196
"324",326,"PUNJAB","GUJRANWALA","GUJRANWALA CITY",0.472759844967,79.3986074594,0.472759843897,0.00755086143794,"324",15,94,22803,52422,0.000657375755982119,0.00123386066187811,809.464285714286,0,14943,15364,14752
"325",327,"PUNJAB","GUJRANWALA","KAMOKE",1.64943777675,681.300449904,1.64943777354,0.0646604484061,"325",1345,3301,-19863,27376,-0.0726320336969435,-0.0797148764827511,-13.5447098976109,0,7334,7477,8042
"326",328,"PUNJAB","GUJRANWALA","NOWSHERA VIRKHAN",1.5262022411,881.919645229,1.52620223534,0.0837694784389,"326",1354,2032,-19747,20876,-0.0736149622138857,-0.0792120454680712,-13.6243425995492,0,9427,9333,9375
"327",329,"PUNJAB","GUJRANWALA","WAZIRABAD",1.7500991754,1211.96739087,1.75009917712,0.115534829789,"327",6855,10241,-139607,31304,-0.0516376401108835,-0.0515207061629087,-20.4096718480138,0,15985,15685,15359
"328",330,"PUNJAB","GUJRAT","GUJRAT",2.02288037035,1437.93113871,2.02288036826,0.137498586922,"328",5308,9853,-73701,64697,-0.0776102817539807,-0.0799847466514133,-13.5023837902265,0,15839,15694,15772
"329",331,"PUNJAB","GUJRAT","KHARIAN",1.7655625208,1267.41775713,1.76556251931,0.121413241345,"329",4915,8329,-86642,44670,-0.0601392440686676,-0.065354573937602,-16.3011478730587,0,22391,22470,22132
"330",332,"PUNJAB","GUJRAT","SARAI ALAMGIR",1.30402385078,485.812193152,1.30402384861,0.0466285051914,"330",2172,2646,-48932,11198,-0.0464499572284003,-0.0470186922350013,-22.268137254902,0,7929,7557,8305
"331",333,"PUNJAB","HAFIZABAD","HAFIZABAD",1.43263955846,1102.35074242,1.43263955855,0.104911761787,"331",1289,1976,-10838,31652,-0.134987956854121,-0.211862725649673,-5.72003745318352,0,13634,14048,14039
"332",334,"PUNJAB","HAFIZABAD","PINDI BHATTIAN",1.58632297249,1179.65134225,1.58632297196,0.112138564342,"332",1119,1658,-16396,21336,-0.0732473653204163,-0.0876892316481005,-12.4039087947883,0,10625,10310,10122
"333",335,"PUNJAB","JHANG","18-HAZARI",2.82382746245,1656.38940765,2.8238274598,0.156673432882,"333",640,820,-1209,20294,-1.12478031634446,0.101694915254237,8.83333333333333,0,10711,9959,10202
"334",336,"PUNJAB","JHANG","AHMEDPUR SIAL",1.60514279042,862.891123494,1.60514279469,0.081254902888,"334",887,846,-11986,16243,-0.079917109649518,-0.134386328327292,-8.44123314065511,0,5395,6331,5585
"335",337,"PUNJAB","JHANG","JHANG",3.51936040663,2615.34330548,3.51936039879,0.247510805332,"335",3583,4851,-56013,72743,-0.0683387373641045,-0.130655721684745,-8.65370231862378,0,25910,25526,28373
"336",338,"PUNJAB","JHANG","SHORKOT",2.40354430326,1227.90004748,2.40354430469,0.115646879067,"336",875,1060,-4814,24001,-0.222137598375222,0.380926130099228,1.62518089725036,0,9197,8704,9427
"337",339,"PUNJAB","JHELUM","DINA",2.12108622853,724.886527837,2.12108622953,0.0696878980999,"337",1769,3028,-46535,10078,-0.0395165974176831,-0.0406171206031405,-25.620159803319,0,5152,5447,5378
"338",340,"PUNJAB","JHELUM","JHELUM",2.17828495334,605.697096804,2.17828495582,0.0581237798343,"338",3067,4607,-93627,16200,-0.0338670494699647,-0.0379880123116799,-27.3240938166311,0,10116,10058,10099
"339",341,"PUNJAB","JHELUM","PIND DADAN KHAN",2.22578284353,1347.72350099,2.22578284469,0.129115102506,"339",3024,3946,-78921,16000,-0.039843472073995,-0.0439490027273026,-23.7536448598131,0,11789,11606,11522
"340",342,"PUNJAB","JHELUM","SOHAWA",2.06169542151,911.996248991,2.06169542141,0.0877252109475,"340",1440,2515,-38671,8543,-0.0386774462141764,-0.042620232172471,-24.4630350194553,0,5273,5371,5459
"341",343,"PUNJAB","KASUR","CHUNIAN",1.82977106657,1181.82403748,1.82977106794,0.11094759583,"341",1434,3290,-24091,27642,-0.0632916979299996,-0.0764882529588412,-14.0739030023095,0,7480,8712,8846
"342",344,"PUNJAB","KASUR","KASUR",2.92286646652,1458.18747371,2.92286647186,0.137050059805,"342",3633,5806,-60908,43548,-0.0634308162374509,-0.0700521175491613,-15.2750859643639,0,11921,13484,13726
"343",345,"PUNJAB","KASUR","KOT RADHA KISHAN",1.07500856646,429.961468623,1.07500856362,0.0404713777675,"343",1365,2693,-22691,17496,-0.0640063771921598,-0.0725357162557229,-14.7863117870722,0,4777,5644,5449
"344",346,"PUNJAB","KASUR","PATTOKI",1.45208089868,844.634895385,1.45208089605,0.0795171817751,"344",1918,4237,-32191,22656,-0.0633567865754963,-0.0665689344972346,-16.022022022022,0,8599,10141,10132
"345",347,"PUNJAB","KHANEWAL","JAHANIAN",1.45683001044,499.727509199,1.45683001066,0.0467037462545,"345",1444,2741,-25580,19057,-0.0598276433543255,-0.0565385783718104,-18.6870382807253,0,9293,9105,9334
"346",348,"PUNJAB","KHANEWAL","KABIRWALA",2.09632903821,1649.33782288,2.09632903847,0.154822348563,"346",1238,2575,-2637,55986,-0.884917798427448,-0.918636995827538,-2.0885692657078,0,21026,19963,22776
"347",349,"PUNJAB","KHANEWAL","KHANEWAL",1.86252546523,1192.84176893,1.86252547199,0.111678581631,"347",1713,3527,-19179,51862,-0.0980762624527654,-0.0934002111932418,-11.7066139061617,0,17358,17106,18898
"348",351,"PUNJAB","KHUSHAB","KHUSHAB",3.21807433133,2948.08275164,3.21807433131,0.282120633646,"348",2347,3883,-28013,39235,-0.0914439336086652,-0.0950454134561577,-11.5212862318841,0,24450,24018,23778
"349",352,"PUNJAB","KHUSHAB","NOORPUR",2.35770529337,2401.75161753,2.35770529374,0.228638041638,"349",282,405,870,12334,0.244791666666667,0.0853462157809984,10.7169811320755,0,7592,7554,7583
"350",353,"PUNJAB","KHUSHAB","QAIDABAD",1.85278253678,1281.14695243,1.85278254,0.122537654579,"350",709,805,-10362,13359,-0.0734486688076246,-0.154053392113642,-7.4912559618442,0,7948,8054,8045
"351",354,"PUNJAB","LAHORE","LAHORE CANTT",1.89688566457,1037.43841716,1.8506433392,0.0979041316303,"351",2178,4178,-34105,72645,-0.0682181225921634,-0.0632051790196856,-16.8214882943144,0,40644,45071,41003
"352",355,"PUNJAB","LAHORE","LAHORE CITY",1.78899013741,656.331330988,1.78899013568,0.0619308895648,"352",1272,2876,-12139,40554,-0.117051624183307,-0.126622516556291,-8.89748953974895,0,46182,52387,49081
"353",356,"PUNJAB","LAYYAH","CHAUBARA",2.25973300018,2940.54723847,2.25973300174,0.277324077191,"353",1344,1726,-37330,11578,-0.0373478575001389,-0.0524064171122995,-20.0816326530612,0,3832,3782,3757
"354",357,"PUNJAB","LAYYAH","KAROR LAL ESAN",1.77193661749,1417.97067094,1.77193661791,0.134190706245,"354",5265,4050,-149568,20098,-0.0364857279474439,-0.0426994327142622,-24.4195148842337,0,16811,15068,14502
"355",358,"PUNJAB","LAYYAH","LAYYAH",2.08339814632,2022.48850758,2.08339814457,0.190730581555,"355",9359,15415,-250194,41177,-0.0388606307222787,-0.0429791777896423,-24.2670807453416,0,25083,23991,23741
"356",359,"PUNJAB","LODHRAN","DUNYA PUR",1.79712404302,806.767928427,1.79712404092,0.0752333544217,"356",1924,2026,-23103,18900,-0.0908447046602767,-0.0998258489861923,-11.017445482866,0,13237,12861,13296
"357",360,"PUNJAB","LODHRAN","KARORPACCA",1.69493649807,714.550968972,1.69493650145,0.0664978827561,"357",1131,1273,-6043,26743,-0.230252442996743,-2.51041666666667,-1.39834024896266,0,15793,15399,15564
"358",361,"PUNJAB","LODHRAN","LODHRAN",1.8860463158,1142.96395348,1.88604631292,0.106353191974,"358",2975,4602,-38498,35425,-0.0837485572727529,-0.122092710963098,-9.19049714034316,0,21417,20815,21841
"359",362,"PUNJAB","MANDI BAHAUDDIN","MALAKWAL",1.49364609961,749.137191113,1.49364609732,0.0716019165719,"359",2283,3025,-49601,19335,-0.0482480240077772,-0.0498669642090808,-21.0533562822719,0,11576,11327,10989
"360",363,"PUNJAB","MANDI BAHAUDDIN","MANDI BAHAUDDIN",1.3554163592,878.770324106,1.35541635726,0.0840603532713,"360",3986,6642,-81697,30197,-0.0512926097978407,-0.0480277948089107,-21.8212765957447,0,14228,14559,14161
"361",364,"PUNJAB","MANDI BAHAUDDIN","PHALIA",1.90946033367,1140.8828145,1.90946033998,0.108891981232,"361",1405,2166,-21440,26316,-0.0701272772647866,-0.0812480881003365,-13.3079819277108,0,12176,12219,12287
"362",365,"PUNJAB","MIANWALI","ISAKHEL",2.92341438718,1883.27458015,2.92341438284,0.18138317281,"362",2675,2678,-49263,12459,-0.0574182192839358,-0.0599967743669695,-17.6675627240143,0,8855,8931,8835
"363",366,"PUNJAB","MIANWALI","MIANWALI",2.77735101538,2952.13457317,2.77735101746,0.283593037576,"363",2864,3730,-48811,26981,-0.0623326876618713,-0.0678702504317789,-15.7339960238569,0,12901,12433,12237
"364",367,"PUNJAB","MIANWALI","PIPLAN",1.64838341894,1197.12073252,1.6483834177,0.114576014895,"364",1342,2016,-16421,12796,-0.0889979441607534,-0.0849036013095671,-12.7780634104542,0,7804,7463,7317
"365",368,"PUNJAB","MULTAN","JALALPUR PIRWALA",1.58360418199,871.275606975,1.58360418294,0.0810897034058,"365",1802,2760,-29539,16547,-0.0649673721022461,-0.060440505893487,-17.5451957295374,0,6616,6379,6645
"366",369,"PUNJAB","MULTAN","MULTAN CITY",0.90767468391,285.76531824,0.907674684462,0.0267518025454,"366",2623,3599,-20110,65273,-0.149997140733116,-0.24231884057971,-5.12679425837321,0,23813,23729,24947
"367",370,"PUNJAB","MULTAN","MULTAN SADDAR",3.3057787094,1652.51714946,3.30577871126,0.154616692887,"367",4630,4937,-81313,31397,-0.060378441114719,-0.0616687858689302,-17.215658957927,0,22739,21333,23042
"368",371,"PUNJAB","MULTAN","SHUJABAD",1.36544309622,837.926435103,1.36544309362,0.0781807056617,"368",2510,4517,-44867,15446,-0.0592582099770994,-0.0624958446911775,-17.0010638297872,0,11367,10067,9862
"369",372,"PUNJAB","MUZAFFARGARH","ALIPUR",2.11452253728,1237.96880365,2.1145225361,0.114990192053,"369",1969,1695,-47986,7881,-0.042788534671969,-0.0459209053600298,-22.7765741367637,0,6169,5116,5934
"370",373,"PUNJAB","MUZAFFARGARH","JATOI",1.72291298614,1033.16723336,1.7229129853,0.0962393044272,"370",2152,1572,-49526,5257,-0.0454257609659307,-0.047657376664319,-21.9831104855735,0,5029,4097,4185
"371",374,"PUNJAB","MUZAFFARGARH","KOT ADDU",2.80958609351,3165.65535949,2.80958609222,0.297259256235,"371",4621,6733,-106173,18594,-0.0455037813140066,-0.049167788086975,-21.3385191587439,0,12204,10414,11605
"372",375,"PUNJAB","MUZAFFARGARH","MUZAFFARGARH",3.87569596861,2232.41857061,3.87569596601,0.208819362273,"372",6586,9509,-155324,31304,-0.0442792023558203,-0.049405792329995,-21.2405417024936,0,18281,16086,16931
"373",376,"PUNJAB","NANKANA SAHIB","NANKANA SAHAB",2.81182414419,1633.87601116,2.81182414106,0.154208975573,"373",1404,2138,-11180,48000,-0.143617021276596,-0.25842188559801,-4.86964129483815,0,22094,22336,23722
"374",377,"PUNJAB","NANKANA SAHIB","SAFDARABAD",1.37390316715,604.092262341,1.37390316842,0.0572720991987,"374",1936,3377,-53385,20637,-0.0376294971719567,-0.0443748194564807,-23.5353029544316,0,5187,5326,5831
"375",378,"PUNJAB","NANKANA SAHIB","SHAH KOT",0.794801492104,244.432416933,0.794801490731,0.0231343055097,"375",977,1179,-13970,10904,-0.0751943354113754,-0.0850141185962082,-12.7627520759193,0,5130,5174,5372
"376",379,"PUNJAB","NANKANA SAHIB","SHANGLA HILL",0.985367022193,302.877994057,0.985367022734,0.0287177847956,"376",430,633,-4347,13560,-0.109777891243298,-0.236559139784946,-5.22727272727273,0,5597,5530,5586
"377",380,"PUNJAB","NAROWAL","NAROWAL",1.41311476229,732.930131567,1.41311476685,0.0695530053472,"377",1434,2763,-22093,25861,-0.0694128467011956,-0.0709035291969137,-15.1036703155184,0,11364,12198,12217
"378",381,"PUNJAB","NAROWAL","SHAKARGARH",1.88544982645,965.570144457,1.88544982779,0.0916775958928,"378",2290,4397,-46144,26757,-0.0522187257718794,-0.0564813550061467,-18.7049576783555,0,12830,13833,13702
"379",382,"PUNJAB","NAROWAL","ZAFARWAL",1.52921059629,641.622802609,1.52652791749,0.0610283651684,"379",1492,3072,-22839,18942,-0.0698927249730641,-0.0696896043351795,-15.349342481418,0,9195,9324,9647
"380",383,"PUNJAB","OKARA","DEPALPUR",2.93788346197,2560.28307703,2.93788346065,0.239735580389,"380",3455,4534,-56883,39415,-0.0646664670210377,-0.0663533248603151,-16.070834839176,0,20378,19666,20180
"381",384,"PUNJAB","OKARA","OKARA",2.19811270868,1248.68094529,2.19811270634,0.117288230741,"381",1851,2845,-19309,49641,-0.10602589070913,-0.115737230302613,-9.64026206075045,0,22694,22236,22061
"382",385,"PUNJAB","OKARA","RENALA KHURD",1.29656963822,624.348656984,1.29656963507,0.0586821187878,"382",1495,2103,-20789,19367,-0.0774852285684669,-0.083679354094579,-12.9503790489318,0,13191,13131,13326
"383",386,"PUNJAB","PAK PATTAN","ARIFWALA",2.39439927974,1361.71494823,2.24961725073,0.108238775033,"383",1935,3354,-25113,46422,-0.0834843385969454,-0.0969229175300456,-11.3174772848744,0,21830,21620,21355
"384",387,"PUNJAB","PAK PATTAN","PAK PATTAN",2.40955020617,1536.43933886,2.40955020532,0.143632580544,"384",1620,2326,-11355,43351,-0.166409861325116,-0.336622034296453,-3.97069085833915,0,22833,22710,22484
"385",388,"PUNJAB","RAHIM YAR KHAN","KHAN PUR",3.51049162345,3064.41486578,3.51049162487,0.282515559213,"385",2156,3698,-27190,15755,-0.0861228728928657,-0.0879434179505455,-12.3709476309227,0,9917,8925,8744
"386",389,"PUNJAB","RAHIM YAR KHAN","LIAQAT PUR",4.52230198472,4644.39522721,4.52230198127,0.427832750092,"386",3424,2781,-58457,23400,-0.0622172151254702,-0.0729933642396146,-14.6998754669988,0,14741,12297,13067
"387",390,"PUNJAB","RAHIM YAR KHAN","RAHIM YAR KHAN",3.19613528256,2626.68337158,3.19613528595,0.242015708815,"387",2547,2509,-43194,14607,-0.0626614510295963,-0.0674985627811031,-15.815130260521,0,10379,8440,8920
"388",391,"PUNJAB","RAHIM YAR KHAN","SADIQABAD",3.34690627885,2546.2114612,3.34690627907,0.234187657067,"388",2627,7956,-40834,13342,-0.0687570340513518,-0.0771260747424874,-13.9657836644592,0,12587,10564,10488
"389",392,"PUNJAB","RAJANPUR","DE-EXCLUDED AREA RAJANPUR",4.67638595741,4794.03065535,4.67638595733,0.445137626897,"389",0,0,73,200,0,0,Inf,0,31,10,25
"390",393,"PUNJAB","RAJANPUR","JAMPUR",2.28883986333,2212.12198695,2.28883986292,0.206002067795,"390",3957,4801,-75273,8097,-0.0554854450614168,-0.0540524758642168,-19.5005401512423,0,5615,4480,5014
"391",394,"PUNJAB","RAJANPUR","RAJANPUR",2.88511413783,2718.20427458,2.88511413927,0.252191747352,"391",2583,3485,-51267,8039,-0.0530564456494947,-0.0557906386302975,-18.9241540256709,0,6285,5264,5060
"392",395,"PUNJAB","RAJANPUR","ROJHAN",2.98832848188,2798.61790342,2.98832848577,0.258689808987,"392",811,1053,-12008,6948,-0.0724301152094311,-0.0960252600297177,-11.4139264990329,0,4860,3584,3689
"393",396,"PUNJAB","RAWALPINDI","GUJAR KHAN",2.32020822593,1480.87761076,2.32020822135,0.142837678932,"393",3294,4936,-74829,18549,-0.0460473893898092,-0.0457860746072037,-22.840701754386,0,11719,11212,11144
"394",397,"PUNJAB","RAWALPINDI","KAHUTA",1.30855484875,614.738837862,1.30855484971,0.0595125445879,"394",2524,3210,-74377,7782,-0.0351272737394402,-0.0345915457051354,-29.9087977890373,0,6411,6207,6595
"395",398,"PUNJAB","RAWALPINDI","KALLAR SAYYEDAN",1.38207650907,471.215128682,1.38207650772,0.0455330586755,"395",1756,2104,-43510,5387,-0.0420558509364372,-0.0390957939596072,-26.5781990521327,0,4061,4214,4423
"396",399,"PUNJAB","RAWALPINDI","KOTLI SATTIAN",1.1416461299,368.717437104,1.14164612788,0.0357738018149,"396",410,755,-7948,3901,-0.0543910851684797,-0.054919576872917,-19.2084432717678,0,1882,1817,2031
"397",400,"PUNJAB","RAWALPINDI","MURREE",1.1674013694,384.903634487,1.16740136747,0.0373834065647,"397",753,861,-13056,5857,-0.0612045842477444,-0.0605385920271416,-17.5183887915937,0,3538,3227,3241
"398",401,"PUNJAB","RAWALPINDI","RAWALPINDI",2.73041636703,1620.55254778,2.73041636994,0.156662062439,"398",4462,4812,-97733,36655,-0.0478390925368014,-0.04973298544222,-21.1073792596225,0,19929,20231,19670
"399",402,"PUNJAB","RAWALPINDI","TAXILA",0.896920123457,279.556575039,0.896920125034,0.0271365256772,"399",601,875,-5808,9396,-0.115421547916267,-0.145968216597999,-7.8508064516129,0,4777,4750,4810
"400",403,"PUNJAB","SAHIWAL","CHICHAWATNI",2.60438483431,1587.54823798,2.60438483507,0.148738680975,"400",2135,2682,-30761,35187,-0.0745825473345909,-0.104143070044709,-10.6021751574127,0,14019,13051,13405
"401",404,"PUNJAB","SAHIWAL","SAHIWAL_SAHIWAL",2.47041660401,1644.6217452,2.47041660226,0.154299986255,"401",0,0,0,0,NA,NA,NA,0,0,0,0
"402",405,"PUNJAB","SARGODHA","BHALWAL",1.86984630083,1282.58564193,1.86984629344,0.122544463329,"402",2578,4833,-40481,29765,-0.0680157243489961,-0.0718475073313783,-14.9183673469388,0,17101,16433,16121
"403",406,"PUNJAB","SARGODHA","KOT MOMIN",1.45493377696,893.807035936,1.45493377581,0.085142475251,"403",1200,2680,-22164,10998,-0.0572409845449342,-0.058415328845158,-18.1187943262411,0,4410,4479,4599
"404",407,"PUNJAB","SARGODHA","SAHIWAL",1.58309796123,759.890241673,1.58309795635,0.0723090025332,"404",2778,4401,-11543,84149,-0.316942384483742,2.06566104702751,-0.515893470790378,0,45813,44292,45750
"405",408,"PUNJAB","SARGODHA","SARGODHA",2.67225025812,1457.87583697,2.6722502514,0.138883927065,"405",3015,5116,-37090,61992,-0.088481291269259,-0.113226452905812,-9.83185840707965,0,26688,26751,25596
"406",409,"PUNJAB","SARGODHA","SHAHPUR",1.55640045413,788.007613057,1.55640045276,0.0752400384685,"406",1246,2326,-23166,15231,-0.0568430656934307,-0.0585669102410296,-18.0744878957169,0,5921,5926,5817
"407",410,"PUNJAB","SARGODHA","SILLANWALI",1.76430128771,611.342590105,1.76430128796,0.0580984094791,"407",1085,1675,-14823,18869,-0.0789780171786286,-0.081276432141484,-13.3036896877956,0,11065,11290,11180
"408",411,"PUNJAB","SHEIKHUPURA","FEROZEWALA",1.41514857599,459.805425732,1.41514858,0.0435004213713,"408",1716,3523,-40166,21296,-0.044629388816645,-0.0513108997306604,-20.4890365448505,0,6060,7343,6973
"409",412,"PUNJAB","SHEIKHUPURA","MURIDKE",1.94167806466,949.578587079,1.94167806354,0.0899762354387,"409",1406,3248,-34170,29820,-0.0429129532413625,-0.063387343642793,-16.7760199833472,0,7162,7972,8413
"410",413,"PUNJAB","SHEIKHUPURA","SHARAK PUR",1.04654892947,375.597609276,1.04654892998,0.035484737582,"410",329,691,-3919,5847,-0.0916434540389972,-0.094560669456067,-11.5752212389381,0,1337,1453,1595
"411",414,"PUNJAB","SHEIKHUPURA","SHEIKHUPURA",2.18057511454,1260.02466276,2.1805751113,0.11936723864,"411",2121,5819,-42382,60744,-0.0526812548123494,-0.0721849026528521,-14.8533123028391,0,14902,17223,17529
"412",415,"PUNJAB","SIALKOT","DASKA",1.76277526185,754.418009897,1.76277525861,0.0718298774709,"412",3757,7658,-75555,34252,-0.0523273628791888,-0.054141794952351,-19.4700193423598,0,11278,11423,11661
"413",416,"PUNJAB","SIALKOT","PASRUR",1.8182561578,1022.20627572,1.89875036322,0.0972607312646,"413",3199,5958,-75571,30917,-0.0442021776377605,-0.0482466425902475,-21.7268308489955,0,10074,10746,10979
"414",417,"PUNJAB","SIALKOT","SAMBRIAL",0.93038272012,361.486892952,0.930382718135,0.0345015695785,"414",1688,3093,-38990,16277,-0.0452522652940861,-0.0493683896422532,-21.2558764271323,0,5816,6019,6209
"415",418,"PUNJAB","SIALKOT","SIALKOT",1.67129765589,973.159471441,1.98059957331,0.0929130177081,"415",3469,6024,-86400,58081,-0.0418299550228503,-0.0512595690149395,-20.5085526315789,0,16142,18034,18589
"416",419,"PUNJAB","TOBA TEK SINGH","GOJRA",1.76805820098,691.338835198,1.76805820536,0.0652422067394,"416",1273,2705,-18016,24370,-0.076031774472914,-0.0784237474884957,-13.7512396694215,0,10596,10196,10820
"417",421,"PUNJAB","TOBA TEK SINGH","TOBA TEK SINGH",2.28525495695,1270.46165257,2.28525496359,0.119640397247,"417",3548,4529,-63746,42212,-0.0589388351772484,-0.0660719450067852,-16.1350168350168,0,15307,14989,15094
"418",422,"PUNJAB","VEHARI","BUREWALA",2.32533132057,1501.83236697,2.32533131861,0.140263986149,"418",3343,4687,-65086,41555,-0.0541437895793855,-0.064386914917291,-16.5311059907834,0,23884,21991,23688
"419",423,"PUNJAB","VEHARI","MAILSI",2.7438280031,1600.70171242,2.74382800834,0.149272386179,"419",4221,6640,-82139,39364,-0.054172335018866,-0.0567701821376677,-18.614880952381,0,19777,19080,22393
"420",424,"PUNJAB","VEHARI","VEHARI",2.2305024581,1391.50062985,2.2305024555,0.129881336181,"420",2169,3395,-38223,32961,-0.0601597603594608,-0.0628917961297356,-16.9003250270856,0,18052,16516,17629
"552",420,"PUNJAB","TOBA TEK SINGH","KAMALIA",2.2263451707,1117.0210278,2.2259433776,0.104929680598,"552",2321,2902,-34363,27229,-0.0724361775170089,-0.0750513046027558,-14.32421875,0,6253,6174,6485
"553",350,"PUNJAB","KHANEWAL","MIAN CHANNU",1.95870851483,1025.93116554,1.95830672507,0.0961376073697,"553",3286,5987,-65025,49985,-0.0532240561071608,-0.0499711875175461,-21.011531638084,0,18441,17927,20024
