"","TEHSIL","DISTRICT","PROVINCE","X","Y","Shape_Le_1","Shape_Area","Population","Child Population","Population Density","Poverty","Births","Fertiltiy","Malaria Instance","Distance to Lakes Rivers","Night Lights","Elevation","Children Urban","Women Urban","Household Urban","Urban to Rural Ratio","Radio Instance","Electricity Instance","Television Instance","Mobile Phone Instance","Vacc Card Instance","School Enrolled","Antenatal Care","Child Age","Mother Age","Maternal Education","Num Total Clinics","Penta 1 Total","Penta 3 Total","Penta 1 Per Capita","Penta 3 Per Capital","Penta From Clinic","PentaFromOutreach","TotalClinicsCoverage","TotalOutreachCoverage","TotalFromUnknownCoverage","OutreachClinicRatio"
"1","18-HAZARI","JHANG","PUNJAB",72.0657295292063,31.3081310353422,2.8238274598,0.156673432882,497107.628390812,52406.730413,3172890.38253992,0.601102675851501,10403.879087925,4.62806009249331,0,52406.730413,0.601102675851501,155.796625222025,0,0,0,0,0.0453781512605042,0.899328859060403,0.236974789915966,0.836974789915966,0.246511627906977,0.421487603305785,0.697142857142857,2.07438016528926,28.4214876033058,2.82913165266106,5,21824,21201,0.416435061451312,0.404547275377074,2,58,0.00828137906295223,0.127483625621161,0.269526449917512,0.970190260320077
"2","AHMADPUR EAST","BAHAWALPUR","PUNJAB",71.1599396081915,29.2800524689601,1.93178662251,0.137260383826,1113662.97068812,135026.127508,8113506.16722642,0.8124977762952,27964.8895312101,14.166610704767,0,135026.127508,0.8124977762952,102.583038869258,0.391952309985097,0.506318449873631,0.405162738496072,0.434477832784933,0.054590570719603,0.866004962779156,0.424317617866005,0.738213399503722,0.448780487804878,0.450417052826691,0.770212765957447,2.03316749585406,27.9972196478221,3.36625514403292,33,57645,59814,0.426917375650758,0.442980933423097,25,232,0.0482869509800146,0.11867332860487,0.281456638810502,0.853562123798401
"3","AHMEDPUR SIAL","JHANG","PUNJAB",71.9055061935492,30.8062393232533,1.60514279469,0.081254902888,457973.186314506,50576.470073,5636252.95258511,0.560411954463296,9126.50988033414,7.82048832933517,0,50576.470073,0.560411954463296,138.224699828473,0.386221294363257,0.410457516339869,0.402985074626866,0.399887961776664,0.0571992110453649,0.877952755905512,0.326771653543307,0.822834645669291,0.28921568627451,0.456521739130435,0.660714285714286,1.99033816425121,28.5028985507246,3.26349206349206,12,22545,18735,0.445760646550846,0.370429173347975,0,8,0.0326040943074893,0.0933833459152649,0.245291930854282,0.88267520455354
"4","ALIPUR","MUZAFFARGARH","PUNJAB",70.7561973727939,29.2773205602506,2.1145225361,0.114990192053,628935.260926206,83185.675714,5469468.74074551,0.81460386554304,15739.8999548703,9.65638034041125,0,83185.675714,0.81460386554304,98.915961305925,0.24468085106383,0.367532467532468,0.319148936170213,0.31045408492217,0.0556621880998081,0.842911877394636,0.432950191570881,0.676245210727969,0.520325203252033,0.416098226466576,0.8,2.17117117117117,28.1350613915416,3.63934426229508,16,12252,11863,0.147284972981689,0.14260868711082,11,4,0.0439138105045795,0.0303056984073488,0.0725725907517511,0.623013415892673
"5","ARIFWALA","PAK PATTAN","PUNJAB",73.1006681487953,30.2532075648472,2.24961725073,0.108238775033,856193.818890465,89899.8016049999,7910231.97213224,0.566934847900369,21752.6632745266,13.9440149195683,0,89899.8016049999,0.566934847900369,155.023642172524,0.384201077199282,0.417857142857143,0.411477411477411,0.404511877177945,0.027603513174404,0.958646616541353,0.654135338345865,0.823308270676692,0.593073593073593,0.531548757170172,0.827586206896552,1.99616122840691,28.2007648183556,3.38129496402878,27,55635,50873,0.618855648252129,0.565885564725992,255,459,0.0401224467196087,0.182492060128057,0.354283317998208,0.898271145330964
"6","ATTOCK","ATTOCK","PUNJAB",72.2997244812163,33.7522683270962,2.18616218911,0.105943930102,393456.659553904,37452.829191,3713819.74573809,0.41399349327114,11453.0997203588,7.53493402655187,0,37452.829191,0.41399349327114,410.912614980289,0.422222222222222,0.438729198184569,0.457627118644068,0.43952617968362,0.123115577889447,0.992462311557789,0.763819095477387,0.917085427135678,0.575,0.667247386759582,0.908045977011494,2.01293103448276,28.616724738676,3.67362924281984,13,15627,14196,0.417244847386728,0.37903678591553,20,0,0.0703551656021008,0.0919022694506379,0.219903280417041,0.757611995216631
"7","BAHAWALNAGAR","BAHAWALNAGAR","PUNJAB",73.1792799100773,29.8139238033684,2.16642707859,0.186810514192,939143.134216927,105054.697708,5027249.87551662,0.573597426690885,22961.2477115989,8.63854315711018,21,105054.697708,0.573597426690885,155.212710280374,0.366355140186916,0.453921568627451,0.4,0.406758902938122,0.0264797507788162,0.93944099378882,0.501552795031056,0.770186335403727,0.346456692913386,0.466520307354555,0.722826086956522,1.96631578947368,28.4401756311745,3.43058823529412,32,49044,43487,0.466842521752982,0.413946267504118,70,141,0.0261958775765478,0.104688321797555,0.285841572582178,0.916048930783076
"8","BAHAWALPUR","BAHAWALPUR","PUNJAB",71.4697655146019,29.3385353700444,2.73940957036,0.10962840541,1055597.95547099,114256.993429,9628872.65871609,0.783578614657774,24696.1471797228,15.6701441495703,0,114256.993429,0.783578614657774,114.598355471221,0.415041782729805,0.417525773195876,0.391304347826087,0.407957301250589,0.0421686746987952,0.933734939759036,0.487951807228916,0.742971887550201,0.669491525423729,0.502103786816269,0.81021897810219,1.96449704142012,27.7180925666199,3.52513966480447,17,47906,52485,0.419282868928011,0.459359190408021,110,108,0.0372668654426475,0.132289495341855,0.299815345843901,0.889442800020772
"9","BAHAWALPUR CITY","BAHAWALPUR","PUNJAB",71.6053220874545,29.4342690909222,1.53152630021,0.0228364694867,202797.565078761,21939.131049,8880425.46142568,0.745942277776683,6029.50236344337,18.2712192831617,0,21939.131049,0.745942277776683,114.369230769231,0.481751824817518,0.517203107658158,0.464566929133858,0.487840620536511,0.0570469798657718,0.954697986577181,0.582214765100671,0.73993288590604,0.586206896551724,0.552147239263804,0.849624060150376,2.0625,28.1950920245399,3.62888888888889,13,15456,16539,0.704494629503774,0.753858480678243,4,847,0.0692825981396051,0.276765747305054,0.429825592405576,0.861187214611872
"10","BHAKKAR","BHAKKAR","PUNJAB",71.141746725592,31.5578176593932,2.32535358358,0.173854499289,662595.031514009,75802.791119,3811204.39346566,0.724675492037279,16490.8298339918,6.66565474292313,0,75802.791119,0.724675492037279,165.587740384615,0.274157303370787,0.355289421157685,0.332819722650231,0.320755482392901,0.0520325203252033,0.952922077922078,0.530081300813008,0.830894308943089,0.6,0.519108280254777,0.722972972972973,2.09876543209877,28.468152866242,3.42740286298568,20,30397,27816,0.401001065413025,0.366952187239817,114,161,0.0554992756585386,0.110761093042332,0.204517535187621,0.786555048198884
"11","BHALWAL","SARGODHA","PUNJAB",72.9157789889183,32.33054442393,1.86984629344,0.122544463329,890393.191274237,90377.123062,7265878.58060762,0.539688510642122,20852.3119467497,11.7942940875281,0,90377.123062,0.539688510642122,195.143342776204,0.420289855072464,0.432234432234432,0.419804741980474,0.424109676429123,0.056047197640118,0.982300884955752,0.671091445427729,0.874446085672083,0.566037735849057,0.634984833164813,0.836842105263158,1.91120507399577,28.4064711830131,3.34554140127389,27,39488,36558,0.436924728981588,0.404505020312726,37,35,0.0528894905928888,0.107106750824093,0.245294375931747,0.822627926824743
"12","BHAWANA","CHINIOT","PUNJAB",72.6833114173874,31.5305505350797,1.54797736906,0.0884537512945,632850.140117841,63170.751068,7154587.91578906,0.552538768206752,11460.8393772244,9.00301600724623,0,63170.751068,0.552538768206752,170.90157480315,0.257142857142857,0.299093655589124,0.281449893390192,0.279228802040724,0.0176600441501104,0.927312775330396,0.451541850220264,0.698237885462555,0.448275862068966,0.390784982935154,0.666666666666667,2.05592105263158,28.4829351535836,3.12663755458515,14,23421,20908,0.370757029226842,0.330975960337936,65,211,0.0149119645417226,0.111918884617812,0.211648583782198,0.934181106763555
"13","BUREWALA","VEHARI","PUNJAB",72.7598797082705,30.1316929877632,2.32533131861,0.140263986149,1135909.90667152,117974.296865,8098371.77637928,0.527599605277733,28612.5689194202,14.1296636639112,0,117974.296865,0.527599605277733,145.963914977756,0.422586520947177,0.445392491467577,0.427553444180523,0.431844152198425,0.015990159901599,0.959509202453988,0.668711656441718,0.85398773006135,0.640552995391705,0.619090098126673,0.889473684210526,1.99221789883268,28.9625334522748,3.47118155619597,28,46846,46345,0.39708649464219,0.392839806903306,16,54,0.0513840739982273,0.114694474640385,0.228659976934375,0.816514316847267
"14","CHAK JHUMRA","FAISALABAD","PUNJAB",73.2339938729278,31.6425631369518,1.03382883349,0.0497455691759,417323.469800752,43314.854371,8389158.60677157,0.429166840242116,9954.89524507523,13.7879435527358,0,43314.854371,0.429166840242116,189.423023578363,0.436915887850467,0.448744769874477,0.460767946577629,0.448809534767525,0.037037037037037,0.989473684210526,0.792982456140351,0.905263157894737,0.58,0.761627906976744,0.937931034482759,1.88385269121813,28.2337209302326,3.51145038167939,4,24052,22929,0.555282947369279,0.529356506744978,0,278,0.00810345561810316,0.180630873948829,0.336882120738921,0.976510740815097
"15","CHAKWAL","CHAKWAL","PUNJAB",72.8730407961435,33.0017387703982,2.43162580967,0.21162524639,737022.428455009,67224.957881,3482677.23736876,0.312416692075667,17655.6709444523,5.79824989965592,0,67224.957881,0.312416692075667,472.32118226601,0.349881796690307,0.371609403254973,0.35656836461126,0.359353188185513,0.0968660968660969,0.992887624466572,0.821937321937322,0.877667140825036,0.315789473684211,0.817,0.934782608695652,2,29.094,3.62132352941176,30,35468,33756,0.527601669350014,0.50213493714275,563,401,0.0439717642550649,0.160178605378396,0.311788964406685,0.876400735909015
"16","CHAUBARA","LAYYAH","PUNJAB",71.5434414694198,30.9107809203912,2.25973300174,0.277324077191,262461.886837103,30654.287926,946408.582679027,0.774812699258328,6461.99433839321,1.61509481089558,0,30654.287926,0.774812699258328,145.71675,0,0,0,0,0.0725663716814159,0.542402826855124,0.27208480565371,0.881625441696113,0.645833333333333,0.35693215339233,0.536170212765957,2.00680272108844,27.7345132743363,2.55096418732782,8,12881,13337,0.420202225251324,0.435077795060702,1,14,0.0715397469122082,0.160303837814223,0.209367120694278,0.74532574613866
"17","CHICHAWATNI","SAHIWAL","PUNJAB",72.6877684319818,30.4267213751777,2.60438483507,0.148738680975,1230347.14624386,123338.692326,8271870.76138356,0.504868040974014,30680.212673068,14.3499591548494,0,123338.692326,0.504868040974014,153.749530956848,0.34192439862543,0.403008709422011,0.38969764837626,0.378210252141233,0.0738569753810082,0.946943483275663,0.66320645905421,0.860438292964245,0.409090909090909,0.611734253666954,0.896551724137931,1.93621013133208,28.0025884383089,3.5225988700565,46,39739,40189,0.32219410835786,0.3258425984749,0,0,0.00641323485017407,0.10267661964931,0.225557766791204,0.972353290692391
"18","CHINIOT","CHINIOT","PUNJAB",73.025571235359,31.7001194801803,1.65468292555,0.0663534855522,467005.435694354,46668.786885,7038144.74564358,0.43497073045879,12911.0111558437,13.5477556724488,0,46668.786885,0.43497073045879,181.98121085595,0.414545454545455,0.42814667988107,0.428792569659443,0.423828234695323,0.036741214057508,0.960063897763578,0.562300319488818,0.8256,0.537037037037037,0.449026345933562,0.719101123595506,1.97045454545455,28.020618556701,3.29081632653061,13,35817,32183,0.767472274097446,0.689604383317366,225,568,0.0682040441257551,0.20979761106983,0.421459423157234,0.860712410292316
"19","CHISHTIAN","BAHAWALNAGAR","PUNJAB",72.8670547353549,29.6400660563758,2.45105531731,0.169562479346,780803.271533055,83898.1037339999,4604811.59832412,0.675830334217843,19460.9501581192,7.96600497671682,0,83898.1037339999,0.675830334217843,146.708333333333,0.344,0.430470347648262,0.398268398268398,0.390912915305553,0.0365659777424483,0.96031746031746,0.585714285714286,0.807936507936508,0.43801652892562,0.580498866213152,0.814814814814815,1.89795918367347,27.6802721088435,3.41015625,29,32716,30567,0.389949218682302,0.36433481377497,90,112,0.0280697643353962,0.0971654857164118,0.243342806229914,0.896578982038558
"20","CHOA SAIDAN SHAH","CHAKWAL","PUNJAB",73.0505687321305,32.7504505495791,1.28463763433,0.0481421202312,170907.258360337,15831.238978,3550056.73907929,0.447197671582445,4363.81860733032,6.2969965473742,0,15831.238978,0.447197671582445,665.519480519481,0.338983050847458,0.36547433903577,0.339130434782609,0.347862608221945,0.0751173708920188,0.995305164319249,0.802816901408451,0.889671361502347,0.222222222222222,0.777235772357724,0.902777777777778,2.14150943396226,28.7430894308943,3.50836820083682,7,7358,6975,0.464777267921045,0.440584594149129,0,257,0.0140860737627607,0.125827170113988,0.309577791530449,0.95647931303669
"21","CHUNIAN","KASUR","PUNJAB",74.0468842202124,30.8855526514518,1.82977106794,0.11094759583,915601.752857614,105279.943199,8252560.55354773,0.550415006343514,23008.5300140381,14.4435216660628,27,105279.943199,0.550415006343514,187.582286432161,0.348534201954397,0.415111940298507,0.401069518716578,0.388238553656494,0.0102639296187683,0.959124087591241,0.484626647144949,0.811678832116788,0.467455621301775,0.474066390041494,0.685990338164251,2.1028880866426,27.5663900414938,3.45175438596491,24,38563,31651,0.366290091239015,0.300636560376684,52,463,0.0171542645742722,0.0854863683103268,0.201643345873325,0.921597568916866
"22","DARYA KHAN","BHAKKAR","PUNJAB",71.3268488525734,31.8053840488707,2.04510005477,0.13184421513,360979.779108197,40405.330278,2737926.56547173,0.760152435133688,9217.69649517536,4.84631782080724,0,40405.330278,0.760152435133688,178.116071428571,0.331521739130435,0.392902408111534,0.36127744510978,0.361900530783916,0.0733752620545073,0.90146750524109,0.452830188679245,0.82563025210084,0.308411214953271,0.404761904761905,0.647540983606557,2.05135951661631,28.0546218487395,3.22222222222222,10,14050,13304,0.347726399050127,0.329263488467109,15,36,0.0383612753400496,0.107461069371932,0.18559432501615,0.82871035473533
"23","DASKA","SIALKOT","PUNJAB",74.3957424030709,32.263121140377,1.76277525861,0.0718298774709,1016790.99566206,111760.219659,14155544.0641533,0.406716299920842,24419.5592746735,23.4352776148498,0,111760.219659,0.406716299920842,231.571014492754,0.402730375426621,0.426598837209302,0.428571428571429,0.419300213735784,0.0360248447204969,0.998760842627014,0.788104089219331,0.921933085501859,0.666666666666667,0.795398520953164,0.824742268041237,1.88429752066116,27.5981922760887,3.52789256198347,23,43204,44663,0.38657762244762,0.399632356989586,781,830,0.0805742868748454,0.0966175624291594,0.252674879184759,0.758216088497476
"24","DEPALPUR","OKARA","PUNJAB",73.7859775931933,30.5730461857216,2.93788346065,0.239735580389,1600542.69237053,181696.848671,6676283.46936845,0.673066214420478,39972.8782248497,11.6641021957542,93,181696.848671,0.673066214420478,175.181074766355,0.331585845347313,0.396563573883161,0.361702127659574,0.36328384896335,0.018450184501845,0.953038674033149,0.529953917050691,0.791896869244936,0.549295774647887,0.454545454545455,0.765567765567766,2.02418207681366,27.9418181818182,3.2592,56,52148,44221,0.287005528061881,0.243377913945394,120,82,0.0178153887845422,0.0459941934113128,0.18117540420091,0.910471291072021
"25","DERA GHAZI KHAN","DERA GHAZI KHAN","PUNJAB",70.6405632252172,30.0621901423531,3.01918214462,0.338753255345,1803594.7822832,244600.716959,5324213.87492304,0.618525225727067,44745.352894742,9.25829772289303,0,244600.716959,0.618525225727067,142.447422258592,0.270222222222222,0.386186186186186,0.3312,0.329202802802803,0.0991596638655462,0.849706129303107,0.410579345088161,0.779177162048699,0.175392670157068,0.390102827763496,0.637096774193548,2.12379110251451,27.6542416452442,3.6507413509061,38,96343,97661,0.393878649244308,0.399267022657052,592,2337,0.0484749192374096,0.109889293597228,0.243568378460584,0.834014614889268
"26","DINA","JHELUM","PUNJAB",73.5432394562014,33.0126900904884,2.12108622953,0.0696878980999,361625.820499438,33716.820729,5189219.79797747,0.342821570057533,9826.51860739291,9.87589809788232,0,33716.820729,0.342821570057533,331.480519480519,0.382789317507418,0.332464146023468,0.323076923076923,0.34611012886927,0.14161220043573,0.997826086956522,0.83695652173913,0.915217391304348,0.903846153846154,0.850507982583454,0.873873873873874,1.91379310344828,29.0246734397678,3.55460750853242,0,14098,13968,0.418129577320267,0.414273935026918,81,398,0.0640629796433379,0.132752730038695,0.245189191070127,0.792845497266711
"27","DUNYA PUR","LODHRAN","PUNJAB",71.7241646818378,29.8264795211161,1.79712404092,0.0752333544217,527545.66001912,59155.96614,7012124.66298002,0.706751694190084,13376.4684288502,12.3741613587883,0,59155.96614,0.706751694190084,120.008310249307,0.460144927536232,0.388305847076462,0.36,0.402816924870898,0.0560165975103734,0.946058091286307,0.510373443983402,0.898340248962656,0.203883495145631,0.47581903276131,0.945054945054945,2.07258064516129,28.2979719188768,3.41639344262295,0,24410,24284,0.412638007504276,0.410508044827277,86,315,0.0469267967567337,0.123385695074712,0.244607618541043,0.83903513858286
"28","FAISALABAD CITY","FAISALABAD","PUNJAB",73.0931340340121,31.4285094450161,0.711983255277,0.0190071083942,3306004.27715914,318990.430656,173935151.449337,0.357460750987495,34311.779219389,125.684172964795,0,318990.430656,0.357460750987495,183.769230769231,0.49644128113879,0.530944625407166,0.5546875,0.527357802181985,0.037344398340249,0.998618784530387,0.795580110497238,0.893572909467864,0.537313432835821,0.745308310991957,0.916216216216216,1.98033126293996,28.1233243967828,3.5620875824835,25,128290,116384,0.40217507382956,0.364851070173665,0,2237,0.00292485262984628,0.118063102778822,0.251487167922324,0.988503480993161
"29","FATEH JANG","ATTOCK","PUNJAB",72.6693239545131,33.5210962732165,1.8809221135,0.126920035436,338325.102530492,30952.700811,2665655.59462906,0.488432604837847,8657.77657535672,4.7181343734914,0,30952.700811,0.488432604837847,480.145981410607,0.43,0.418604651162791,0.428571428571429,0.425725359911406,0.098159509202454,0.997955010224949,0.777096114519427,0.895918367346939,0.464285714285714,0.635714285714286,0.834862385321101,1.92779783393502,29.1242857142857,3.49887640449438,15,11826,13112,0.382066820992799,0.423614083955486,0,18,0.122154122287652,0.0980528328862798,0.21381009820145,0.636407346860275
"30","FEROZEWALA","SHEIKHUPURA","PUNJAB",74.1891301550902,31.665448146197,1.41514858,0.0435004213713,656705.667221647,75287.323317,15096535.7695343,0.34669311486765,11891.2445214987,18.815260318827,13,75287.323317,0.34669311486765,207.798412698413,0.410596026490066,0.458980044345898,0.473741794310722,0.447772621715562,0.0659062103929024,0.988607594936709,0.80379746835443,0.872151898734177,0.369369369369369,0.598851517637408,0.845559845559846,2.033527696793,27.4232977850697,3.31917808219178,13,31342,27458,0.416298503109659,0.36470947286022,2,602,0.0426366599126413,0.11320630916992,0.22902926070831,0.843054808585538
"31","FORT ABBAS","BAHAWALNAGAR","PUNJAB",72.671287356831,29.077539265158,2.75161484294,0.222078140748,453544.081434717,49017.089091,2042272.50780782,0.862599338623605,11109.3113803864,3.49679300610209,80,49017.089091,0.862599338623605,139.115845959596,0.309090909090909,0.333733493397359,0.330909090909091,0.324577831132453,0.0573122529644269,0.925343811394892,0.463654223968566,0.868369351669941,0.394736842105263,0.631506849315069,0.728476821192053,2.00252525252525,28.5095890410959,3.25162689804772,18,11255,8953,0.229613798140994,0.18265058505165,13,60,0.012322233147682,0.0466775984137356,0.121916664388323,0.908206686930091
"32","GOJRA","TOBA TEK SINGH","PUNJAB",72.630136899813,31.1467080077998,1.76805820536,0.0652422067394,773022.286900879,78593.891243,11848500.0053508,0.404059277096791,18921.9491052628,20.1297330907051,0,78593.891243,0.404059277096791,166.452025586354,0.432377049180328,0.423371647509579,0.428571428571429,0.428106708420445,0.0570032573289902,0.996742671009772,0.737785016286645,0.907166123778502,0.425,0.721973094170404,0.872611464968153,2.01243781094527,28.377802690583,3.51863354037267,26,28405,27994,0.361414857449623,0.356185443388303,0,466,0.0363387020903405,0.133878089423867,0.182851361253601,0.834213734254368
"33","GUJAR KHAN","RAWALPINDI","PUNJAB",73.2832560484761,33.2536191844335,2.32020822135,0.142837678932,778249.290445082,74683.8780079999,5448487.37576854,0.365778209871465,19345.9934607297,9.39125896151928,0,74683.8780079999,0.365778209871465,485.492464754497,0.336206896551724,0.363709677419355,0.343991179713341,0.34796925122814,0.119311193111931,0.997542997542998,0.871007371007371,0.950920245398773,0.685714285714286,0.831470335339639,0.952380952380952,1.95881006864989,29.0868443680138,3.65460186142709,30,27342,24133,0.366103109925159,0.323135335813908,179,341,0.0829362395902435,0.0677656294101102,0.179436316879053,0.683898953814749
"34","GUJRANWALA","GUJRANWALA","PUNJAB",74.3328185988973,32.1513839468913,2.0700853658,0.0748688664227,1954167.9054167,202554.857639,26101208.67042,0.4308406999326,38529.844039917,35.9420186939524,0,202554.857639,0.4308406999326,221.746031746032,0.414765906362545,0.423937007874016,0.444673185795162,0.427792033343908,0.0487152034261242,0.996264674493063,0.802027748132337,0.894230769230769,0.527675276752767,0.773883161512028,0.928952042628774,1.96864576384256,27.5824742268041,3.61466666666667,36,65712,56580,0.324415818835183,0.279331735903558,135,924,0.026210183561541,0.0801659372145984,0.178183828424023,0.87176638245453
"35","GUJRANWALA CITY","GUJRANWALA","PUNJAB",74.1887574207715,32.1546149234012,0.472759843897,0.00755086143794,1045031.63260231,108260.926158,138398994.762565,0.296845043197684,31712.9477844238,296.382689574054,0,108260.926158,0.296845043197684,223.816513761468,1,1,1,1,0.0147058823529412,1,0.955882352941177,0.967647058823529,0.75,0.780632411067194,0.9875,1.95652173913043,27.9802371541502,3.80253164556962,28,70848,64223,0.654418935014484,0.59322418788724,0,1041,0.00935702322111664,0.168491076580838,0.424169657785683,0.978416499765628
"36","GUJRAT","GUJRAT","PUNJAB",74.1875897839833,32.6348508888327,2.02288036826,0.137498586922,1712431.64934912,170931.21485,12454176.3496126,0.341793599554082,41814.5574678779,21.2148947071932,0,170931.21485,0.341793599554082,245.656519533232,0.321728691476591,0.374578177727784,0.365079365079365,0.353795411427913,0.0735009671179884,0.999033816425121,0.770793036750484,0.897584541062802,0.630434782608696,0.820610687022901,0.941818181818182,1.88591549295775,28.513358778626,3.56201550387597,2,75217,76314,0.44004250520308,0.446460291450973,244,967,0.0290584724642528,0.152043616040561,0.272905098351613,0.903768284413446
"37","HAFIZABAD","HAFIZABAD","PUNJAB",73.6332177619728,32.1105243076088,1.43263955855,0.104911761787,759653.780923654,80533.7246679999,7240882.89038518,0.39742749788684,18762.5399447978,12.3926948116234,0,80533.7246679999,0.39742749788684,204.44715984148,0.502803738317757,0.464188576609248,0.431693989071038,0.466228767999348,0.0403458213256484,0.995677233429395,0.652737752161383,0.837175792507205,0.597402597402597,0.676706827309237,0.845360824742268,1.93528183716075,28.1626506024096,3.53857566765579,20,37312,35706,0.463309006926212,0.443367050849789,602,505,0.0303847861264055,0.140587065191321,0.281807405451071,0.902672818391536
"38","HAROONABAD","BAHAWALNAGAR","PUNJAB",73.0303776675125,29.4695267085427,1.61757858226,0.104785487036,580463.022131564,60382.327055,5539536.42389562,0.717990648900131,15141.698456347,10.0743170035575,1,60382.327055,0.717990648900131,150.913621262458,0.381944444444444,0.399297423887588,0.405204460966543,0.395482109766192,0.0512295081967213,0.969325153374233,0.633946830265849,0.867075664621677,0.405797101449275,0.643908969210174,0.864864864864865,2.00534759358289,28.4283801874163,3.40748440748441,25,23017,19714,0.381187693860071,0.326486257842353,57,147,0.0398957794025681,0.0679172234661402,0.220942130763662,0.847047619047619
"39","HASILPUR","BAHAWALPUR","PUNJAB",72.5328215420763,29.6320313786077,2.46603391269,0.104523331801,488766.676434788,52490.272549,4676149.02828913,0.767006946631162,12036.354944706,7.99757803634948,0,52490.272549,0.767006946631162,139.206644518272,0.37468982630273,0.422604422604423,0.390287769784173,0.395860672897108,0.0326295585412668,0.932950191570881,0.53742802303263,0.846743295019157,0.537037037037037,0.594630872483221,0.785234899328859,1.93939393939394,27.6456375838926,3.372460496614,16,24260,27021,0.462180873177085,0.514781095388212,4,12,0.0277956262970061,0.176204076505147,0.313486655734911,0.918555319861561
"40","HASSANABDAL","ATTOCK","PUNJAB",72.6274044198797,33.8250491762822,1.27983264822,0.0370387113205,259011.582947462,24474.180831,6992996.6165995,0.409910406194516,5378.41134309769,10.0531053142013,0,24474.180831,0.409910406194516,441.619402985075,0.498281786941581,0.492610837438424,0.507042253521127,0.499311625967044,0.14207650273224,0.997275204359673,0.760217983651226,0.918478260869565,0.5,0.667870036101083,0.896551724137931,1.83206106870229,29.0974729241877,3.44324324324324,8,6658,6553,0.272041791550658,0.267751556027555,1,65,0.0633729075841198,0.0546698583801111,0.154325900673901,0.708896396396396
"41","HAZRO","ATTOCK","PUNJAB",72.4397605370218,33.9083856980163,1.21138895688,0.0376718497539,394443.487170477,37483.136946,10470510.2018422,0.384188449686324,7953.77899670601,14.6748689976126,0,37483.136946,0.384188449686324,328.122448979592,0.390946502057613,0.42483660130719,0.474835886214442,0.430206329859748,0.0926430517711172,1,0.685636856368564,0.899728997289973,0.714285714285714,0.549348230912477,0.775280898876405,1.92888888888889,29.0372439478585,3.13220338983051,15,13866,13196,0.369926349013318,0.352051644423752,140,326,0.0765144071087694,0.0724058929195259,0.217297714749277,0.739580495777717
"42","ISAKHEL","MIANWALI","PUNJAB",71.3218790294887,32.8647685699001,2.92341438284,0.18138317281,405355.777674626,47867.176688,2234803.65568,0.567138132433455,10063.6014388148,3.85726387076074,0,47867.176688,0.567138132433455,359.89270714013,0.394618834080717,0.42015503875969,0.381818181818182,0.39886401821953,0.109489051094891,0.951456310679612,0.727493917274939,0.895631067961165,0.351851851851852,0.379084967320261,0.848484848484849,2.018779342723,28.9084967320261,3.49137931034483,0,21109,18307,0.440991122948178,0.38245414220533,11,92,0.0732652360689404,0.0857999214528481,0.224349977229641,0.75382563526604
"43","JAHANIAN","KHANEWAL","PUNJAB",71.8412205138859,30.0592702364686,1.45683001066,0.0467037462545,383170.467001914,42344.949251,8204276.90990623,0.656239061838105,9967.73875153065,14.8109045342209,0,42344.949251,0.656239061838105,125.494065281899,0.344729344729345,0.39477503628447,0.384615384615385,0.374706588543067,0.0325379609544469,0.980728051391863,0.661670235546039,0.946466809421842,0.6,0.619326500732064,0.84297520661157,2.1264367816092,28.8696925329429,3.44444444444444,12,21530,21922,0.508443164552655,0.517700466944881,4,81,0.024512958885539,0.177187601655298,0.321691258129877,0.929195088676671
"44","JALALPUR PIRWALA","MULTAN","PUNJAB",71.202531771319,29.5774442055716,1.58360418294,0.0810897034058,557696.603168334,68094.118758,6877526.73576118,0.737164352101968,14033.9849480987,12.0566880997411,0,68094.118758,0.737164352101968,107.033505154639,0.415289256198347,0.446060606060606,0.453237410071942,0.438195757443632,0.0579439252336449,0.929236499068901,0.473880597014925,0.839851024208566,0.56020942408377,0.355721393034826,0.716049382716049,2.06451612903226,28.3818407960199,3.2972027972028,19,19101,19410,0.280508806757352,0.285046643587257,33,22,0.0319998267066787,0.0731046981853358,0.181146334294117,0.849869091911258
"45","JAMPUR","RAJANPUR","PUNJAB",70.3780180589748,29.5599091089474,2.28883986292,0.206002067795,756182.458784765,103996.4326,3670751.78845908,0.774866388421399,19021.6297413148,6.43492210463965,0,103996.4326,0.774866388421399,130.23630831643,0.301857585139319,0.454035874439462,0.389830508474576,0.381907989351119,0.146884272997033,0.819526627218935,0.439349112426036,0.794378698224852,0.172839506172839,0.407453416149068,0.644808743169399,2.20070422535211,27.7490683229814,3.48475609756098,15,16167,12942,0.155457255559745,0.1244465764492,0,2,0.043068785034459,0.0197987560584843,0.0639348853972131,0.597501797268152
"46","JAND","ATTOCK","PUNJAB",71.956116174592,33.3448964203595,3.18130298674,0.205458977304,353289.81147523,35444.790588,1719515.08817499,0.365268641270501,8505.47752919793,2.8754149862062,0,35444.790588,0.365268641270501,360.239607975667,0.394736842105263,0.428805237315876,0.398230088495575,0.407257389305571,0.141057934508816,0.964735516372796,0.768261964735516,0.904040404040404,0.641025641025641,0.727099236641221,0.845238095238095,1.9238578680203,29.5381679389313,3.56692913385827,18,15789,17356,0.44545333004014,0.489662929645745,156,3,0.0955006347574813,0.104980166006673,0.292849804662528,0.754086451144206
"47","JARANWALA","FAISALABAD","PUNJAB",73.4547909121505,31.3628020571341,2.29158472165,0.163703285004,1652980.90246013,171679.350798,10097420.478885,0.505709664861226,40564.0226061344,17.2539441114991,0,171679.350798,0.505709664861226,186.99531516184,0.435056746532156,0.449116392443632,0.451488952929875,0.445220697301888,0.028971028971029,0.99500998003992,0.738522954091816,0.859140859140859,0.4375,0.648521505376344,0.903474903474903,2.07213578500707,28.6317204301075,3.41761658031088,2,83696,76275,0.487513493096078,0.444287560766385,171,860,0.0255884005827169,0.133475574630767,0.293704512311025,0.919859165207239
"48","JATOI","MUZAFFARGARH","PUNJAB",70.8776857260271,29.5992893768533,1.7229129853,0.0962393044272,684254.359755888,95308.801006,7109926.28041582,0.797301949212625,17171.0416386649,12.5703086666654,0,95308.801006,0.797301949212625,107.604046242775,0.368110236220472,0.443548387096774,0.418451400329489,0.410036674548912,0.0612959719789842,0.84965034965035,0.386363636363636,0.715034965034965,0.309352517985612,0.354993983152828,0.715083798882682,2.08961303462322,27.7533092659446,3.40677966101695,15,9816,8713,0.102991537994293,0.0914186298435491,25,22,0.0300706752130853,0.0198617544237161,0.0463545858658097,0.606534870950027
"49","JHANG","JHANG","PUNJAB",72.3940883817511,31.4055610487774,3.51936039879,0.247510805332,1437355.47317362,151428.027882,5807243.32921796,0.518708268948811,36627.7528053522,10.2483919432994,0,151428.027882,0.518708268948811,158.666199943993,0.31328036322361,0.347266881028939,0.345517841601393,0.33535502861798,0.0288909599254427,0.931966449207829,0.447761194029851,0.776328052190121,0.265573770491803,0.465665236051502,0.672025723472669,1.9402390438247,28.3454935622318,3.28153846153846,32,77267,78592,0.51025560512622,0.519005636534094,2,659,0.0162717565200021,0.16393266390119,0.340471976827009,0.954388108328243
"50","JHELUM","JHELUM","PUNJAB",73.6164807613965,32.8572513098058,2.17828495582,0.0581237798343,470251.868497465,43637.189716,8090524.56392314,0.311320248964514,9850.68603534997,11.754995268914,0,43637.189716,0.311320248964514,254.892601431981,0.486284289276808,0.441266598569969,0.451994091580502,0.45984832647576,0.129411764705882,0.996638655462185,0.853781512605042,0.92436974789916,0.8125,0.891208791208791,0.935483870967742,1.93732970027248,28.9,3.59926017262639,20,22927,22032,0.525400470314741,0.504890441923251,174,601,0.0571530847020964,0.148657602430834,0.335699894868088,0.854517879017675
"51","KABIRWALA","KHANEWAL","PUNJAB",71.8709661473733,30.4968445236659,2.09632903847,0.154822348563,1055374.01711902,113869.162217,6816677.48173688,0.609282069377831,25875.952583015,11.5776074196935,0,113869.162217,0.609282069377831,134.215467143496,0.434782608695652,0.491935483870968,0.412844036697248,0.446520709754622,0.032520325203252,0.921022067363531,0.451800232288037,0.868757259001161,0.437229437229437,0.532731376975169,0.811926605504587,2.16129032258065,28.2332580887886,3.41242937853107,36,54273,58876,0.476625970924174,0.517049558051548,11,240,0.00735932348745156,0.147985632562108,0.364058180396545,0.980185846357553
"52","KAHUTA","RAWALPINDI","PUNJAB",73.4358214793422,33.6232350508927,1.30855484971,0.0595125445879,222907.847784768,21380.837667,3745560.69360357,0.397453931015737,5369.40781474113,6.26535334275512,0,21380.837667,0.397453931015737,749.786713286713,0.468401486988848,0.396039603960396,0.402750491159136,0.422397194036126,0.11353711790393,0.980392156862745,0.814814814814815,0.92156862745098,0.761194029850746,0.831029185867896,0.925,2.15983606557377,29.1858678955453,3.71534195933457,11,12878,13236,0.602315035573952,0.619059000687749,1,234,0.171929652956193,0.151444019660542,0.321596380230354,0.651630022744503
"53","KALLAR KAHAR","CHAKWAL","PUNJAB",72.6857350179897,32.757640984886,1.51871034369,0.0798594359591,201663.379429625,18409.977316,2525229.1981239,0.401969758390759,5720.73177230358,4.97022743032457,0,18409.977316,0.401969758390759,652.177083333333,0,0,0,0,0.0787746170678337,0.925764192139738,0.72707423580786,0.860262008733624,0.5,0.770440251572327,0.958904109589041,2.02955665024631,28.2327044025157,3.51020408163265,8,10008,9720,0.543618268953656,0.527974577760745,43,266,0.0187941567803722,0.20727890830607,0.31966362038292,0.944471192424972
"54","KALLAR SAYYEDAN","RAWALPINDI","PUNJAB",73.4626697920849,33.4361770935733,1.38207650772,0.0455330586755,266182.997026331,25499.343355,5845928.31602495,0.473271808428008,5829.00017619133,8.872146386897,0,25499.343355,0.473271808428008,547.5625,0,0,0,0,0.205179282868526,0.99403578528827,0.795228628230616,0.916500994035785,0.735849056603774,0.781163434903047,0.95959595959596,1.98540145985401,28.707756232687,3.50709219858156,11,9539,10511,0.374088064433611,0.412206693077019,173,917,0.11855207241669,0.10035552540996,0.218201697296216,0.647956212879935
"55","KALUR KOT","BHAKKAR","PUNJAB",71.428998517651,32.0531150906222,1.93806691214,0.167006998465,352736.391888435,39069.739409,2112105.45145124,0.692787295428478,8812.4434812963,3.69959843883136,0,39069.739409,0.692787295428478,187.389004581424,0.347003154574132,0.42507204610951,0.36,0.377358400227881,0.0666666666666667,0.961290322580645,0.481720430107527,0.838709677419355,0.545454545454545,0.484423676012461,0.771186440677966,1.91349480968858,27.9859813084112,3.32258064516129,0,15488,15101,0.396419332052986,0.386513967802953,2,62,0.0193500138837847,0.130177474355726,0.240697791750147,0.925590551181102
"56","KAMALIA","TOBA TEK SINGH","PUNJAB",72.484406706097,30.6712578151659,2.2259433776,0.104929680598,794717.610744163,81045.712255,7573811.39649929,0.426588146101172,19716.0057404339,13.1003360401554,0,81045.712255,0.426588146101172,150.145321831453,0.330628803245436,0.41534144059869,0.409090909090909,0.385020384311679,0.0521472392638037,0.973966309341501,0.633996937212864,0.834609494640122,0.42,0.595394736842105,0.780487804878049,2.00936768149883,28.4188596491228,3.31123388581952,12,29887,30557,0.368767195307808,0.377034134808468,21,177,0.0302175146822639,0.117612637791482,0.224441238085088,0.881341150249528
"57","KAMOKE","GUJRANWALA","PUNJAB",74.3847758723088,31.9934154036065,1.64943777354,0.0646604484061,629039.9434782,72326.632075,9728357.27224646,0.461653907759449,15992.4583806992,17.0677250594441,0,72326.632075,0.461653907759449,217.852721451441,0.415750915750916,0.403275332650972,0.418685121107266,0.412570456503052,0.0267857142857143,0.998217468805704,0.768270944741533,0.907308377896613,0.617977528089888,0.752747252747253,0.955801104972376,2.00392927308448,27.2340659340659,3.48613138686131,20,31676,31342,0.437957624891937,0.433339685546252,136,328,0.0359480308346709,0.0926353102278059,0.315374839745709,0.897678079496261
"58","KARORPACCA","LODHRAN","PUNJAB",71.9140523804769,29.6372347268287,1.69493650145,0.0664978827561,557772.793819058,65340.700679,8387827.8631043,0.718101041934275,13903.406073451,14.5738009155671,0,65340.700679,0.718101041934275,121.756558237146,0.381406436233611,0.425753424657534,0.383617193836172,0.396925684909106,0.0500848896434635,0.899067005937235,0.490245971162002,0.867684478371501,0.471186440677966,0.492909812819058,0.761437908496732,2.04055766793409,28.2030629608622,3.29228998849252,0,32030,31447,0.490199824415018,0.481277361173246,7,6,0.0282060030095809,0.161446080167156,0.292283367052076,0.911990831383411
"59","KASUR","KASUR","PUNJAB",74.4452101570202,31.0697148892772,2.92286647186,0.137050059805,1196462.03287881,138174.490488,8730109.52772427,0.558134469832923,32271.6345436275,16.9582945578705,121,138174.490488,0.558134469832923,198.435525634386,0.388335704125178,0.462758620689655,0.428571428571429,0.426555251128754,0.0246360582306831,0.961926091825308,0.508398656215006,0.744107744107744,0.337142857142857,0.520514883346742,0.728744939271255,1.86547811993517,27.2864038616251,3.31888544891641,33,60467,50410,0.437613337935568,0.364828557152364,61,645,0.0286738889791245,0.126969891027198,0.214366630883813,0.882020129831457
"60","KHAIRPUR TAMEWALI","BAHAWALPUR","PUNJAB",72.2622378458479,29.6121497874197,1.74800543447,0.0674442908616,291672.648054711,33276.460738,4324645.48635024,0.739989363484912,7373.65335959196,7.53952286256847,0,33276.460738,0.739989363484912,128.052523171988,0.351063829787234,0.427450980392157,0.387755102040816,0.388756637406736,0.0609037328094303,0.905882352941176,0.484313725490196,0.762745098039216,0.561224489795918,0.348201438848921,0.848,2.05538461538462,28.0690647482014,3.16115702479339,9,18702,18429,0.562018904211267,0.553814906732405,19,40,0.0399381415729213,0.168737896863772,0.34934604649,0.897406206577119
"61","KHAN PUR","RAHIM YAR KHAN","PUNJAB",70.6717213237782,28.5058017747004,3.51049162487,0.282515559213,1048763.66231431,37125.542943,3712233.28455198,0.785487321556171,7787.45212246082,7.7222618982346,15,129720.797478,0.785487321556171,76.2064203859553,0.42382271468144,0.435074626865672,0.414424111948332,0.424440484498481,0.0428061831153389,0.945368171021378,0.568883610451306,0.794292508917955,0.549450549450549,0.504424778761062,0.739495798319328,2.10470409711684,27.5518905872888,3.37639553429027,28,29690,24581,0.799718944059188,0.662104795012425,7,217,0.181896329714776,0.119917438159364,0.360641190367412,0.664730414060173
"62","KHANEWAL","KHANEWAL","PUNJAB",72.0066797104166,30.2764321461957,1.86252547199,0.111678581631,956998.913279235,103613.42663,8569225.17552452,0.593448267685966,23863.9561448097,14.8592504015005,0,103613.42663,0.593448267685966,135.978829389788,0.416149068322981,0.465024630541872,0.424947145877378,0.435373614914077,0.114001530221882,0.967275494672755,0.641768292682927,0.862490450725745,0.52972972972973,0.590859630032644,0.823353293413174,2.04927211646137,28.1115342763874,3.4475138121547,22,53985,55947,0.521023208630852,0.539958978480509,150,188,0.016667724021589,0.179455506923813,0.350620582501625,0.954619508093336
"63","KHARIAN","GUJRAT","PUNJAB",73.8249086080043,32.7316110689573,1.76556251931,0.121413241345,1228494.92753749,118834.551693,10118294.4621887,0.272027804527438,30383.7044320107,17.3720437004063,0,118834.551693,0.272027804527438,266.914857142857,0.382947976878613,0.385390428211587,0.376753507014028,0.381697304034743,0.0976645435244161,0.996815286624204,0.835456475583864,0.916135881104034,0.776119402985075,0.824734982332155,0.952941176470588,1.9304897314376,28.6367491166078,3.58269065981148,0,54294,54886,0.456887321292417,0.461869037397421,234,940,0.0453571787263073,0.154357463706244,0.281744656945361,0.861336214658743
"64","KHUSHAB","KHUSHAB","PUNJAB",72.3396819154097,32.3373003215038,3.21807433131,0.282120633646,786420.290120764,80840.7529339999,2787531.98572335,0.470376669537418,20167.9610975981,4.96747810285667,0,80840.7529339999,0.470376669537418,400.187176325524,0.432170542635659,0.441029900332226,0.429299363057325,0.434166602008403,0.0961538461538462,0.975274725274725,0.65474552957359,0.853021978021978,0.62962962962963,0.577272727272727,0.883977900552486,2.01702127659574,28.2890909090909,3.36220472440945,29,45278,43394,0.560088796265491,0.536783718917459,3,174,0.0418477052379999,0.156257822218863,0.34005126130435,0.890422051630875
"65","KOT ADDU","MUZAFFARGARH","PUNJAB",71.1421186382886,30.4301312947088,2.80958609222,0.297259256235,1270011.27799058,164612.786578,4272402.79773345,0.775734707288771,31127.113536302,7.29655732215237,0,164612.786578,0.775734707288771,131.280578898226,0.283216783216783,0.369172932330827,0.390139335476956,0.347509683674855,0.0554298642533937,0.857466063348416,0.398190045248869,0.820135746606335,0.573099415204678,0.428127428127428,0.633440514469453,2.0313630880579,28.1452991452991,3.21960072595281,0,26282,25374,0.159659529167538,0.154143554261362,28,7,0.0426273082782368,0.0260611589730135,0.0883467214322926,0.674536178107607
"66","KOT MOMIN","SARGODHA","PUNJAB",73.1111591578498,32.0955472211927,1.45493377581,0.085142475251,405362.808647545,41158.438303,4760993.93930627,0.503157567360467,11526.3618725389,9.37865083200889,0,41158.438303,0.503157567360467,193.041530944625,0.357702349869452,0.374677002583979,0.39047619047619,0.37428518097654,0.0552147239263804,0.985685071574642,0.515337423312883,0.830265848670757,0.575757575757576,0.527659574468085,0.72463768115942,2,28.490780141844,3.15322580645161,15,16449,14182,0.399650732102754,0.344570896874051,59,260,0.0232273147237056,0.0757560327494917,0.2582702463525,0.917486621784913
"67","KOT RADHA KISHAN","KASUR","PUNJAB",74.2018753743721,31.1716654207368,1.07500856362,0.0404713777675,585009.117032675,67443.800969,14454885.1386636,0.590644170482134,10629.54941082,18.2325032775643,0,67443.800969,0.590644170482134,201.678694158076,0.332474226804124,0.388489208633094,0.377777777777778,0.366247071071665,0.0296442687747036,0.988165680473373,0.594861660079051,0.846153846153846,0.55,0.593619972260749,0.704347826086957,2.10769230769231,27.246879334258,3.56775700934579,12,24996,20871,0.370619680991722,0.309457647702762,18,273,0.025843739157008,0.0658622428774696,0.221829134554215,0.895653735632184
"68","KOTLI SATTIAN","RAWALPINDI","PUNJAB",73.5182532983549,33.8168287630183,1.14164612788,0.0357738018149,133213.733446096,13296.256663,3723779.04186329,0.572570921331936,3388.11201012135,6.6045068423418,0,13296.256663,0.572570921331936,1115.33137254902,0,0,0,0,0.103950103950104,0.881742738589212,0.441908713692946,0.9149377593361,0.760416666666667,0.807692307692308,0.875,2.092,28.1338461538462,3.49333333333333,9,5009,4917,0.376722571394003,0.369803330713578,108,94,0.0625740026751468,0.113264961573042,0.190504746125176,0.752748885586924
"69","LAHORE CANTT","LAHORE","PUNJAB",74.4353588329581,31.4973988970076,1.8506433392,0.0979041316303,5747961.1854847,533926.409881999,58710098.2335436,0.435267549215683,134933.622401237,97.1444365739651,25,533926.409881999,0.435267549215683,213.373295046662,0.539160045402951,0.551146384479718,0.592942141977842,0.561082857286837,0.0374940673943996,0.996680891417734,0.806451612903226,0.871028923660503,0.554179566563467,0.700332225913621,0.838926174496644,2.01602564102564,27.5269102990033,3.67457305502846,90,136903,108664,0.256407994559131,0.203518683453054,163,3935,0.00675935846814098,0.042460907683908,0.165972310715226,0.960867868063236
"70","LAHORE CITY","LAHORE","PUNJAB",74.2365654223206,31.4643366109379,1.78899013568,0.0619308895648,4046471.16510858,382745.87535,65338495.7578342,0.440950040389205,89726.4905663729,58.6960061879168,0,382745.87535,0.440950040389205,260.91259176784,0.658670861187574,0.702078108204944,0.725886990801577,0.695545320064698,0.0382432028682402,0.99791169451074,0.857356013130409,0.922755741127349,0.650224215246637,0.796582914572864,0.9102416570771,1.95070743952533,28.3021105527638,3.85087055261166,75,145053,106262,0.37897991681127,0.277630686164362,91,5545,0.0231197788660899,0.0885914184417873,0.176422541296499,0.884135962500327
"71","LALIAN","CHINIOT","PUNJAB",72.7620815506644,31.7555687115291,2.45111226872,0.0933584651224,418270.501122832,41742.738349,4480263.25812499,0.377463358335573,13079.2787595987,9.70272905014743,0,41742.738349,0.377463358335573,176.175204157387,0.374418604651163,0.415950920245399,0.394594594594595,0.394988039830385,0.0408921933085502,0.907063197026022,0.574349442379182,0.808550185873606,0.492537313432836,0.480281690140845,0.760869565217391,2.01092896174863,27.8281690140845,3.3049853372434,15,23180,21441,0.555306166217418,0.51364622561983,55,305,0.0525121275387654,0.144647913357238,0.322499206627217,0.859971892168136
"72","LAYYAH","LAYYAH","PUNJAB",71.0335549438972,30.8682458590883,2.08339814457,0.190730581555,926461.639293318,111275.224685,4857436.24194927,0.803858380351103,22269.5341982367,8.22968743467725,0,111275.224685,0.803858380351103,143.918122270742,0.29676511954993,0.377741673436231,0.381752701080432,0.352086498022198,0.106821106821107,0.849420849420849,0.510939510939511,0.885456885456886,0.598540145985402,0.58992180712424,0.682352941176471,1.99846153846154,27.7993049522155,3.37849779086892,25,61521,56741,0.552872395217846,0.509915842997607,9,94,0.148532614036842,0.123926957137467,0.253380751014567,0.630436240860407
"73","LIAQAT PUR","RAHIM YAR KHAN","PUNJAB",70.8823890980036,28.4739981434265,4.52230198127,0.427832750092,1074599.23528889,135377.486603,2511727.38659631,0.785420007935891,22556.8112952579,3.6612256606489,41,135377.486603,0.785420007935891,103.690920903037,0.199312714776632,0.258750857927248,0.249237029501526,0.235766867401802,0.0578602620087336,0.910577971646674,0.435114503816794,0.8113413304253,0.396396396396396,0.417030567685589,0.662207357859532,2.04326328800989,27.4519650655022,3.23560209424084,36,35747,30517,0.264054244889548,0.225421528835828,45,84,0.0419789149776848,0.0468098511725477,0.13791067088393,0.76664066028826
"74","LODHRAN","LODHRAN","PUNJAB",71.5624388563573,29.5934492185142,1.88604631292,0.106353191974,738958.875980634,93686.087937,6948158.8870533,0.719163956271897,18543.145986557,12.0645061721256,0,93686.087937,0.719163956271897,113.374269005848,0.432926829268293,0.486947791164659,0.419062027231467,0.44631221588814,0.0430622009569378,0.938193343898574,0.540412044374009,0.827258320126783,0.510309278350515,0.439746300211416,0.770491803278688,2.0328227571116,27.3530655391121,3.34375,19,41620,40800,0.444249524304908,0.435496890716969,211,321,0.0485023988092624,0.137725891689241,0.250133189633859,0.837586675244835
"75","MAILSI","VEHARI","PUNJAB",72.1342318995052,29.8409881673524,2.74382800834,0.149272386179,1094751.01735209,123843.386551,7333915.16927529,0.582089919621123,27277.605738759,12.6990715729791,0,123843.386551,0.582089919621123,128.910399257196,0.368421052631579,0.389481707317073,0.374581939799331,0.377494899915994,0.0567375886524823,0.949232585596222,0.501770956316411,0.814639905548996,0.532407407407407,0.447552447552448,0.840579710144927,2.02425373134328,28.4982517482517,3.380859375,33,41817,46312,0.337660339922789,0.373956181995461,20,176,0.0348423934468478,0.119150488459255,0.220625426685567,0.863613376319616
"76","MALAKWAL","MANDI BAHAUDDIN","PUNJAB",73.2192237983379,32.434264378443,1.49364609732,0.0716019165719,459967.630712298,45939.431718,6423956.96559903,0.492311482386598,11244.8407713473,10.97057636229,0,45939.431718,0.492311482386598,207.50486381323,0.231481481481481,0.324287652645862,0.361581920903955,0.305783685010433,0.0411522633744856,0.991769547325103,0.668724279835391,0.905349794238683,0.677966101694915,0.660894660894661,0.871794871794872,2.0794701986755,28.3015873015873,3.46288209606987,17,26569,25167,0.578348468981817,0.547830024421897,149,234,0.0602967841875732,0.18271884710126,0.317134963476084,0.840244535440337
"77","MANDI BAHAUDDIN","MANDI BAHAUDDIN","PUNJAB",73.5270588408491,32.5336340331641,1.35541635726,0.0840603532713,733320.960326056,74073.443478,8723743.49842791,0.368566097022579,18541.6514340341,15.2606184642256,0,74073.443478,0.368566097022579,215.44921552436,0.404761904761905,0.405377456049638,0.408320493066256,0.406153284625933,0.0676567656765677,0.99341021416804,0.754530477759473,0.909390444810544,0.622641509433962,0.775395033860045,0.811188811188811,2.0570652173913,27.8656884875846,3.44395924308588,22,46439,44089,0.626931837100195,0.59520656702148,360,777,0.0940418005822683,0.179349026806695,0.335612857088026,0.781122352793314
"78","MANKERA","BHAKKAR","PUNJAB",71.6567126592477,31.4847296346076,2.75352050637,0.33758009463,266035.780844551,28544.857904,788067.143402327,0.789757089519206,6792.41361159086,1.39704105544855,0,28544.857904,0.789757089519206,165.380275890467,0.112860892388451,0.176933158584535,0.178723404255319,0.156172485076102,0.0851528384279476,0.845315904139434,0.406113537117904,0.827886710239651,0.54014598540146,0.341597796143251,0.685314685314685,2.00819672131148,27.7451790633609,3.10483870967742,9,8420,7939,0.294974318257864,0.278123647583038,36,11,0.0458926789688601,0.0836227669455488,0.152321655081377,0.768469423824673
"79","MIAN CHANNU","KHANEWAL","PUNJAB",72.3186456759985,30.3722220516629,1.95830672507,0.0961376073697,853017.947031451,91008.31317,8872885.13173773,0.531397115248755,21444.3948794603,15.472146377677,0,91008.31317,0.531397115248755,144.895608351332,0.306581059390048,0.398550724637681,0.403846153846154,0.369659312624628,0.039119804400978,0.981729598051157,0.586080586080586,0.918392204628502,0.534351145038168,0.614063777596075,0.796116504854369,2.24104234527687,28.1357318070319,3.40479360852197,23,52979,56976,0.582133633232354,0.626052697994424,2,727,0.0264371453133703,0.185257801323118,0.43104853428853,0.942212081181698
"80","MIANWALI","MIANWALI","PUNJAB",71.6703108847046,32.6324095272374,2.77735101746,0.283593037576,831826.860475466,88559.4433070001,2933170.9536506,0.513974833114839,20352.8945722897,4.99457535516311,0,88559.4433070001,0.513974833114839,293.39842983317,0.382920110192837,0.399774774774775,0.350649350649351,0.377781411872321,0.0967741935483871,0.980286738351254,0.711469534050179,0.906810035842294,0.474358974358974,0.504211793020457,0.864,2.02395209580838,28.9831528279182,3.6109785202864,23,32715,31005,0.369412891255315,0.350103826788049,13,212,0.0369921024530769,0.100294216724124,0.214511285195696,0.852916086741795
"81","MINCHINABAD","BAHAWALNAGAR","PUNJAB",73.6359485902159,30.1393583090142,2.01380381224,0.132189415974,533592.600014619,61534.775079,4036575.81874459,0.729385124024334,13969.3817409277,7.47025761546936,31,61534.775079,0.729385124024334,167.1008492569,0.375565610859729,0.409703504043127,0.391304347826087,0.392191154242981,0.016,0.922,0.422845691382766,0.748,0.33,0.407796101949025,0.689189189189189,2.01020408163265,28.1949025487256,3.11397058823529,0,27122,23688,0.440758903647247,0.384953060600103,74,86,0.0157796952821133,0.100772286760437,0.273097609903104,0.945375787578758
"82","MULTAN CITY","MULTAN","PUNJAB",71.4372979082205,30.1776953683303,0.907674684462,0.0267518025454,2333742.16012892,226931.399102,87236819.1327804,0.543523379192724,53342.6011110544,138.193267127084,0,226931.399102,0.543523379192724,121.638961038961,0.570524412296564,0.593235039028621,0.57208088714938,0.578613446158188,0.0925925925925926,0.984363894811656,0.741109530583215,0.869843527738265,0.624338624338624,0.662337662337662,0.917737789203085,1.95114345114345,27.6214526214526,3.38852578068264,31,67234,69599,0.296274558153056,0.306696209847615,3,464,0.0236811654150359,0.0739562707779211,0.212222725416474,0.899615197818209
"83","MULTAN SADDAR","MULTAN","PUNJAB",71.6373567777792,30.1219478812989,3.30577871126,0.154616692887,1329632.23632578,152807.733376,8599538.71408653,0.665801326839564,32489.0620031059,14.6018256193734,0,152807.733376,0.665801326839564,122.296229802513,0.553719008264463,0.560117302052786,0.565714285714286,0.559850198677178,0.0832072617246596,0.974358974358974,0.731523378582202,0.858220211161388,0.617886178861789,0.631851085832472,0.872093023255814,2.02422907488987,27.8986556359876,3.49099836333879,55,47829,47424,0.313001174373233,0.310350784952147,382,61,0.0602849070297566,0.0832811253648158,0.167504611412685,0.735348195817054
"84","MURIDKE","SHEIKHUPURA","PUNJAB",74.4042923676438,31.8749267332089,1.94167806354,0.0899762354387,719425.141868482,83865.316497,7995723.96378619,0.466068366913818,25504.1278384924,20.0032375203862,39,83865.316497,0.466068366913818,214.1734375,0.268370607028754,0.318499127399651,0.307692307692308,0.298187347373571,0.0538116591928251,0.992559523809524,0.808955223880597,0.907600596125186,0.46875,0.687068114511352,0.918781725888325,2.06741573033708,27.5409674234946,3.40229885057471,0,35178,35110,0.419458263193443,0.418647439329177,31,270,0.0368328664223249,0.125904252688031,0.264388199152544,0.877721478901116
"85","MURREE","RAWALPINDI","PUNJAB",73.3981269677906,33.8752060933371,1.16740136747,0.0373834065647,271926.897200094,23672.531214,7273999.94244683,0.414958182694938,6769.63135147095,12.4441752784392,0,23672.531214,0.414958182694938,1273.18784530387,0.418326693227092,0.405990016638935,0.398230088495575,0.407515599453867,0.153246753246753,1,0.685714285714286,0.922279792746114,0.727272727272727,0.810661764705882,0.919540229885057,1.96860986547085,28.3419117647059,3.63265306122449,15,10005,8276,0.422641749188317,0.349603509873315,224,204,0.0579574692540101,0.0718554338200228,0.234195488006,0.801619433198381
"86","MUZAFFARGARH","MUZAFFARGARH","PUNJAB",71.172955321218,30.1499003883334,3.87569596601,0.208819362273,1531316.64854698,194005.513486,7333211.97746505,0.723043560157494,37900.7425213605,12.6335808404535,0,194005.513486,0.723043560157494,118.248583805398,0.381182147165259,0.448323066392882,0.405756731662024,0.411753981740055,0.0591233435270133,0.885830784913354,0.484199796126402,0.771661569826707,0.430851063829787,0.451082897684839,0.781818181818182,2.07984293193717,28.2315160567588,3.42715231788079,37,40080,40872,0.206592066791402,0.21067442499746,11,23,0.0519418227808623,0.0488078912287372,0.115022504252748,0.688904667819215
"87","NANKANA SAHAB","NANKANA SAHIB","PUNJAB",73.8424625227167,31.3085500622524,2.81182414106,0.154208975573,1060537.29411764,114542.084982,6877273.45426528,0.510087573734377,18068.5186747611,8.11338961596814,0,114542.084982,0.510087573734377,191.641958670261,0.346551724137931,0.37014470677837,0.364016736401674,0.360237722439325,0.0210772833723653,0.982497082847141,0.64018691588785,0.82730455075846,0.525423728813559,0.512361466325661,0.90625,1.99611650485437,28.5072463768116,3.37104825291181,38,57309,57683,0.50033138482686,0.503596560243029,29,378,0.0135845265977524,0.141397810268123,0.354158037252202,0.963059683775699
"88","NAROWAL","NAROWAL","PUNJAB",74.8119283893028,32.0891875804858,1.41311476685,0.0695530053472,652602.426189956,75142.007211,9382807.01074304,0.541772496477747,16339.5562312603,16.6730165625105,33,75142.007211,0.541772496477747,232.312815338042,0.355590062111801,0.372564935064935,0.400482509047045,0.376212502074594,0.0196592398427261,0.998692810457516,0.750326797385621,0.855643044619423,0.735537190082645,0.70770593445527,0.959090909090909,2.03418803418803,27.8379096545616,3.50501253132832,20,32852,31383,0.437198861453768,0.417649210672215,769,720,0.0530994599172207,0.137433113424847,0.242341144133481,0.82027027027027
"89","NOORPUR","KHUSHAB","PUNJAB",71.9561698140232,31.8710848998938,2.35770529374,0.228638041638,277705.704104405,28201.003866,1214608.47947645,0.617601187471085,6741.03509354591,2.0477020332764,0,28201.003866,0.617601187471085,181.438335358445,0.26551724137931,0.2784,0.244943820224719,0.262953687201343,0.0814814814814815,0.888888888888889,0.525925925925926,0.851851851851852,0.708333333333333,0.447735191637631,0.89247311827957,2.13805970149254,28.5923344947735,3.13618677042802,0,13599,13824,0.48221687655578,0.490195315942871,0,65,0.00929044941963486,0.165348723831135,0.318002864104143,0.971614301191766
"90","NOWSHERA VIRKHAN","GUJRANWALA","PUNJAB",73.9948201312739,31.9995744718057,1.52620223534,0.0837694784389,670091.656314388,76280.161504,7999233.95492,0.446550370805704,16909.4465994835,13.5645617946764,0,76280.161504,0.446550370805704,328.986247209273,0.360248447204969,0.365853658536585,0.393203883495146,0.373101996412233,0.0333333333333333,0.998336106489185,0.720465890183028,0.903494176372712,0.845070422535211,0.718237704918033,0.898089171974522,2.17873303167421,27.5881147540984,3.44222539229672,24,30586,28435,0.400969261167547,0.372770579392506,64,61,0.0400497316702692,0.0844256209350356,0.247705296206133,0.860820045558087
"91","OKARA","OKARA","PUNJAB",73.4132854759636,30.7975767754165,2.19811270634,0.117288230741,1343316.02758321,138250.54587,11453118.6897138,0.568265329892113,33028.8421108723,19.566849591749,0,138250.54587,0.568265329892113,175.059587020649,0.423780487804878,0.46360153256705,0.421487603305785,0.436289874559238,0.014207650273224,0.949726775956284,0.590163934426229,0.809419496166484,0.541062801932367,0.549755301794454,0.775862068965517,1.9375,28.021207177814,3.44279346210996,41,59807,53554,0.432598653579551,0.387369175745302,192,564,0.0184013739981336,0.1048169459933,0.272584818836347,0.93676203733625
"92","PAK PATTAN","PAK PATTAN","PUNJAB",73.4476598149264,30.3358767512757,2.40955020532,0.143632580544,1073376.89490245,119973.702107,7473073.94211741,0.707766073059898,26572.9601547718,12.8062458577214,0,119973.702107,0.707766073059898,162.609073359073,0.394270122783083,0.417192429022082,0.380400421496312,0.397287657767159,0.040133779264214,0.913140311804009,0.551224944320713,0.741648106904232,0.684931506849315,0.48331830477908,0.811158798283262,2.05379746835443,27.8259693417493,3.16822429906542,30,55850,51055,0.465518684671325,0.425551592585399,148,324,0.0297315156351408,0.132020598863189,0.267700332955934,0.900039233269813
"93","PASRUR","SIALKOT","PUNJAB",74.6416962618148,32.2761034695929,1.89875036322,0.0972607312646,963302.031424504,110808.640261,9904326.43163889,0.456745644724686,24217.4111831188,17.4602820354137,52,110808.640261,0.456745644724686,246.028017241379,0.327152317880795,0.323852617970265,0.328436516264428,0.326480484038496,0.0381679389312977,0.997823721436344,0.764705882352941,0.882480957562568,0.879432624113475,0.750172057811425,0.822393822393822,2.05124450951684,27.4907088781831,3.4697247706422,28,39652,40055,0.357842131323002,0.361479031830496,1062,764,0.0709691950147303,0.0743804813468218,0.23337530303674,0.766812952200214
"94","PATTOKI","KASUR","PUNJAB",73.8834485433811,31.1232272275965,1.45208089605,0.0795171817751,980345.746145994,114164.341415,12328728.512018,0.488378332325346,24163.5285383463,21.0667206088459,0,114164.341415,0.488378332325346,194.680906713165,0.369883040935673,0.415873015873016,0.403726708074534,0.396494254961074,0.0157894736842105,0.982894736842105,0.61133069828722,0.820816864295125,0.490322580645161,0.524193548387097,0.579710144927536,2.13101160862355,27.6317204301075,3.33846153846154,30,29672,27065,0.259906023476621,0.237070521885776,12,87,0.0263129446792859,0.083099502720501,0.119485645263029,0.819525382997897
"95","PHALIA","MANDI BAHAUDDIN","PUNJAB",73.5829356278844,32.3547288441106,1.90946033998,0.108891981232,617652.983498006,62415.672818,5672162.23370998,0.442037656760535,15856.9558292925,10.1064090690201,0,62415.672818,0.442037656760535,206.086096938776,0.301298701298701,0.364583333333333,0.394148020654045,0.353343351762027,0.0955882352941176,0.996336996336996,0.692307692307692,0.915750915750916,0.711864406779661,0.722222222222222,0.869918699186992,2.09577464788732,27.6012345679012,3.37264957264957,21,30732,29352,0.492376331336081,0.470266499979717,191,439,0.0535282221460968,0.164509962584891,0.260944074855875,0.829783982066436
"96","PIND DADAN KHAN","JHELUM","PUNJAB",72.9304778680237,32.5882526186863,2.22578284469,0.129115102506,412356.224725706,41505.995804,3193710.23778217,0.388930272154582,10442.3604583591,5.62930482930411,0,41505.995804,0.388930272154582,244.281485468245,0.248407643312102,0.333764553686934,0.321292775665399,0.301154990888145,0.105590062111801,0.985537190082645,0.714876033057851,0.878099173553719,0.404255319148936,0.753443526170799,0.950354609929078,1.83666666666667,27.9407713498623,3.25776965265082,20,24048,23085,0.579386171423514,0.556184704229534,184,458,0.0586662228632841,0.163952216256529,0.355298065119035,0.858281922942614
"97","PINDI BHATTIAN","HAFIZABAD","PUNJAB",73.3817187163227,31.9727133713835,1.58632297196,0.112138564342,548791.134523686,58437.506195,4893866.24257096,0.492068334498219,13794.9087166786,8.55763568032172,0,58437.506195,0.492068334498219,195.198013656114,0.451456310679612,0.432467532467532,0.405204460966543,0.429709434704562,0.0344827586206897,0.975095785440613,0.488505747126437,0.812260536398467,0.537313432835821,0.478442280945758,0.773049645390071,2.04255319148936,27.884561891516,3.2703488372093,17,25219,23530,0.431555034464454,0.402652363731655,125,158,0.0139636348833417,0.11906736705673,0.27697964978158,0.952005646394542
"98","PINDI GHEB","ATTOCK","PUNJAB",72.3499887544068,33.3097003952323,2.34784403995,0.149286317059,307034.400701722,29240.182202,2056681.46117087,0.399279444782248,7683.81104123592,3.57054416414309,0,29240.182202,0.399279444782248,396.510697674419,0.399267399267399,0.44683908045977,0.428571428571429,0.424892636099533,0.125570776255708,0.990909090909091,0.775,0.915909090909091,0.612903225806452,0.692682926829268,0.909090909090909,1.91025641025641,28.9268292682927,3.61737089201878,12,18049,18822,0.617267015482737,0.643703239260684,2,3,0.111011620159398,0.167133021478428,0.376194646257971,0.772146567457532
"99","PIPLAN","MIANWALI","PUNJAB",71.4341189198481,32.3429793479136,1.6483834177,0.114576014895,420927.187300743,47236.398382,3673781.00631698,0.489335154822683,9453.06910333969,6.02490063947717,0,47236.398382,0.489335154822683,193.235187424426,0.316455696202532,0.380681818181818,0.385106382978723,0.360747965787691,0.0669745958429561,0.942263279445728,0.64203233256351,0.868360277136259,0.538461538461538,0.507911392405063,0.815533980582524,2.16206896551724,28.0712025316456,3.41121495327103,5,16346,15207,0.346046704657924,0.321933943333724,12,265,0.0295323108404383,0.0725499851255785,0.224212691119055,0.883614216586017
"100","QAIDABAD","KHUSHAB","PUNJAB",71.9668017072219,32.3161778099351,1.85278254,0.122537654579,366878.849719481,37706.640502,2994009.07402675,0.576316059411111,8448.44380843639,4.78123588479705,0,37706.640502,0.576316059411111,255.186085972851,0.272727272727273,0.285302593659942,0.243243243243243,0.267091036543486,0.036319612590799,0.927536231884058,0.635265700483092,0.898550724637681,0.761904761904762,0.400998336106489,0.788235294117647,2.09349593495935,28.3277870216306,3.27385892116183,8,16525,15547,0.438251718530148,0.412314642540891,4,113,0.029596908797558,0.135546416545089,0.250778108951351,0.894438138479001
"101","RAHIM YAR KHAN","RAHIM YAR KHAN","PUNJAB",70.3646616445993,28.3835607576933,3.19613528595,0.242015708815,1590154.09017318,192741.880967,6570458.16554293,0.721044888113361,39704.2527817618,11.4752175669832,24,192741.880967,0.721044888113361,82.7374173137762,0.355016538037486,0.437383177570093,0.416276894293732,0.402892203300437,0.081799591002045,0.926380368098159,0.596114519427403,0.786298568507158,0.597701149425287,0.494572591587517,0.721362229102167,2.00829383886256,27.5841248303935,3.54046639231824,43,28360,20673,0.147139790572323,0.107257436195403,8,134,0.0230100483493742,0.0255730616266213,0.0594318159734119,0.720893643801133
"102","RAJANPUR","RAJANPUR","PUNJAB",70.2433855719855,29.1379379467746,2.88511413927,0.252191747352,615449.027342863,83327.013993,2440401.13843948,0.729926135892419,15570.8375770394,4.29066893828586,0,83327.013993,0.729926135892419,109.658503026968,0.301181102362205,0.40506329113924,0.351585014409222,0.352609802636889,0.11496062992126,0.789308176100629,0.476340694006309,0.80188679245283,0.582089552238806,0.398230088495575,0.779220779220779,2.16198704103672,27.6359039190898,3.59365079365079,14,15831,11568,0.189986407065179,0.138826527504895,5,1,0.0449314072422482,0.0269900467114894,0.0700373110752566,0.609185803757829
"103","RAWALPINDI","RAWALPINDI","PUNJAB",72.9819278574208,33.4038825067574,2.73041636994,0.156662062439,3056583.40588149,276227.191952,19510680.2393313,0.506967513404662,70172.9899721146,21.0951578320377,0,276227.191952,0.506967513404662,864.412204100025,0,0,0,0,0.137130801687764,0.995798319327731,0.798319327731092,0.90295358649789,0.7,0.804532577903683,0.861788617886179,1.76190476190476,27.9971671388102,3.78697183098592,59,69515,58047,0.4592163,0.447613,444,7983,0.0215438601751927,0.0740803244437856,0.137390528904174,0.864448088925334
"104","RENALA KHURD","OKARA","PUNJAB",73.6718911662516,30.9465134120686,1.29656963507,0.0586821187878,537363.1955801,59448.46306,9157188.02729764,0.513220579846191,13431.7146215439,15.933232054026,0,59448.46306,0.513220579846191,184.225385527877,0.412532637075718,0.445652173913043,0.389312977099237,0.415832596029333,0.0134874759152216,0.973025048169557,0.616570327552986,0.851637764932563,0.744525547445255,0.610169491525424,0.805555555555556,1.93478260869565,28.4463276836158,3.40277777777778,22,23702,21802,0.398698280493444,0.366737824289852,72,198,0.0383861900297881,0.0792955739703862,0.256440607801981,0.869800878644377
"105","ROJHAN","RAJANPUR","PUNJAB",70.0367344297344,28.7868240236012,2.98832848577,0.258689808987,318894.922335703,45042.270148,1232730.90495702,0.800740637981546,8322.42593854573,2.24384630319378,0,45042.270148,0.800740637981546,98.7883995703545,0.0997830802603037,0.131178707224335,0.126050420168067,0.119004069217569,0.0455580865603645,0.671981776765376,0.275626423690205,0.694760820045558,0.283898305084746,0.132382892057026,0.35031847133758,2.05200945626478,28.7902240325866,3.18461538461538,9,11696,8071,0.259667196204127,0.179187238420272,11,34,0.0203808555160216,0.0481547664643255,0.111672879352493,0.845662407531944
"106","SADIQABAD","RAHIM YAR KHAN","PUNJAB",70.0268983948439,28.1975835634789,3.34690627907,0.234187657067,1229232.67321614,155399.09146,5248921.69216442,0.76740565837685,64269.5016281083,19.0880610716092,7,155399.09146,0.76740565837685,76.6768455380966,0.350663716814159,0.43258785942492,0.40913508260447,0.397462219614517,0.0815677966101695,0.934322033898305,0.597457627118644,0.778601694915254,0.269406392694064,0.475268817204301,0.701986754966887,2.04738154613466,27.6666666666667,3.3921568627451,28,30696,22269,0.197530112381006,0.143301996110653,30,618,0.0594405019567159,0.0205664008069356,0.0648008936563959,0.521572486662868
"107","SAFDARABAD","NANKANA SAHIB","PUNJAB",73.6191380673092,31.7520334546106,1.37390316842,0.0572720991987,423227.672847949,44974.255749,7389770.56488888,0.541944886504957,23885.6685147285,28.8126278826641,0,44974.255749,0.541944886504957,200.354644149578,0.361764705882353,0.404539385847797,0.4,0.388768030576717,0.0181818181818182,1,0.741496598639456,0.875283446712018,0.705882352941177,0.689088191330344,0.89622641509434,2.0580204778157,27.4304932735426,3.19088937093276,14,23767,25143,0.528457883386507,0.559053164555348,0,73,0.0184772373919379,0.161092159933321,0.386198719928483,0.954340659340659
"108","SAHIWAL","SARGODHA","PUNJAB",72.3960794186433,31.8828499388227,1.58309795635,0.0723090025332,373318.126954663,40127.891749,5162816.71543259,0.405094836000533,9340.00749802589,8.99808044125809,0,209200.949074,0.405094836000533,169.999036608863,0.342776203966006,0.367447595561036,0.348837209302326,0.353020336276456,0.0395010395010395,0.972972972972973,0.61954261954262,0.856548856548857,0.747826086956522,0.56043956043956,0.860869565217391,2.02341137123746,28.5425824175824,3.31372549019608,14,35451,29752,0.883450349740426,0.741429432328486,442,1593,0.0463268793593256,0.285038647720261,0.407497112040717,0.89791884026138
"109","SAHIWAL_SAHIWAL","SAHIWAL","PUNJAB",73.1131511618257,30.6695459979834,2.47041660226,0.154299986255,1656303.92872379,169073.057325,10734310.2804075,0.572817092766427,40623.8955437243,18.2825812528012,0,0,0.572817092766427,166.991884580703,0.382495948136143,0.419678714859438,0.399596367305752,0.400590343433777,0.0286885245901639,0.938775510204082,0.7170582226762,0.871428571428571,0.601190476190476,0.617138908085694,0.896860986547085,1.97108843537415,27.8790601243953,3.65919282511211,0,75758,74507,0.448078488664072,0.440679320400406,456,1343,0.012574445826181,0.171434765885162,0.2640633623498,0.954545454545455
"110","SAMBRIAL","SIALKOT","PUNJAB",74.3055040982923,32.5052061619953,0.930382718135,0.0345015695785,396648.865108049,42757.637787,11496545.5181849,0.372860417606119,11647.4564179182,23.388466702647,0,42757.637787,0.372860417606119,232.871743486974,0.377314814814815,0.347873500545256,0.377777777777778,0.367655364379283,0.0458891013384321,0.998087954110899,0.864244741873805,0.948374760994264,0.934579439252336,0.819932049830125,0.920289855072464,2.11083743842365,28.0588901472254,3.59668508287293,15,21484,21497,0.502459937263699,0.502763976510787,776,440,0.100987805301836,0.11841159292339,0.306378010526646,0.752095533356298
"111","SAMUNDARI","FAISALABAD","PUNJAB",72.9100507161809,31.0194448835546,1.99834499798,0.0818998719286,793660.551774212,81312.723225,9690620.181508,0.406523217325078,20367.6904578209,17.2607546252719,0,81312.723225,0.406523217325078,171.656514382403,0.415750915750916,0.44609375,0.437575757575758,0.433140141108891,0.0438709677419355,0.996134020618557,0.789948453608247,0.908505154639175,0.656716417910448,0.774278215223097,0.895348837209302,2.03171247357294,27.8101487314086,3.5683615819209,25,36941,34230,0.454307745883516,0.42096733010998,2,85,0.0163934984235058,0.130606866659889,0.272749443388231,0.943303134702905
"112","SARAI ALAMGIR","GUJRAT","PUNJAB",73.753613275247,32.8692969461771,1.30402384861,0.0466285051914,303178.845788757,31553.105863,6502006.54179826,0.27895109243135,6760.84168110043,10.1361944244384,0,31553.105863,0.27895109243135,259.150746268657,0.367688022284123,0.408820023837902,0.383763837638376,0.3867572945868,0.0626223091976517,0.998043052837573,0.863013698630137,0.945205479452055,0.924528301886792,0.84993531694696,0.975806451612903,1.95508982035928,28.4463130659767,3.53729071537291,7,15404,15594,0.488192828524787,0.494214422748346,19,38,0.0579023823497004,0.162392888429045,0.279085045961391,0.828176431863068
"113","SARGODHA","SARGODHA","PUNJAB",72.7318087911891,32.053690882792,2.6722502514,0.138883927065,1685523.8450356,167762.933738,12136205.2517909,0.424021322463744,41169.2665627003,20.4924174030365,0,167762.933738,0.424021322463744,186.662182361734,0.397653194263364,0.485750474984167,0.468354430379747,0.450586033209093,0.0825396825396825,0.989429175475687,0.711416490486258,0.874207188160677,0.628140703517588,0.716160220994475,0.90234375,2.05162241887906,28.5504143646409,3.60270009643202,55,74387,68826,0.44340545520128,0.410257489341999,274,648,0.027842860731649,0.123871224334061,0.266405689291285,0.90537638765092
"114","SHAH KOT","NANKANA SAHIB","PUNJAB",73.5434564126682,31.5741262856464,0.794801490731,0.0231343055097,247883.7766499,26318.297474,10714986.7345689,0.478741938809314,3899.02609205246,11.8152305819772,0,26318.297474,0.478741938809314,194.891891891892,0.435754189944134,0.447902571041949,0.415384615384615,0.433013792123566,0.0367965367965368,0.989177489177489,0.666666666666667,0.874458874458874,0.428571428571429,0.701444622792937,0.890909090909091,2.05821917808219,27.8619582664526,3.4324942791762,9,13367,14024,0.507897595321481,0.532861216188258,9,22,0.0517130715368097,0.186144259705239,0.298385562658756,0.85228999348817
"115","SHAHPUR","SARGODHA","PUNJAB",72.4801411373301,32.2005396652578,1.55640045276,0.0752400384685,422428.486739157,44096.133003,5614410.82883033,0.472175239636889,10884.8578531742,10.0599425630076,0,44096.133003,0.472175239636889,180.186175115207,0.303125,0.385991058122206,0.391120507399577,0.360078855173928,0.0770925110132159,0.991189427312775,0.605726872246696,0.8215859030837,0.452054794520548,0.518821603927987,0.836206896551724,1.97627118644068,28.1865793780687,3.2120253164557,15,18808,17678,0.426522661266475,0.400896831447721,15,67,0.0329053797053198,0.10978286916158,0.262970904936519,0.888786694259217
"116","SHAKARGARH","NAROWAL","PUNJAB",75.1740376118646,32.2322970278407,1.88544982779,0.0916775958928,799176.958547516,89916.222936,8717254.75308063,0.585355592081417,18534.7337739468,14.4576706505045,91,89916.222936,0.585355592081417,257.899206349206,0.247512437810945,0.276167947959787,0.296703296703297,0.273461227491343,0.0942460317460317,1,0.757425742574257,0.959405940594059,0.742138364779874,0.749387254901961,0.961832061068702,2.12367021276596,26.9675245098039,3.58381030253475,27,34995,33474,0.389195618513786,0.372279872385497,530,743,0.0547843296699217,0.140130441299434,0.18794161329517,0.774295532646048
"117","SHANGLA HILL","NANKANA SAHIB","PUNJAB",73.4042361147808,31.7296796277988,0.985367022734,0.0287177847956,238229.126802748,25281.540444,8295525.87354329,0.51533949971199,4417.60397410393,10.6448288532625,0,25281.540444,0.51533949971199,195.110843373494,0.398255813953488,0.47568988173456,0.442622950819672,0.438856215502573,0.0182648401826484,0.995444191343964,0.737442922374429,0.87243735763098,0.222222222222222,0.751470588235294,0.940677966101695,1.86101694915254,27.4764705882353,3.55772994129159,13,15877,15546,0.628007618252868,0.614915061621156,0,100,0.0260664496081527,0.171706309179045,0.423985240287995,0.94208120935138
"118","SHARAK PUR","SHEIKHUPURA","PUNJAB",74.0675077895484,31.4961123194598,1.04654892998,0.035484737582,217426.566346706,25300.809916,6127326.31442645,0.474406478228047,6775.74870061874,13.1567935934345,0,25300.809916,0.474406478228047,200.684210526316,0.477073170731707,0.492660550458716,0.501061571125265,0.490265097438563,0.0494672754946728,0.998479087452471,0.768821292775665,0.884410646387833,0.698224852071006,0.725175526579739,0.932011331444759,1.97537473233405,27.6720160481444,3.61825726141079,5,7597,8053,0.300267067545364,0.318290205994843,27,54,0.027785671776279,0.0780212177615571,0.224182546678598,0.889725490196078
"119","SHEIKHUPURA","SHEIKHUPURA","PUNJAB",73.9378700874123,31.7380732308851,2.1805751113,0.11936723864,1636109.85926159,182201.133685,13706523.480835,0.422995972569327,33691.951924324,19.6569147749849,0,182201.133685,0.422995972569327,204.265969802555,0.431746031746032,0.437362637362637,0.443946188340807,0.437684952483159,0.0331695331695332,0.992628992628993,0.755528255528256,0.901719901719902,0.537037037037037,0.636144578313253,0.925233644859813,2.0034965034965,28.2120481927711,3.47474747474747,15,75315,72131,0.413361862666612,0.395886669534693,1,1596,0.0299065098542172,0.117326383034245,0.254520919063951,0.894853636416263
"120","SHORKOT","JHANG","PUNJAB",72.1837859113711,30.888947124526,2.40354430469,0.115646879067,576552.714904999,63599.031024,4985458.48842988,0.448038713886985,17083.4013353586,10.2357108060867,0,63599.031024,0.448038713886985,143.986202759448,0.404395604395604,0.441277080957811,0.428571428571429,0.424748037974948,0.0459965928449744,0.902896081771721,0.419080068143101,0.858361774744027,0.346666666666667,0.557907845579078,0.844155844155844,2.11576354679803,28.2341220423412,3.36607142857143,17,27234,25211,0.428214071213174,0.396405410492595,15,62,0.0125159139562931,0.138807146238889,0.245899972817171,0.951566778217219
"121","SHUJABAD","MULTAN","PUNJAB",71.3146261042914,29.8304035630155,1.36544309362,0.0781807056617,670551.907528187,82212.098073,8576948.77339389,0.683113437748082,16539.1208529472,14.6234490300152,0,82212.098073,0.683113437748082,112.86944937833,0.409836065573771,0.504337050805452,0.467652495378928,0.460608537252717,0.0935672514619883,0.932038834951456,0.586744639376218,0.848543689320388,0.634328358208955,0.505235602094241,0.836734693877551,2.03580562659847,28.4607329842932,3.36010362694301,0,22389,20222,0.272332181330779,0.245973530343964,138,23,0.0677637492605194,0.0608912814213175,0.119021412047062,0.637210210992446
"122","SIALKOT","SIALKOT","PUNJAB",74.5357723286094,32.5972144632597,1.98059957331,0.0929130177081,1877924.26442515,183615.644637,20211637.8387894,0.41817762976469,44738.2578124404,34.6271345297526,139,183615.644637,0.41817762976469,248.044186046512,0.280503144654088,0.333902161547213,0.365313653136531,0.326572986445944,0.0541062801932367,1,0.90549662487946,0.93731918997107,0.877005347593583,0.843172331544425,0.956521739130435,2.03527815468114,28.2057245080501,3.86411889596603,37,68907,69677,0.375278479871506,0.379472022320039,1696,1839,0.0565256845108097,0.0954548292148531,0.251514516049543,0.816499001078482
"123","SILLANWALI","SARGODHA","PUNJAB",72.5044355635209,31.7627911062646,1.76430128796,0.0580984094791,387168.228093495,41169.434288,6664007.35518884,0.392994071539609,9793.45844006538,11.8564872155755,0,41169.434288,0.392994071539609,175.716363636364,0.352331606217617,0.339779005524862,0.367614879649891,0.353241830464123,0.0372093023255814,0.974418604651163,0.681395348837209,0.872093023255814,0.729508196721312,0.634645669291339,0.870748299319728,1.88252148997135,28.4220472440945,3.49379652605459,18,22909,20766,0.55645651673862,0.504403336094731,11,119,0.0246542129507922,0.163057863584895,0.314262273061429,0.927255787285888
"124","SOHAWA","JHELUM","PUNJAB",73.3037730125829,33.0216075246167,2.06169542141,0.0877252109475,208324.233354808,20413.516887,2374736.1916232,0.463421114614304,6042.35837554932,4.79552252027724,0,20413.516887,0.463421114614304,406.781027667984,0.211267605633803,0.211901306240929,0.217131474103586,0.213433461992772,0.149779735682819,0.986784140969163,0.777533039647577,0.892070484581498,0.647058823529412,0.798151001540832,0.95,2.03759398496241,28.6748844375963,3.3957528957529,16,11768,11490,0.576480773261282,0.562862345748822,83,177,0.0771057730381762,0.162196451416392,0.341930302291277,0.815992518120178
"125","TALA GANG","CHAKWAL","PUNJAB",72.2386704888558,32.8502297520053,2.91318745393,0.304179588086,595198.162004822,60082.695968,1956732.7503795,0.478034256962139,15073.5091806054,3.43438349979618,0,60082.695968,0.478034256962139,455.56345408977,0.323404255319149,0.37037037037037,0.375,0.356258208563173,0.123430962343096,0.945606694560669,0.715481171548117,0.870292887029289,0.388888888888889,0.713836477987421,0.932584269662921,1.82038834951456,28.872641509434,3.63215859030837,23,25316,25243,0.421352597318258,0.420137605234033,22,23,0.019922541435849,0.127657387479501,0.269578449153256,0.931183166609176
"126","TANDLIANWALA","FAISALABAD","PUNJAB",73.0645094190566,30.9111470984693,2.68567283347,0.12751031025,854768.795213373,87927.525046,6703526.90333426,0.449577694072962,21409.5232738853,11.6673151356323,0,87927.525046,0.449577694072962,171.159956474429,0.389728096676737,0.428085106382979,0.393939393939394,0.403917532333037,0.0228187919463087,0.979865771812081,0.612903225806452,0.741935483870968,0.569832402234637,0.497164461247637,0.842342342342342,2.01581722319859,28.586011342155,3.24714828897338,22,43171,38836,0.490983909502909,0.441681941800166,1,325,0.00807483208049536,0.15828945478357,0.27361170449656,0.971333979328165
"127","TAUNSA","DERA GHAZI KHAN","PUNJAB",70.6131696690488,30.8975550847918,2.63620583273,0.251513980602,575750.996748749,74572.084739,2289141.12595525,0.760767810855358,14400.5780839473,3.9857675294623,0,74572.084739,0.760767810855358,178.182369146005,0.389721627408994,0.469489414694894,0.415094339622642,0.42476846057551,0.0885122410546139,0.930451127819549,0.446327683615819,0.838649155722326,0.169014084507042,0.544715447154472,0.6,2.11627906976744,27.6924119241192,3.55223880597015,0,41786,39688,0.560343728437387,0.532209876375413,27,25,0.110765308880793,0.138121390008737,0.297926497264477,0.728975949076353
"128","TAXILA","RAWALPINDI","PUNJAB",72.823439719322,33.7312078230408,0.896920125034,0.0271365256772,545598.167611275,46334.300625,20105675.0632482,0.428974220538751,13598.1575393677,35.1373579828622,0,46334.300625,0.428974220538751,502.3,0.526086956521739,0.5576171875,0.591044776119403,0.558249640047047,0.15016501650165,0.99672131147541,0.816393442622951,0.940983606557377,0.689655172413793,0.716612377850163,0.871951219512195,1.94299287410926,28.8783930510315,3.75454545454545,9,12407,11188,0.267771388207934,0.241462584933535,255,376,0.0519269734849915,0.04724361802105,0.147536488255778,0.739666738801125
"129","TOBA TEK SINGH","TOBA TEK SINGH","PUNJAB",72.5476912677155,30.9357344999016,2.28525496359,0.119640397247,969164.523708005,96864.939548,8100646.15304767,0.332615500799574,23987.7464818954,13.9301663657929,0,96864.939548,0.332615500799574,157.423255813953,0.323679727427598,0.376689189189189,0.409986859395532,0.370118592004106,0.074792243767313,0.982019363762102,0.764868603042877,0.922544951590595,0.708333333333333,0.739089184060721,0.901639344262295,2.01988071570577,28.6650853889943,3.62901155327343,29,52174,50673,0.538626258824494,0.523130456039667,111,337,0.0662262324214959,0.190306214880414,0.258803650907947,0.796245712107737
"130","VEHARI","VEHARI","PUNJAB",72.3672458983103,30.0139735706527,2.2305024555,0.129881336181,1015839.31897705,110562.488798,7821287.86819222,0.649471999990383,25952.3721084595,13.908023637974,0,110562.488798,0.649471999990383,138.273752012882,0.429541595925297,0.481324278438031,0.412698412698413,0.441188095687247,0.0338345864661654,0.93125,0.53,0.865,0.609756097560976,0.528,0.768888888888889,1.94973070017953,28.552,3.45117845117845,31,39478,36515,0.357065044656575,0.330265720290664,5,69,0.0219423425284171,0.0845675608576671,0.225637105958954,0.911372520366785
"131","WAZIRABAD","GUJRANWALA","PUNJAB",73.9954843530873,32.3455407341264,1.75009917712,0.115534829789,1025299.34334373,105711.397116,8874374.46539909,0.431096008507803,25188.0852046162,15.1735453039857,0,105711.397116,0.431096008507803,218.612748045701,0.41374269005848,0.409252669039146,0.414383561643836,0.412459640247154,0.0375146541617819,0.997655334114889,0.827667057444314,0.921453692848769,0.803738317757009,0.78408195429472,0.974358974358974,1.93698175787728,27.7549251379039,3.58291457286432,33,44607,42454,0.421969638250562,0.401602865520868,299,274,0.0773142747421221,0.100395986521246,0.234364512019586,0.751942454777225
"132","YAZMAN","BAHAWALPUR","PUNJAB",71.6631914046731,28.7130603325582,8.00816202682,1.76881531433,654666.722364201,71765.9157649999,370115.928475087,0.850406557973266,16420.3890449405,0.644568755444179,13,71765.9157649999,0.850406557973266,114.645255015902,0.210866752910737,0.237055520898316,0.219981668194317,0.222634647334457,0.0907317073170732,0.823414634146341,0.388292682926829,0.839024390243902,0.581896551724138,0.585723815877252,0.8300395256917,2.04041916167665,27.9993328885924,3.40432801822323,19,43625,46027,0.607879096016159,0.641349023549244,9,89,0.0439345052089158,0.171543829250543,0.434147598729524,0.90810259399592
"133","ZAFARWAL","NAROWAL","PUNJAB",75.0033863227295,32.3398803992905,1.52652791749,0.0610283651684,516431.275487114,58942.960615,8462151.55955902,0.520590984984063,13989.6224060059,15.9881398925781,0,0,0.520590984984063,272.221843003413,0.285714285714286,0.307785888077859,0.333333333333333,0.308944502375159,0.0319829424307036,0.995735607675906,0.71002132196162,0.897435897435897,0.804878048780488,0.70280612244898,0.971223021582734,2.0995145631068,27.3469387755102,3.47549909255898,19,27242,24099,0.462175630741347,0.408852893518674,699,649,0.0644691064098494,0.0991466994366211,0.264900165127208,0.804264963428454
