"","Tehsil","OBJECTID","PROVINCE","DISTRICT","TEHSIL","SHAPE_Leng","Area_Sq_Km","Shape_Le_1","Shape_Area","id","fertility","elevation","poverty","night_lights","distance_to_lakes_rivers","malaria_instance","Population","child_population","population_density"
"1","18-HAZARI",335,"PUNJAB","JHANG","18-HAZARI",2.82382746245,1656.38940765,2.8238274598,0.156673432882,"333",4.62806009249331,155.796625222025,0.601102675851501,0.595201760530472,30,0,497107.628390812,52406.730413,3172890.38253992
"2","AHMADPUR EAST",299,"PUNJAB","BAHAWALPUR","AHMADPUR EAST",1.93178662608,1478.92405598,1.93178662251,0.137260383826,"297",14.166610704767,102.583038869258,0.8124977762952,0.66727802157402,45,0,1113662.97068812,135026.127508,8113506.16722642
"3","AHMEDPUR SIAL",336,"PUNJAB","JHANG","AHMEDPUR SIAL",1.60514279042,862.891123494,1.60514279469,0.081254902888,"334",7.82048832933517,138.224699828473,0.560411954463296,0.589007019996643,30,0,457973.186314506,50576.470073,5636252.95258511
"4","ALIPUR",372,"PUNJAB","MUZAFFARGARH","ALIPUR",2.11452253728,1237.96880365,2.1145225361,0.114990192053,"369",9.65638034041125,98.915961305925,0.81460386554304,0.731999009847641,27,0,628935.260926206,83185.675714,5469468.74074551
"5","ARIFWALA",386,"PUNJAB","PAK PATTAN","ARIFWALA",2.39439927974,1361.71494823,2.24961725073,0.108238775033,"383",13.9440149195683,155.023642172524,0.566934847900369,0.527584989865621,5,0,856193.818890465,89899.8016049999,7910231.97213224
"6","ATTOCK",288,"PUNJAB","ATTOCK","ATTOCK",2.18616218185,1090.68004581,2.18616218911,0.105943930102,"286",7.53493402655187,410.912614980289,0.41399349327114,0.651746511459351,2,0,393456.659553904,37452.829191,3713819.74573809
"7","BAHAWALNAGAR",294,"PUNJAB","BAHAWALNAGAR","BAHAWALNAGAR",2.12912171388,1803.39534023,2.16642707859,0.186810514192,"292",8.63854315711018,155.212710280374,0.573597426690885,0.617929657300313,7,0,939143.134216927,105054.697708,5027249.87551662
"8","BAHAWALPUR",300,"PUNJAB","BAHAWALPUR","BAHAWALPUR",2.73940956816,1181.25213355,2.73940957036,0.10962840541,"298",15.6701441495703,114.598355471221,0.783578614657774,0.517292991280556,22,0,1055597.95547099,114256.993429,9628872.65871609
"9","BAHAWALPUR CITY",301,"PUNJAB","BAHAWALPUR","BAHAWALPUR CITY",1.53152629898,245.826837743,1.53152630021,0.0228364694867,"299",18.2712192831617,114.369230769231,0.745942277776683,0.574275016784668,15,0,202797.565078761,21939.131049,8880425.46142568
"10","BHAKKAR",305,"PUNJAB","BHAKKAR","BHAKKAR",2.32535357851,1830.76182111,2.32535358358,0.173854499289,"303",6.66565474292313,165.587740384615,0.724675492037279,0.589412748813629,2,0,662595.031514009,75802.791119,3811204.39346566
"11","BHALWAL",405,"PUNJAB","SARGODHA","BHALWAL",1.86984630083,1282.58564193,1.86984629344,0.122544463329,"402",11.7942940875281,195.143342776204,0.539688510642122,0.497185498476028,0,0,890393.191274237,90377.123062,7265878.58060762
"12","BHAWANA",313,"PUNJAB","CHINIOT","BHAWANA",1.54797736939,933.525449936,1.54797736906,0.0884537512945,"311",9.00301600724623,170.90157480315,0.552538768206752,0.539451494812965,6,0,632850.140117841,63170.751068,7154587.91578906
"13","BUREWALA",422,"PUNJAB","VEHARI","BUREWALA",2.32533132057,1501.83236697,2.32533131861,0.140263986149,"418",14.1296636639112,145.963914977756,0.527599605277733,0.549842014908791,6,0,1135909.90667152,117974.296865,8098371.77637928
"14","CHAK JHUMRA",319,"PUNJAB","FAISALABAD","CHAK JHUMRA",1.03382883415,524.889447645,1.03382883349,0.0497455691759,"317",13.7879435527358,189.423023578363,0.429166840242116,0.452661991119385,0,0,417323.469800752,43314.854371,8389158.60677157
"15","CHAKWAL",309,"PUNJAB","CHAKWAL","CHAKWAL",2.43162580846,2198.63402934,2.43162580967,0.21162524639,"307",5.79824989965592,472.32118226601,0.312416692075667,0.50925699621439,0,0,737022.428455009,67224.957881,3482677.23736876
"16","CHAUBARA",356,"PUNJAB","LAYYAH","CHAUBARA",2.25973300018,2940.54723847,2.25973300174,0.277324077191,"353",1.61509481089558,145.71675,0.774812699258328,0.746236407756805,0,0,262461.886837103,30654.287926,946408.582679027
"17","CHICHAWATNI",403,"PUNJAB","SAHIWAL","CHICHAWATNI",2.60438483431,1587.54823798,2.60438483507,0.148738680975,"400",14.3499591548494,153.749530956848,0.504868040974014,0.453020989894867,3,0,1230347.14624386,123338.692326,8271870.76138356
"18","CHINIOT",314,"PUNJAB","CHINIOT","CHINIOT",1.6546829257,699.458196472,1.65468292555,0.0663534855522,"312",13.5477556724488,181.98121085595,0.43497073045879,0.44437500834465,5,0,467005.435694354,46668.786885,7038144.74564358
"19","CHISHTIAN",295,"PUNJAB","BAHAWALNAGAR","CHISHTIAN",2.45105532732,1823.78394265,2.45105531731,0.169562479346,"293",7.96600497671682,146.708333333333,0.675830334217843,0.68757352232933,8,0,780803.271533055,83898.1037339999,4604811.59832412
"20","CHUNIAN",343,"PUNJAB","KASUR","CHUNIAN",1.82977106657,1181.82403748,1.82977106794,0.11094759583,"341",14.4435216660628,187.582286432161,0.550415006343514,0.457308009266853,12,0,915601.752857614,105279.943199,8252560.55354773
"21","DARYA KHAN",306,"PUNJAB","BHAKKAR","DARYA KHAN",2.04510005276,1384.6620652,2.04510005477,0.13184421513,"304",4.84631782080724,178.116071428571,0.760152435133688,0.758242011070251,0,0,360979.779108197,40405.330278,2737926.56547173
"22","DASKA",415,"PUNJAB","SIALKOT","DASKA",1.76277526185,754.418009897,1.76277525861,0.0718298774709,"412",23.4352776148498,231.571014492754,0.406716299920842,0.560621023178101,0,0,1016790.99566206,111760.219659,14155544.0641533
"23","DE-EXCLUDED AREA D.G.KHAN",316,"PUNJAB","DERA GHAZI KHAN","DE-EXCLUDED AREA D.G.KHAN",3.96172282897,5400.39160271,3.96172283377,0.507164769339,"314",0.687988766486662,755.871851040526,0.807933845482807,0.284358110692766,0,0,195673.58979287,26813.946032,385818.577358787
"24","DE-EXCLUDED AREA RAJANPUR",392,"PUNJAB","RAJANPUR","DE-EXCLUDED AREA RAJANPUR",4.67638595741,4794.03065535,4.67638595733,0.445137626897,"389",0.0989869280708237,551.947105632704,0.945489113827174,-1.04905816912651,0,0,69528.5922853128,8182.601558,156195.720343814
"25","DEPALPUR",383,"PUNJAB","OKARA","DEPALPUR",2.93788346197,2560.28307703,2.93788346065,0.239735580389,"380",11.6641021957542,175.181074766355,0.673066214420478,0.5196440021197,23,0,1600542.69237053,181696.848671,6676283.46936845
"26","DERA GHAZI KHAN",317,"PUNJAB","DERA GHAZI KHAN","DERA GHAZI KHAN",3.01918214499,3621.19030989,3.01918214462,0.338753255345,"315",9.25829772289303,142.447422258592,0.618525225727067,0.658009737730026,35,0,1803594.7822832,244600.716959,5324213.87492304
"27","DUNYA PUR",359,"PUNJAB","LODHRAN","DUNYA PUR",1.79712404302,806.767928427,1.79712404092,0.0752333544217,"356",12.3741613587883,120.008310249307,0.706751694190084,0.591921001672745,0,0,527545.66001912,59155.96614,7012124.66298002
"28","FAISALABAD CITY",320,"PUNJAB","FAISALABAD","FAISALABAD CITY",0.711983252894,200.950290049,0.711983255277,0.0190071083942,"318",125.684172964795,183.769230769231,0.357460750987495,0.458514988422394,0,0,3306004.27715914,318990.430656,173935151.449337
"29","FATEH JANG",289,"PUNJAB","ATTOCK","FATEH JANG",1.88092210929,1310.41839628,1.8809221135,0.126920035436,"287",4.7181343734914,480.145981410607,0.488432604837847,0.548298001289368,0,0,338325.102530492,30952.700811,2665655.59462906
"30","FEROZEWALA",411,"PUNJAB","SHEIKHUPURA","FEROZEWALA",1.41514857599,459.805425732,1.41514858,0.0435004213713,"408",18.815260318827,207.798412698413,0.34669311486765,0.377963006496429,6,0,656705.667221647,75287.323317,15096535.7695343
"31","FORT ABBAS",296,"PUNJAB","BAHAWALNAGAR","FORT ABBAS",2.75161484274,2401.52456911,2.75161484294,0.222078140748,"294",3.49679300610209,139.115845959596,0.862599338623605,0.752008001009623,0,0,453544.081434717,49017.089091,2042272.50780782
"32","GOJRA",419,"PUNJAB","TOBA TEK SINGH","GOJRA",1.76805820098,691.338835198,1.76805820536,0.0652422067394,"416",20.1297330907051,166.452025586354,0.404059277096791,0.496692001819611,0,0,773022.286900879,78593.891243,11848500.0053508
"33","GUJAR KHAN",396,"PUNJAB","RAWALPINDI","GUJAR KHAN",2.32020822593,1480.87761076,2.32020822135,0.142837678932,"393",9.39125896151928,485.492464754497,0.365778209871465,0.45818567276001,7,0,778249.290445082,74683.8780079999,5448487.37576854
"34","GUJRANWALA",325,"PUNJAB","GUJRANWALA","GUJRANWALA",2.07008536976,787.248304336,2.0700853658,0.0748688664227,"323",35.9420186939524,221.746031746032,0.4308406999326,0.538593500852585,0,0,1954167.9054167,202554.857639,26101208.67042
"35","GUJRAT",330,"PUNJAB","GUJRAT","GUJRAT",2.02288037035,1437.93113871,2.02288036826,0.137498586922,"328",21.2148947071932,245.656519533232,0.341793599554082,0.540253013372421,12,0,1712431.64934912,170931.21485,12454176.3496126
"36","HAFIZABAD",333,"PUNJAB","HAFIZABAD","HAFIZABAD",1.43263955846,1102.35074242,1.43263955855,0.104911761787,"331",12.3926948116234,204.44715984148,0.39742749788684,0.549189984798431,10,0,759653.780923654,80533.7246679999,7240882.89038518
"37","HAROONABAD",297,"PUNJAB","BAHAWALNAGAR","HAROONABAD",1.61757858231,1130.12582369,1.61757858226,0.104785487036,"295",10.0743170035575,150.913621262458,0.717990648900131,0.579160988330841,0,0,580463.022131564,60382.327055,5539536.42389562
"38","HASILPUR",302,"PUNJAB","BAHAWALPUR","HASILPUR",2.46603391559,1124.31672477,2.46603391269,0.104523331801,"300",7.99757803634948,139.206644518272,0.767006946631162,0.679390013217926,9,0,488766.676434788,52490.272549,4676149.02828913
"39","HASSANABDAL",290,"PUNJAB","ATTOCK","HASSANABDAL",1.27983265136,381.159837084,1.27983264822,0.0370387113205,"288",10.0531053142013,441.619402985075,0.409910406194516,0.590184986591339,0,0,259011.582947462,24474.180831,6992996.6165995
"40","ISAKHEL",365,"PUNJAB","MIANWALI","ISAKHEL",2.92341438718,1883.27458015,2.92341438284,0.18138317281,"362",3.85726387076074,359.89270714013,0.567138132433455,0.713585019111633,32,0,405355.777674626,47867.176688,2234803.65568
"41","JAHANIAN",347,"PUNJAB","KHANEWAL","JAHANIAN",1.45683001044,499.727509199,1.45683001066,0.0467037462545,"345",14.8109045342209,125.494065281899,0.656239061838105,0.41738098859787,0,0,383170.467001914,42344.949251,8204276.90990623
"42","JALALPUR PIRWALA",368,"PUNJAB","MULTAN","JALALPUR PIRWALA",1.58360418199,871.275606975,1.58360418294,0.0810897034058,"365",12.0566880997411,107.033505154639,0.737164352101968,0.521640494465828,13,0,557696.603168334,68094.118758,6877526.73576118
"43","JAMPUR",393,"PUNJAB","RAJANPUR","JAMPUR",2.28883986333,2212.12198695,2.28883986292,0.206002067795,"390",6.43492210463965,130.23630831643,0.774866388421399,0.803047001361847,15,0,756182.458784765,103996.4326,3670751.78845908
"44","JAND",292,"PUNJAB","ATTOCK","JAND",3.18130298531,2122.88996139,3.18130298674,0.205458977304,"290",2.8754149862062,360.239607975667,0.365268641270501,0.781081259250641,7,0,353289.81147523,35444.790588,1719515.08817499
"45","JARANWALA",322,"PUNJAB","FAISALABAD","JARANWALA",2.2915847202,1733.36550195,2.29158472165,0.163703285004,"320",17.2539441114991,186.99531516184,0.505709664861226,0.457436998685201,0,0,1652980.90246013,171679.350798,10097420.478885
"46","JATOI",373,"PUNJAB","MUZAFFARGARH","JATOI",1.72291298614,1033.16723336,1.7229129853,0.0962393044272,"370",12.5703086666654,107.604046242775,0.797301949212625,0.685627996921539,5,0,684254.359755888,95308.801006,7109926.28041582
"47","JHANG",337,"PUNJAB","JHANG","JHANG",3.51936040663,2615.34330548,3.51936039879,0.247510805332,"335",10.2483919432994,158.666199943993,0.518708268948811,0.478821240365505,19,0,1437355.47317362,151428.027882,5807243.32921796
"48","JHELUM",340,"PUNJAB","JHELUM","JHELUM",2.17828495334,605.697096804,2.17828495582,0.0581237798343,"338",11.754995268914,254.892601431981,0.311320248964514,0.627278983592987,26,0,470251.868497465,43637.189716,8090524.56392314
"49","KABIRWALA",348,"PUNJAB","KHANEWAL","KABIRWALA",2.09632903821,1649.33782288,2.09632903847,0.154822348563,"346",11.5776074196935,134.215467143496,0.609282069377831,0.509811997413635,21,0,1055374.01711902,113869.162217,6816677.48173688
"50","KAHUTA",397,"PUNJAB","RAWALPINDI","KAHUTA",1.30855484875,614.738837862,1.30855484971,0.0595125445879,"394",6.26535334275512,749.786713286713,0.397453931015737,0.626815021038055,17,0,222907.847784768,21380.837667,3745560.69360357
"51","KALLAR KAHAR",311,"PUNJAB","CHAKWAL","KALLAR KAHAR",1.51871034445,831.659844434,1.51871034369,0.0798594359591,"309",4.97022743032457,652.177083333333,0.401969758390759,0.59068751335144,0,0,201663.379429625,18409.977316,2525229.1981239
"52","KALUR KOT",307,"PUNJAB","BHAKKAR","KALUR KOT",1.93806691189,1749.69732296,1.93806691214,0.167006998465,"305",3.69959843883136,187.389004581424,0.692787295428478,0.603515684604645,12,0,352736.391888435,39069.739409,2112105.45145124
"53","KAMALIA",420,"PUNJAB","TOBA TEK SINGH","KAMALIA",2.2263451707,1117.0210278,2.2259433776,0.104929680598,"552",13.1003360401554,150.145321831453,0.426588146101172,0.491186007857323,59,0,794717.610744163,81045.712255,7573811.39649929
"54","KAMOKE",327,"PUNJAB","GUJRANWALA","KAMOKE",1.64943777675,681.300449904,1.64943777354,0.0646604484061,"325",17.0677250594441,217.852721451441,0.461653907759449,0.620492994785309,0,0,629039.9434782,72326.632075,9728357.27224646
"55","KAROR LAL ESAN",357,"PUNJAB","LAYYAH","KAROR LAL ESAN",1.77193661749,1417.97067094,1.77193661791,0.134190706245,"354",7.74586041525577,154.579979360165,0.782425346048837,0.521723017096519,7,0,578013.580189006,68638.690645,4307403.9653215
"56","KARORPACCA",360,"PUNJAB","LODHRAN","KARORPACCA",1.69493649807,714.550968972,1.69493650145,0.0664978827561,"357",14.5738009155671,121.756558237146,0.718101041934275,0.664416015148163,0,0,557772.793819058,65340.700679,8387827.8631043
"57","KASUR",344,"PUNJAB","KASUR","KASUR",2.92286646652,1458.18747371,2.92286647186,0.137050059805,"342",16.9582945578705,198.435525634386,0.558134469832923,0.536660015583038,15,0,1196462.03287881,138174.490488,8730109.52772427
"58","KHAIRPUR TAMEWALI",303,"PUNJAB","BAHAWALPUR","KHAIRPUR TAMEWALI",1.74800543405,725.334808558,1.74800543447,0.0674442908616,"301",7.53952286256847,128.052523171988,0.739989363484912,0.700109004974365,15,0,291672.648054711,33276.460738,4324645.48635024
"59","KHAN PUR",388,"PUNJAB","RAHIM YAR KHAN","KHAN PUR",3.51049162345,3064.41486578,3.51049162487,0.282515559213,"385",6.88688410145731,88.0316797642436,0.730952049375694,0.695508256554604,10,0,1048763.66231431,37125.542943,3712233.28455198
"60","KHANEWAL",349,"PUNJAB","KHANEWAL","KHANEWAL",1.86252546523,1192.84176893,1.86252547199,0.111678581631,"347",14.8592504015005,135.978829389788,0.593448267685966,0.476731508970261,0,0,956998.913279235,103613.42663,8569225.17552452
"61","KHARIAN",331,"PUNJAB","GUJRAT","KHARIAN",1.7655625208,1267.41775713,1.76556251931,0.121413241345,"329",17.3720437004063,266.914857142857,0.272027804527438,0.602850675582886,0,0,1228494.92753749,118834.551693,10118294.4621887
"62","KHUSHAB",351,"PUNJAB","KHUSHAB","KHUSHAB",3.21807433133,2948.08275164,3.21807433131,0.282120633646,"348",4.96747810285667,400.187176325524,0.470376669537418,0.709342610836029,19,0,786420.290120764,80840.7529339999,2787531.98572335
"63","KOT ADDU",374,"PUNJAB","MUZAFFARGARH","KOT ADDU",2.80958609351,3165.65535949,2.80958609222,0.297259256235,"371",7.29655732215237,131.280578898226,0.775734707288771,0.609080334504445,11,0,1270011.27799058,164612.786578,4272402.79773345
"64","KOT MOMIN",406,"PUNJAB","SARGODHA","KOT MOMIN",1.45493377696,893.807035936,1.45493377581,0.085142475251,"403",9.37865083200889,193.041530944625,0.503157567360467,0.529287993907928,9,0,405362.808647545,41158.438303,4760993.93930627
"65","KOT RADHA KISHAN",345,"PUNJAB","KASUR","KOT RADHA KISHAN",1.07500856646,429.961468623,1.07500856362,0.0404713777675,"343",18.2325032775643,201.678694158076,0.590644170482134,0.436650007963181,0,0,585009.117032675,67443.800969,14454885.1386636
"66","LAHORE CANTT",354,"PUNJAB","LAHORE","LAHORE CANTT",1.89688566457,1037.43841716,1.8506433392,0.0979041316303,"351",97.1444365739651,213.373295046662,0.435267549215683,0.433680504560471,2,0,5747961.1854847,533926.409881999,58710098.2335436
"67","LAHORE CITY",355,"PUNJAB","LAHORE","LAHORE CITY",1.78899013741,656.331330988,1.78899013568,0.0619308895648,"352",100.92968567646,204.881489841986,0.421466556828146,0.496796011924744,20,0,4046471.16510858,382745.87535,65338495.7578342
"68","LAYYAH",358,"PUNJAB","LAYYAH","LAYYAH",2.08339814632,2022.48850758,2.08339814457,0.190730581555,"355",8.22968743467725,143.918122270742,0.803858380351103,0.538433492183685,12,0,926461.639293318,111275.224685,4857436.24194927
"69","LIAQAT PUR",389,"PUNJAB","RAHIM YAR KHAN","LIAQAT PUR",4.52230198472,4644.39522721,4.52230198127,0.427832750092,"386",3.6612256606489,103.690920903037,0.785420007935891,-0.169385999441147,27,0,1074599.23528889,135377.486603,2511727.38659631
"70","LODHRAN",361,"PUNJAB","LODHRAN","LODHRAN",1.8860463158,1142.96395348,1.88604631292,0.106353191974,"358",12.0645061721256,113.374269005848,0.719163956271897,0.579686999320984,1,0,738958.875980634,93686.087937,6948158.8870533
"71","MAILSI",423,"PUNJAB","VEHARI","MAILSI",2.7438280031,1600.70171242,2.74382800834,0.149272386179,"419",12.6990715729791,128.910399257196,0.582089919621123,0.642292002836863,18,0,1094751.01735209,123843.386551,7333915.16927529
"72","MALAKWAL",362,"PUNJAB","MANDI BAHAUDDIN","MALAKWAL",1.49364609961,749.137191113,1.49364609732,0.0716019165719,"359",10.97057636229,207.50486381323,0.492311482386598,0.54091902077198,0,0,459967.630712298,45939.431718,6423956.96559903
"73","MANDI BAHAUDDIN",363,"PUNJAB","MANDI BAHAUDDIN","MANDI BAHAUDDIN",1.3554163592,878.770324106,1.35541635726,0.0840603532713,"360",15.2606184642256,215.44921552436,0.368566097022579,0.594610512256622,0,0,733320.960326056,74073.443478,8723743.49842791
"74","MANKERA",308,"PUNJAB","BHAKKAR","MANKERA",2.75352050749,3560.98494102,2.75352050637,0.33758009463,"306",1.39704105544855,165.380275890467,0.789757089519206,0.855600506067276,0,0,266035.780844551,28544.857904,788067.143402327
"75","MIAN CHANNU",350,"PUNJAB","KHANEWAL","MIAN CHANNU",1.95870851483,1025.93116554,1.95830672507,0.0961376073697,"553",15.472146377677,144.895608351332,0.531397115248755,0.484041005373001,2,0,853017.947031451,91008.31317,8872885.13173773
"76","MIANWALI",366,"PUNJAB","MIANWALI","MIANWALI",2.77735101538,2952.13457317,2.77735101746,0.283593037576,"363",4.99457535516311,293.39842983317,0.513974833114839,0.710257162650426,11,0,831826.860475466,88559.4433070001,2933170.9536506
"77","MINCHINABAD",298,"PUNJAB","BAHAWALNAGAR","MINCHINABAD",2.01380381391,1417.67937901,2.01380381224,0.132189415974,"296",7.47025761546936,167.1008492569,0.729385124024334,0.705475986003876,0,0,533592.600014619,61534.775079,4036575.81874459
"78","MULTAN CITY",369,"PUNJAB","MULTAN","MULTAN CITY",0.90767468391,285.76531824,0.907674684462,0.0267518025454,"366",138.193267127084,121.638961038961,0.543523379192724,0.488445997238159,0,0,2333742.16012892,226931.399102,87236819.1327804
"79","MULTAN SADDAR",370,"PUNJAB","MULTAN","MULTAN SADDAR",3.3057787094,1652.51714946,3.30577871126,0.154616692887,"367",14.6018256193734,122.296229802513,0.665801326839564,0.536593973636627,9,0,1329632.23632578,152807.733376,8599538.71408653
"80","MURIDKE",412,"PUNJAB","SHEIKHUPURA","MURIDKE",1.94167806466,949.578587079,1.94167806354,0.0899762354387,"409",20.0032375203862,214.1734375,0.466068366913818,0.542065024375916,10,0,719425.141868482,83865.316497,7995723.96378619
"81","MURREE",400,"PUNJAB","RAWALPINDI","MURREE",1.1674013694,384.903634487,1.16740136747,0.0373834065647,"397",12.4441752784392,1273.18784530387,0.414958182694938,0.749710977077484,1,0,271926.897200094,23672.531214,7273999.94244683
"82","MUZAFFARGARH",375,"PUNJAB","MUZAFFARGARH","MUZAFFARGARH",3.87569596861,2232.41857061,3.87569596601,0.208819362273,"372",12.6335808404535,118.248583805398,0.723043560157494,0.6762855052948,39,0,1531316.64854698,194005.513486,7333211.97746505
"83","NANKANA SAHAB",376,"PUNJAB","NANKANA SAHIB","NANKANA SAHAB",2.81182414419,1633.87601116,2.81182414106,0.154208975573,"373",8.11338961596814,191.641958670261,0.510087573734377,0.438214987516403,42,0,1060537.29411764,114542.084982,6877273.45426528
"84","NAROWAL",380,"PUNJAB","NAROWAL","NAROWAL",1.41311476229,732.930131567,1.41311476685,0.0695530053472,"377",16.6730165625105,232.312815338042,0.541772496477747,0.533061981201172,7,0,652602.426189956,75142.007211,9382807.01074304
"85","NOORPUR",352,"PUNJAB","KHUSHAB","NOORPUR",2.35770529337,2401.75161753,2.35770529374,0.228638041638,"349",2.0477020332764,181.438335358445,0.617601187471085,0.869613751769066,15,0,277705.704104405,28201.003866,1214608.47947645
"86","NOWSHERA VIRKHAN",328,"PUNJAB","GUJRANWALA","NOWSHERA VIRKHAN",1.5262022411,881.919645229,1.52620223534,0.0837694784389,"326",14.0443908633584,212.703734439834,0.478493864753929,0.487383991479874,0,0,670091.656314388,76280.161504,7999233.95492
"87","OKARA",384,"PUNJAB","OKARA","OKARA",2.19811270868,1248.68094529,2.19811270634,0.117288230741,"381",19.566849591749,175.059587020649,0.568265329892113,0.509195029735565,0,0,1343316.02758321,138250.54587,11453118.6897138
"88","PAK PATTAN",387,"PUNJAB","PAK PATTAN","PAK PATTAN",2.40955020617,1536.43933886,2.40955020532,0.143632580544,"384",12.8062458577214,162.609073359073,0.707766073059898,0.531318664550781,28,0,1073376.89490245,119973.702107,7473073.94211741
"89","PASRUR",416,"PUNJAB","SIALKOT","PASRUR",1.8182561578,1022.20627572,1.89875036322,0.0972607312646,"413",17.4602820354137,246.028017241379,0.456745644724686,0.497630993525187,0,0,963302.031424504,110808.640261,9904326.43163889
"90","PATTOKI",346,"PUNJAB","KASUR","PATTOKI",1.45208089868,844.634895385,1.45208089605,0.0795171817751,"344",21.0667206088459,194.680906713165,0.488378332325346,0.513740003108978,0,0,980345.746145994,114164.341415,12328728.512018
"91","PHALIA",364,"PUNJAB","MANDI BAHAUDDIN","PHALIA",1.90946033367,1140.8828145,1.90946033998,0.108891981232,"361",10.1064090690201,206.086096938776,0.442037656760535,0.60020899772644,10,0,617652.983498006,62415.672818,5672162.23370998
"92","PIND DADAN KHAN",341,"PUNJAB","JHELUM","PIND DADAN KHAN",2.22578284353,1347.72350099,2.22578284469,0.129115102506,"339",5.62930482930411,244.281485468245,0.388930272154582,0.645101994276047,18,0,412356.224725706,41505.995804,3193710.23778217
"93","PINDI BHATTIAN",334,"PUNJAB","HAFIZABAD","PINDI BHATTIAN",1.58632297249,1179.65134225,1.58632297196,0.112138564342,"332",8.55763568032172,195.198013656114,0.492068334498219,0.474546000361443,2,0,548791.134523686,58437.506195,4893866.24257096
"94","PINDI GHEB",293,"PUNJAB","ATTOCK","PINDI GHEB",2.3478440407,1544.9147662,2.34784403995,0.149286317059,"291",3.57054416414309,396.510697674419,0.399279444782248,0.710567981004715,0,0,307034.400701722,29240.182202,2056681.46117087
"95","PIPLAN",367,"PUNJAB","MIANWALI","PIPLAN",1.64838341894,1197.12073252,1.6483834177,0.114576014895,"364",6.02490063947717,193.235187424426,0.489335154822683,0.70566600561142,11,0,420927.187300743,47236.398382,3673781.00631698
"96","QAIDABAD",353,"PUNJAB","KHUSHAB","QAIDABAD",1.85278253678,1281.14695243,1.85278254,0.122537654579,"350",4.78123588479705,255.186085972851,0.576316059411111,0.713688015937805,0,0,366878.849719481,37706.640502,2994009.07402675
"97","RAHIM YAR KHAN",390,"PUNJAB","RAHIM YAR KHAN","RAHIM YAR KHAN",3.19613528256,2626.68337158,3.19613528595,0.242015708815,"387",11.4752175669832,82.7374173137762,0.721044888113361,0.652204245328903,0,0,1590154.09017318,192741.880967,6570458.16554293
"98","RAJANPUR",394,"PUNJAB","RAJANPUR","RAJANPUR",2.88511413783,2718.20427458,2.88511413927,0.252191747352,"391",4.29066893828586,109.658503026968,0.729926135892419,0.758986604213715,5,0,615449.027342863,83327.013993,2440401.13843948
"99","RAWALPINDI",401,"PUNJAB","RAWALPINDI","RAWALPINDI",2.73041636703,1620.55254778,2.73041636994,0.156662062439,"398",31.118842559696,442.976527900797,0.394224805517248,0.492376655340195,0,0,3056583.40588149,276227.191952,19510680.2393313
"100","RENALA KHURD",385,"PUNJAB","OKARA","RENALA KHURD",1.29656963822,624.348656984,1.29656963507,0.0586821187878,"382",15.933232054026,184.225385527877,0.513220579846191,0.47333100438118,0,0,537363.1955801,59448.46306,9157188.02729764
"101","ROJHAN",395,"PUNJAB","RAJANPUR","ROJHAN",2.98832848188,2798.61790342,2.98832848577,0.258689808987,"392",2.24384630319378,98.7883995703545,0.800740637981546,0.110846251249313,26,0,318894.922335703,45042.270148,1232730.90495702
"102","SADIQABAD",391,"PUNJAB","RAHIM YAR KHAN","SADIQABAD",3.34690627885,2546.2114612,3.34690627907,0.234187657067,"388",19.0880610716092,76.6768455380966,0.76740565837685,0.62406899034977,5,0,1229232.67321614,155399.09146,5248921.69216442
"103","SAFDARABAD",377,"PUNJAB","NANKANA SAHIB","SAFDARABAD",1.37390316715,604.092262341,1.37390316842,0.0572720991987,"374",28.8126278826641,200.354644149578,0.541944886504957,0.500687003135681,0,0,423227.672847949,44974.255749,7389770.56488888
"104","SAHIWAL",407,"PUNJAB","SARGODHA","SAHIWAL",1.58309796123,759.890241673,1.58309795635,0.0723090025332,"404",8.99808044125809,169.999036608863,0.405094836000533,0.482905000448227,0,0,373318.126954663,40127.891749,5162816.71543259
"105","SAHIWAL_SAHIWAL",404,"PUNJAB","SAHIWAL","SAHIWAL_SAHIWAL",2.47041660401,1644.6217452,2.47041660226,0.154299986255,"401",18.2825812528012,166.991884580703,0.572817092766427,0.464702000220617,3,0,1656303.92872379,169073.057325,10734310.2804075
"106","SAMUNDARI",323,"PUNJAB","FAISALABAD","SAMUNDARI",1.99834499707,869.034385888,1.99834499798,0.0818998719286,"321",17.2607546252719,171.656514382403,0.406523217325078,0.47629751265049,0,0,793660.551774212,81312.723225,9690620.181508
"107","SARGODHA",408,"PUNJAB","SARGODHA","SARGODHA",2.67225025812,1457.87583697,2.6722502514,0.138883927065,"405",20.4924174030365,186.662182361734,0.424021322463744,0.529838502407074,0,0,1685523.8450356,167762.933738,12136205.2517909
"108","SHAH KOT",378,"PUNJAB","NANKANA SAHIB","SHAH KOT",0.794801492104,244.432416933,0.794801490731,0.0231343055097,"375",11.8152305819772,194.891891891892,0.478741938809314,0.37618699669838,0,0,247883.7766499,26318.297474,10714986.7345689
"109","SHAHPUR",409,"PUNJAB","SARGODHA","SHAHPUR",1.55640045413,788.007613057,1.55640045276,0.0752400384685,"406",10.0599425630076,180.186175115207,0.472175239636889,0.5356525182724,0,0,422428.486739157,44096.133003,5614410.82883033
"110","SHAKARGARH",381,"PUNJAB","NAROWAL","SHAKARGARH",1.88544982645,965.570144457,1.88544982779,0.0916775958928,"378",14.4576706505045,257.899206349206,0.585355592081417,0.446823000907898,16,0,799176.958547516,89916.222936,8717254.75308063
"111","SHEIKHUPURA",414,"PUNJAB","SHEIKHUPURA","SHEIKHUPURA",2.18057511454,1260.02466276,2.1805751113,0.11936723864,"411",19.6569147749849,204.265969802555,0.422995972569327,0.567357987165451,0,0,1636109.85926159,182201.133685,13706523.480835
"112","SHORKOT",338,"PUNJAB","JHANG","SHORKOT",2.40354430326,1227.90004748,2.40354430469,0.115646879067,"336",10.2357108060867,143.986202759448,0.448038713886985,0.609718978404999,2,0,576552.714904999,63599.031024,4985458.48842988
"113","SHUJABAD",371,"PUNJAB","MULTAN","SHUJABAD",1.36544309622,837.926435103,1.36544309362,0.0781807056617,"368",14.6234490300152,112.86944937833,0.683113437748082,0.464448004961014,14,0,670551.907528187,82212.098073,8576948.77339389
"114","SIALKOT",418,"PUNJAB","SIALKOT","SIALKOT",1.67129765589,973.159471441,1.98059957331,0.0929130177081,"415",34.6271345297526,248.044186046512,0.41817762976469,0.501505970954895,2,0,1877924.26442515,183615.644637,20211637.8387894
"115","SILLANWALI",410,"PUNJAB","SARGODHA","SILLANWALI",1.76430128771,611.342590105,1.76430128796,0.0580984094791,"407",11.8564872155755,175.716363636364,0.392994071539609,0.533571004867554,0,0,387168.228093495,41169.434288,6664007.35518884
"116","SOHAWA",342,"PUNJAB","JHELUM","SOHAWA",2.06169542151,911.996248991,2.06169542141,0.0877252109475,"340",4.79552252027724,406.781027667984,0.463421114614304,0.463025003671646,0,0,208324.233354808,20413.516887,2374736.1916232
"117","TALA GANG",312,"PUNJAB","CHAKWAL","TALA GANG",2.91318745663,3161.00813174,2.91318745393,0.304179588086,"310",3.43438349979618,455.56345408977,0.478034256962139,0.639735658963521,0,0,595198.162004822,60082.695968,1956732.7503795
"118","TANDLIANWALA",324,"PUNJAB","FAISALABAD","TANDLIANWALA",2.68567283601,1355.2444941,2.68567283347,0.12751031025,"322",11.6673151356323,171.159956474429,0.449577694072962,0.452915668487549,72,0,854768.795213373,87927.525046,6703526.90333426
"119","TAUNSA",318,"PUNJAB","DERA GHAZI KHAN","TAUNSA",2.63620583243,2664.5741488,2.63620583273,0.251513980602,"316",3.9857675294623,178.182369146005,0.760767810855358,0.738422671953837,6,0,575750.996748749,74572.084739,2289141.12595525
"120","TOBA TEK SINGH",421,"PUNJAB","TOBA TEK SINGH","TOBA TEK SINGH",2.28525495695,1270.46165257,2.28525496359,0.119640397247,"417",13.9301663657929,157.423255813953,0.332615500799574,0.450373008847237,0,0,969164.523708005,96864.939548,8100646.15304767
"121","VEHARI",424,"PUNJAB","VEHARI","VEHARI",2.2305024581,1391.50062985,2.2305024555,0.129881336181,"420",13.908023637974,138.273752012882,0.649471999990383,0.602223992347717,9,0,1015839.31897705,110562.488798,7821287.86819222
"122","WAZIRABAD",329,"PUNJAB","GUJRANWALA","WAZIRABAD",1.7500991754,1211.96739087,1.75009917712,0.115534829789,"327",15.1735453039857,218.612748045701,0.431096008507803,0.615822523832321,12,0,1025299.34334373,105711.397116,8874374.46539909
"123","YAZMAN",304,"PUNJAB","BAHAWALPUR","YAZMAN",8.00816202689,19177.7459282,8.00816202682,1.76881531433,"302",0.644568755444179,114.645255015902,0.850406557973266,-0.460483657902685,0,0,654666.722364201,71765.9157649999,370115.928475087
"124","ZAFARWAL",382,"PUNJAB","NAROWAL","ZAFARWAL",1.52921059629,641.622802609,1.52652791749,0.0610283651684,"379",15.9881398925781,272.221843003413,0.520590984984063,0.530713975429535,0,0,516431.275487114,58942.960615,8462151.55955902
