"","TEHSIL","fertility","elevation","poverty","night_lights","distance_to_lakes_rivers","distance_to_cities","Population","child_population","population_density","radio","electricity","television","mobile_phone","card","antenatal_care","age","mothers_age","school_level","urban_to_rural","fac_number","edu_mode","penta3_in_clinic","penta3_out_clinic","OutreachProportion","TotalOutreachCoverage","TotalClinicsCoverage"
"1","18-HAZARI",4.62806009249331,155.796625222025,0.601102675851501,0.595201760530472,30,56.0106761565836,497107.628390812,52406.730413,3172890.38253992,0.0453781512605042,0.899328859060403,0.236974789915966,0.836974789915966,0.246511627906977,0.697142857142857,2.07438016528926,28.4214876033058,2.82913165266106,0,14,2,467,15909,0.971482657547631,0.303567879061076,0.00891106917603385
"2","AHMADPUR EAST",14.166610704767,102.583038869258,0.8124977762952,0.66727802157402,45,26.1,1113662.97068812,135026.127508,8113506.16722642,0.054590570719603,0.866004962779156,0.424317617866005,0.738213399503722,0.448780487804878,0.770212765957447,2.03316749585406,27.9972196478221,3.36625514403292,0.434477832784933,27,2,5939,39161,0.868314855875831,0.290025350817232,0.0439840800414581
"3","AHMEDPUR SIAL",7.82048832933517,138.224699828473,0.560411954463296,0.589007019996643,30,22.393991416309,457973.186314506,50576.470073,5636252.95258511,0.0571992110453649,0.877952755905512,0.326771653543307,0.822834645669291,0.28921568627451,0.660714285714286,1.99033816425121,28.5028985507246,3.26349206349206,0.399887961776664,10,2,875,13886,0.940722173294492,0.274554550366159,0.0173005351843864
"4","ALIPUR",9.65638034041125,98.915961305925,0.81460386554304,0.731999009847641,27,42.360338573156,628935.260926206,83185.675714,5469468.74074551,0.0556621880998081,0.842911877394636,0.432950191570881,0.676245210727969,0.520325203252033,0.8,2.17117117117117,28.1350613915416,3.63934426229508,0.31045408492217,17,5,2592,5902,0.694843418883918,0.0709497151924523,0.0311592107385355
"5","ARIFWALA",13.9440149195683,155.023642172524,0.566934847900369,0.527584989865621,5,14.4561740243122,856193.818890465,89899.8016049999,7910231.97213224,0.027603513174404,0.958646616541353,0.654135338345865,0.823308270676692,0.593073593073593,0.827586206896552,1.99616122840691,28.2007648183556,3.38129496402878,0.404511877177945,30,2,2636,35540,0.930951383067896,0.395329014808676,0.0293215330060683
"6","ATTOCK",7.53493402655187,410.912614980289,0.41399349327114,0.651746511459351,2,42.2393162393162,393456.659553904,37452.829191,3713819.74573809,0.123115577889447,0.992462311557789,0.763819095477387,0.917085427135678,0.575,0.908045977011494,2.01293103448276,28.616724738676,3.67362924281984,0.43952617968362,10,5,1610,9705,0.857711003093239,0.259125951487054,0.0429874066866726
"7","BAHAWALNAGAR",8.63854315711018,155.212710280374,0.573597426690885,0.617929657300313,7,25.7322424693194,939143.134216927,105054.697708,5027249.87551662,0.0264797507788162,0.93944099378882,0.501552795031056,0.770186335403727,0.346456692913386,0.722826086956522,1.96631578947368,28.4401756311745,3.43058823529412,0.406758902938122,35,2,1934,29994,0.939426208970183,0.285508412801952,0.0184094575701466
"8","BAHAWALPUR",15.6701441495703,114.598355471221,0.783578614657774,0.517292991280556,22,25.0929791271347,1055597.95547099,114256.993429,9628872.65871609,0.0421686746987952,0.933734939759036,0.487951807228916,0.742971887550201,0.669491525423729,0.81021897810219,1.96449704142012,27.7180925666199,3.52513966480447,0.407957301250589,16,5,3143,36581,0.920879065552311,0.32016420966592,0.0275081630075719
"9","BAHAWALPUR CITY",18.2712192831617,114.369230769231,0.745942277776683,0.574275016784668,15,18.2730061349693,202797.565078761,21939.131049,8880425.46142568,0.0570469798657718,0.954697986577181,0.582214765100671,0.73993288590604,0.586206896551724,0.849624060150376,2.0625,28.1950920245399,3.62888888888889,0.487840620536511,4,5,1301,10573,0.890432878558194,0.481924282980293,0.0593004343287015
"10","BHAKKAR",6.66565474292313,165.587740384615,0.724675492037279,0.589412748813629,2,32.7732371794872,662595.031514009,75802.791119,3811204.39346566,0.0520325203252033,0.952922077922078,0.530081300813008,0.830894308943089,0.6,0.722972972972973,2.09876543209877,28.468152866242,3.42740286298568,0.320755482392901,18,2,2896,17737,0.859642320554452,0.233988745508795,0.0382043979812521
"11","BHALWAL",11.7942940875281,195.143342776204,0.539688510642122,0.497185498476028,0,14.679117147708,890393.191274237,90377.123062,7265878.58060762,0.056047197640118,0.982300884955752,0.671091445427729,0.874446085672083,0.566037735849057,0.836842105263158,1.91120507399577,28.4064711830131,3.34554140127389,0.424109676429123,31,2,3864,24177,0.8622017759709,0.267512387879555,0.0427541823537494
"12","BHAWANA",9.00301600724623,170.90157480315,0.552538768206752,0.539451494812965,6,23.3435534591195,632850.140117841,63170.751068,7154587.91578906,0.0176600441501104,0.927312775330396,0.451541850220264,0.698237885462555,0.448275862068966,0.666666666666667,2.05592105263158,28.4829351535836,3.12663755458515,0.279228802040724,18,2,790,14577,0.948591136851695,0.230755527733217,0.0125057876729945
"13","BUREWALA",14.1296636639112,145.963914977756,0.527599605277733,0.549842014908791,6,20.9851851851852,1135909.90667152,117974.296865,8098371.77637928,0.015990159901599,0.959509202453988,0.668711656441718,0.85398773006135,0.640552995391705,0.889473684210526,1.99221789883268,28.9625334522748,3.47118155619597,0.431844152198425,31,2,3835,32408,0.89418646359297,0.274703904674126,0.0325070807956453
"14","CHAK JHUMRA",13.7879435527358,189.423023578363,0.429166840242116,0.452661991119385,0,6.9500693481276,417323.469800752,43314.854371,8389158.60677157,0.037037037037037,0.989473684210526,0.792982456140351,0.905263157894737,0.58,0.937931034482759,1.88385269121813,28.2337209302326,3.51145038167939,0.448809534767525,16,4,462,16323,0.972475424486148,0.376845316394011,0.0106660868819477
"15","CHAKWAL",5.79824989965592,472.32118226601,0.312416692075667,0.50925699621439,0,31.767816091954,737022.428455009,67224.957881,3482677.23736876,0.0968660968660969,0.992887624466572,0.821937321937322,0.877667140825036,0.315789473684211,0.934782608695652,2,29.094,3.62132352941176,0.359353188185513,33,5,3503,21517,0.859992006394884,0.32007457763066,0.0521086232021287
"16","CHAUBARA",1.61509481089558,145.71675,0.774812699258328,0.746236407756805,0,62.99975,262461.886837103,30654.287926,946408.582679027,0.0725663716814159,0.542402826855124,0.27208480565371,0.881625441696113,0.645833333333333,0.536170212765957,2.00680272108844,27.7345132743363,2.55096418732782,0,8,2,1523,9547,0.862420957542909,0.311440931952053,0.0496830982887793
"17","CHICHAWATNI",14.3499591548494,153.749530956848,0.504868040974014,0.453020989894867,3,19.4626935710934,1230347.14624386,123338.692326,8271870.76138356,0.0738569753810082,0.946943483275663,0.66320645905421,0.860438292964245,0.409090909090909,0.896551724137931,1.93621013133208,28.0025884383089,3.5225988700565,0.378210252141233,44,2,1815,29138,0.941362711207314,0.236243788956222,0.0147155768053931
"18","CHINIOT",13.5477556724488,181.98121085595,0.43497073045879,0.44437500834465,5,12.269392033543,467005.435694354,46668.786885,7038144.74564358,0.036741214057508,0.960063897763578,0.562300319488818,0.8256,0.537037037037037,0.719101123595506,1.97045454545455,28.020618556701,3.29081632653061,0.423828234695323,16,2,2248,21503,0.905351353627216,0.460757637711628,0.0481692400863014
"19","CHISHTIAN",7.96600497671682,146.708333333333,0.675830334217843,0.68757352232933,8,27.022894521668,780803.271533055,83898.1037339999,4604811.59832412,0.0365659777424483,0.96031746031746,0.585714285714286,0.807936507936508,0.43801652892562,0.814814814814815,1.89795918367347,27.6802721088435,3.41015625,0.390912915305553,31,2,2523,19798,0.886967429774652,0.235976727945721,0.0300721933835264
"20","CHOA SAIDAN SHAH",6.2969965473742,665.519480519481,0.447197671582445,NA,0,36.8789625360231,170907.258360337,15831.238978,3550056.73907929,0.0751173708920188,0.995305164319249,0.802816901408451,0.889671361502347,0.222222222222222,0.902777777777778,2.14150943396226,28.7430894308943,3.50836820083682,0.347862608221945,8,2,497,4765,0.905549220828582,0.300987181522667,0.0313936262784397
"21","CHUNIAN",14.4435216660628,187.582286432161,0.550415006343514,0.457308009266853,12,15.0857858484659,915601.752857614,105279.943199,8252560.55354773,0.0102639296187683,0.959124087591241,0.484626647144949,0.811678832116788,0.467455621301775,0.685990338164251,2.1028880866426,27.5663900414938,3.45175438596491,0.388238553656494,20,2,2265,18610,0.891497005988024,0.17676681269502,0.0215140693580989
"22","DARYA KHAN",4.84631782080724,178.116071428571,0.760152435133688,0.758242011070251,0,40.2169117647059,360979.779108197,40405.330278,2737926.56547173,0.0733752620545073,0.90146750524109,0.452830188679245,0.82563025210084,0.308411214953271,0.647540983606557,2.05135951661631,28.0546218487395,3.22222222222222,0.361900530783916,10,2,1791,8566,0.827073476875543,0.212001731976042,0.0443258349251799
"23","DASKA",23.4352776148498,231.571014492754,0.406716299920842,0.560621023178101,0,9.92946859903382,1016790.99566206,111760.219659,14155544.0641533,0.0360248447204969,0.998760842627014,0.788104089219331,0.921933085501859,0.666666666666667,0.824742268041237,1.88429752066116,27.5981922760887,3.52789256198347,0.419300213735784,25,4,5783,25574,0.815575469592117,0.228829185179044,0.0517447086060223
"24","DE-EXCLUDED AREA D.G.KHAN",0.687988766486662,755.871851040526,0.807933845482807,0.284358110692766,0,174.539841182913,195673.58979287,26813.946032,385818.577358787,NA,NA,NA,NA,NA,NA,NA,NA,NA,NA,4,NA,247,2571,0.912349183818311,0.0958829407999757,0.00921162441757838
"25","DE-EXCLUDED AREA RAJANPUR",0.0989869280708237,551.947105632704,0.945489113827174,-1.04905816912651,0,296.248751560549,69528.5922853128,8182.601558,156195.720343814,NA,NA,NA,NA,NA,NA,NA,NA,NA,NA,NA,NA,0,140,1,0.0171094729478945,0
"26","DEPALPUR",11.6641021957542,175.181074766355,0.673066214420478,0.5196440021197,23,24.2384682332463,1600542.69237053,181696.848671,6676283.46936845,0.018450184501845,0.953038674033149,0.529953917050691,0.791896869244936,0.549295774647887,0.765567765567766,2.02418207681366,27.9418181818182,3.2592,0.36328384896335,57,2,3453,26971,0.886504075729687,0.148439558513404,0.0190041821047341
"27","DERA GHAZI KHAN",9.25829772289303,142.447422258592,0.618525225727067,0.658009737730026,35,38.833674304419,1803594.7822832,244600.716959,5324213.87492304,0.0991596638655462,0.849706129303107,0.410579345088161,0.779177162048699,0.175392670157068,0.637096774193548,2.12379110251451,27.6542416452442,3.6507413509061,0.329202802802803,34,5,10594,60196,0.850346094081085,0.246099033348664,0.043311402074818
"28","DINA",9.87589809788232,331.480519480519,0.342821570057533,NA,9,25.1516966067864,361625.820499438,33716.820729,5189219.79797747,0.14161220043573,0.997826086956522,0.83695652173913,0.915217391304348,0.903846153846154,0.873873873873874,1.91379310344828,29.0246734397678,3.55460750853242,0.34611012886927,12,4,2324,8215,0.779485719707752,0.243646934152787,0.0689270206903321
"29","DUNYA PUR",12.3741613587883,120.008310249307,0.706751694190084,0.591921001672745,0,20.2412199630314,527545.66001912,59155.96614,7012124.66298002,0.0560165975103734,0.946058091286307,0.510373443983402,0.898340248962656,0.203883495145631,0.945054945054945,2.07258064516129,28.2979719188768,3.41639344262295,0.402816924870898,17,2,2929,15852,0.844044513071721,0.267969590125267,0.049513180007375
"30","FAISALABAD CITY",125.684172964795,183.769230769231,0.357460750987495,0.458514988422394,0,0,3306004.27715914,318990.430656,173935151.449337,0.037344398340249,0.998618784530387,0.795580110497238,0.893572909467864,0.537313432835821,0.916216216216216,1.98033126293996,28.1233243967828,3.5620875824835,0.527357802181985,7,5,1383,83098,0.98362945514376,0.260503112363308,0.00433555325517407
"31","FAISALABAD SADDAR",44.5982968405788,179.54297097325,0.489881034713614,0.449097007513046,0,7.36482640865111,1456460.50457863,153249.882171,11895725.9233242,NA,NA,NA,NA,NA,NA,NA,NA,NA,NA,50,NA,3922,49080,0.926002792347459,0.320261257657838,0.0255921893344344
"32","FATEH JANG",4.7181343734914,480.145981410607,0.488432604837847,0.548298001289368,0,26.206444565811,338325.102530492,30952.700811,2665655.59462906,0.098159509202454,0.997955010224949,0.777096114519427,0.895918367346939,0.464285714285714,0.834862385321101,1.92779783393502,29.1242857142857,3.49887640449438,0.425725359911406,14,2,3933,6676,0.629277028937694,0.215683924991369,0.127064840771578
"33","FEROZEWALA",18.815260318827,207.798412698413,0.34669311486765,0.377963006496429,6,2.97297297297297,656705.667221647,75287.323317,15096535.7695343,0.0659062103929024,0.988607594936709,0.80379746835443,0.872151898734177,0.369369369369369,0.845559845559846,2.033527696793,27.4232977850697,3.31917808219178,0.447772621715562,11,2,3592,16285,0.819288625044021,0.216304674977372,0.0477105552667313
"34","FORT ABBAS",3.49679300610209,139.115845959596,0.862599338623605,0.752008001009623,0,113.488255559035,453544.081434717,49017.089091,2042272.50780782,0.0573122529644269,0.925343811394892,0.463654223968566,0.868369351669941,0.394736842105263,0.728476821192053,2.00252525252525,28.5095890410959,3.25162689804772,0.324577831132453,7,2,419,5944,0.934150557912934,0.121263830844075,0.00854803921999792
"35","GOJRA",20.1297330907051,166.452025586354,0.404059277096791,0.496692001819611,0,12.7686567164179,773022.286900879,78593.891243,11848500.0053508,0.0570032573289902,0.996742671009772,0.737785016286645,0.907166123778502,0.425,0.872611464968153,2.01243781094527,28.377802690583,3.51863354037267,0.428106708420445,22,4,2348,20056,0.895197286198893,0.255185227284268,0.0298750954160082
"36","GUJAR KHAN",9.39125896151928,485.492464754497,0.365778209871465,0.45818567276001,7,21.9110787172012,778249.290445082,74683.8780079999,5448487.37576854,0.119311193111931,0.997542997542998,0.871007371007371,0.950920245398773,0.685714285714286,0.952380952380952,1.95881006864989,29.0868443680138,3.65460186142709,0.34796925122814,32,5,4196,13240,0.759348474420739,0.177280563799616,0.0561834777721443
"37","GUJRANWALA",35.9420186939524,221.746031746032,0.4308406999326,0.538593500852585,0,4.80859010270775,1954167.9054167,202554.857639,26101208.67042,0.0487152034261242,0.996264674493063,0.802027748132337,0.894230769230769,0.527675276752767,0.928952042628774,1.96864576384256,27.5824742268041,3.61466666666667,0.427792033343908,30,4,3965,38253,0.906082713534511,0.188852543186971,0.019574944023641
"38","GUJRANWALA CITY",296.382689574054,223.816513761468,0.296845043197684,NA,0,0.110091743119266,1045031.63260231,108260.926158,138398994.762565,0.0147058823529412,1,0.955882352941177,0.967647058823529,0.75,0.9875,1.95652173913043,27.9802371541502,3.80253164556962,1,1,4,143,43317,0.996709618039577,0.400116658311066,0.0013208828436522
"39","GUJRAT",21.2148947071932,245.656519533232,0.341793599554082,0.540253013372421,12,7.76837303598581,1712431.64934912,170931.21485,12454176.3496126,0.0735009671179884,0.999033816425121,0.770793036750484,0.897584541062802,0.630434782608696,0.941818181818182,1.88591549295775,28.513358778626,3.56201550387597,0.353795411427913,49,4,8315,50727,0.85916804986281,0.296768498629787,0.048645298679336
"40","HAFIZABAD",12.3926948116234,204.44715984148,0.39742749788684,0.549189984798431,10,16.1327608982827,759653.780923654,80533.7246679999,7240882.89038518,0.0403458213256484,0.995677233429395,0.652737752161383,0.837175792507205,0.597402597402597,0.845360824742268,1.93528183716075,28.1626506024096,3.53857566765579,0.466228767999348,20,5,1385,23833,0.945078911888334,0.29593813148779,0.0171977641132291
"41","HAROONABAD",10.0743170035575,150.913621262458,0.717990648900131,0.579160988330841,0,26.1606080634501,580463.022131564,60382.327055,5539536.42389562,0.0512295081967213,0.969325153374233,0.633946830265849,0.867075664621677,0.405797101449275,0.864864864864865,2.00534759358289,28.4283801874163,3.40748440748441,0.395482109766192,23,4,1959,12251,0.862139338494018,0.202890491266443,0.032443267683533
"42","HASILPUR",7.99757803634948,139.206644518272,0.767006946631162,0.679390013217926,9,33.6009296148738,488766.676434788,52490.272549,4676149.02828913,0.0326295585412668,0.932950191570881,0.53742802303263,0.846743295019157,0.537037037037037,0.785234899328859,1.93939393939394,27.6456375838926,3.372460496614,0.395860672897108,11,2,2164,19017,0.897832963505028,0.362295699307858,0.0412266862965875
"43","HASSANABDAL",10.0531053142013,441.619402985075,0.409910406194516,0.590184986591339,0,15.1753731343284,259011.582947462,24474.180831,6992996.6165995,0.14207650273224,0.997275204359673,0.760217983651226,0.918478260869565,0.5,0.896551724137931,1.83206106870229,29.0974729241877,3.44324324324324,0.499311625967044,9,2,1841,3033,0.622281493639721,0.123926517538772,0.0752221295050707
"44","HAZRO",14.6748689976126,328.122448979592,0.384188449686324,NA,0,3.72222222222222,394443.487170477,37483.136946,10470510.2018422,0.0926430517711172,1,0.685636856368564,0.899728997289973,0.714285714285714,0.775280898876405,1.92888888888889,29.0372439478585,3.13220338983051,0.430206329859748,13,2,2551,6316,0.712304048719973,0.168502439086118,0.0680572707581837
"45","ISAKHEL",3.85726387076074,359.89270714013,0.567138132433455,0.713585019111633,32,39.4701834862385,405355.777674626,47867.176688,2234803.65568,0.109489051094891,0.951456310679612,0.727493917274939,0.895631067961165,0.351851851851852,0.848484848484849,2.018779342723,28.9084967320261,3.49137931034483,0.39886401821953,15,2,3251,10631,0.765811842673966,0.222093733860538,0.0679171036384731
"46","JAHANIAN",14.8109045342209,125.494065281899,0.656239061838105,0.41738098859787,0,22.3377976190476,383170.467001914,42344.949251,8204276.90990623,0.0325379609544469,0.980728051391863,0.661670235546039,0.946466809421842,0.6,0.84297520661157,2.1264367816092,28.8696925329429,3.44444444444444,0.374706588543067,12,2,2211,14763,0.869741958289148,0.348636620450109,0.0522140193602378
"47","JALALPUR PIRWALA",12.0566880997411,107.033505154639,0.737164352101968,0.521640494465828,13,19.3445017182131,557696.603168334,68094.118758,6877526.73576118,0.0579439252336449,0.929236499068901,0.473880597014925,0.839851024208566,0.56020942408377,0.716049382716049,2.06451612903226,28.3818407960199,3.2972027972028,0.438195757443632,17,2,2385,12818,0.843123067815563,0.18823945788261,0.0350250512599489
"48","JAMPUR",6.43492210463965,130.23630831643,0.774866388421399,0.803047001361847,15,63.692125718148,756182.458784765,103996.4326,3670751.78845908,0.146884272997033,0.819526627218935,0.439349112426036,0.794378698224852,0.172839506172839,0.644808743169399,2.20070422535211,27.7490683229814,3.48475609756098,0.381907989351119,20,2,3535,6548,0.649409897847863,0.062963698237472,0.0339915505909383
"49","JAND",2.8754149862062,360.239607975667,0.365268641270501,0.781081259250641,7,39.4317106152806,353289.81147523,35444.790588,1719515.08817499,0.141057934508816,0.964735516372796,0.768261964735516,0.904040404040404,0.641025641025641,0.845238095238095,1.9238578680203,29.5381679389313,3.56692913385827,0.407257389305571,16,4,3638,10040,0.734025442316128,0.283257421850846,0.102638496084998
"50","JARANWALA",17.2539441114991,186.99531516184,0.505709664861226,0.457436998685201,0,10.1933560477002,1652980.90246013,171679.350798,10097420.478885,0.028971028971029,0.99500998003992,0.738522954091816,0.859140859140859,0.4375,0.903474903474903,2.07213578500707,28.6317204301075,3.41761658031088,0.445220697301888,49,2,4110,54610,0.930006811989101,0.318093001552964,0.02393997869223
"51","JATOI",12.5703086666654,107.604046242775,0.797301949212625,0.685627996921539,5,33.823571945047,684254.359755888,95308.801006,7109926.28041582,0.0612959719789842,0.84965034965035,0.386363636363636,0.715034965034965,0.309352517985612,0.715083798882682,2.08961303462322,27.7533092659446,3.40677966101695,0.410036674548912,14,2,2343,4413,0.653197158081705,0.0463021248134492,0.0245832491361684
"52","JHANG",10.2483919432994,158.666199943993,0.518708268948811,0.478821240365505,19,25.7605712685522,1437355.47317362,151428.027882,5807243.32921796,0.0288909599254427,0.931966449207829,0.447761194029851,0.776328052190121,0.265573770491803,0.672025723472669,1.9402390438247,28.3454935622318,3.28153846153846,0.33535502861798,43,2,3783,55743,0.936447938715855,0.368115472278604,0.0249821651441429
"53","JHELUM",11.754995268914,254.892601431981,0.311320248964514,0.627278983592987,26,28.0885167464115,470251.868497465,43637.189716,8090524.56392314,0.129411764705882,0.996638655462185,0.853781512605042,0.92436974789916,0.8125,0.935483870967742,1.93732970027248,28.9,3.59926017262639,0.45984832647576,12,4,3205,13353,0.806437975600918,0.306000457107896,0.0734465262510903
"54","KABIRWALA",11.5776074196935,134.215467143496,0.609282069377831,0.509811997413635,21,18.54850245865,1055374.01711902,113869.162217,6816677.48173688,0.032520325203252,0.921022067363531,0.451800232288037,0.868757259001161,0.437229437229437,0.811926605504587,2.16129032258065,28.2332580887886,3.41242937853107,0.446520709754622,37,2,1717,43387,0.96193242284498,0.381025021658784,0.0150787093412343
"55","KAHUTA",6.26535334275512,749.786713286713,0.397453931015737,0.626815021038055,17,22.1761960326721,222907.847784768,21380.837667,3745560.69360357,0.11353711790393,0.980392156862745,0.814814814814815,0.92156862745098,0.761194029850746,0.925,2.15983606557377,29.1858678955453,3.71534195933457,0.422397194036126,11,5,2008,8165,0.802614764572889,0.381884008810477,0.0939158713645361
"56","KALLAR KAHAR",4.97022743032457,652.177083333333,0.401969758390759,0.59068751335144,0,31.7202432667246,201663.379429625,18409.977316,2525229.1981239,0.0787746170678337,0.925764192139738,0.72707423580786,0.860262008733624,0.5,0.958904109589041,2.02955665024631,28.2327044025157,3.51020408163265,0,9,2,681,6563,0.905991165102153,0.356491476732898,0.0369908114665707
"57","KALLAR SAYYEDAN",8.872146386897,547.5625,0.473271808428008,NA,8,16.3567073170732,266182.997026331,25499.343355,5845928.31602495,0.205179282868526,0.99403578528827,0.795228628230616,0.916500994035785,0.735849056603774,0.95959595959596,1.98540145985401,28.707756232687,3.50709219858156,0,10,4,2542,4312,0.629121680770353,0.169102393734954,0.0996888415756618
"58","KALUR KOT",3.69959843883136,187.389004581424,0.692787295428478,0.603515684604645,12,48.0387338608913,352736.391888435,39069.739409,2112105.45145124,0.0666666666666667,0.961290322580645,0.481720430107527,0.838709677419355,0.545454545454545,0.771186440677966,1.91349480968858,27.9859813084112,3.32258064516129,0.377358400227881,12,2,906,10366,0.919623846699787,0.265320428464699,0.0231893023527896
"59","KAMALIA",13.1003360401554,150.145321831453,0.426588146101172,0.491186007857323,59,16.7905897945659,794717.610744163,81045.712255,7573811.39649929,0.0521472392638037,0.973966309341501,0.633996937212864,0.834609494640122,0.42,0.780487804878049,2.00936768149883,28.4188596491228,3.31123388581952,0.385020384311679,22,2,1929,22036,0.919507615272272,0.271895938562012,0.0238013825324978
"60","KAMOKE",17.0677250594441,217.852721451441,0.461653907759449,0.620492994785309,0,17.8397435897436,629039.9434782,72326.632075,9728357.27224646,0.0267857142857143,0.998217468805704,0.768270944741533,0.907308377896613,0.617977528089888,0.955801104972376,2.00392927308448,27.2340659340659,3.48613138686131,0.412570456503052,16,4,2883,19679,0.8722187749313,0.272085114921342,0.0398608357293678
"61","KAROR LAL ESAN",7.74586041525577,154.579979360165,0.782425346048837,0.521723017096519,7,31.7257731958763,578013.580189006,68638.690645,4307403.9653215,NA,NA,NA,NA,NA,NA,NA,NA,NA,NA,18,NA,5621,18258,0.764604882951547,0.266001577658737,0.0818925877982124
"62","KARORPACCA",14.5738009155671,121.756558237146,0.718101041934275,0.664416015148163,0,14.5702306079665,557772.793819058,65340.700679,8387827.8631043,0.0500848896434635,0.899067005937235,0.490245971162002,0.867684478371501,0.471186440677966,0.761437908496732,2.04055766793409,28.2030629608622,3.29228998849252,0.396925684909106,14,2,1708,24708,0.93534221683828,0.37814103220875,0.02613990946303
"63","KASUR",16.9582945578705,198.435525634386,0.558134469832923,0.536660015583038,15,17.4294385432473,1196462.03287881,138174.490488,8730109.52772427,0.0246360582306831,0.961926091825308,0.508398656215006,0.744107744107744,0.337142857142857,0.728744939271255,1.86547811993517,27.2864038616251,3.31888544891641,0.426555251128754,33,2,4611,34399,0.881799538579851,0.248953333415674,0.0333708485822168
"64","KHAIRPUR TAMEWALI",7.53952286256847,128.052523171988,0.739989363484912,0.700109004974365,15,26.3374485596708,291672.648054711,33276.460738,4324645.48635024,0.0609037328094303,0.905882352941176,0.484313725490196,0.762745098039216,0.561224489795918,0.848,2.05538461538462,28.0690647482014,3.16115702479339,0.388756637406736,9,2,1158,13601,0.921539399688326,0.408727361575096,0.0347993739213264
"65","KHAN PUR",6.88688410145731,88.0316797642436,0.730952049375694,0.695508256554604,10,20.4440789473684,1048763.66231431,37125.542943,3712233.28455198,0.0428061831153389,0.945368171021378,0.568883610451306,0.794292508917955,0.549450549450549,0.739495798319328,2.10470409711684,27.5518905872888,3.37639553429027,0.424440484498481,31,2,2870,16161,0.849193421260049,0.435306765070412,0.0773052667379545
"66","KHANEWAL",14.8592504015005,135.978829389788,0.593448267685966,0.476731508970261,0,25.406600249066,956998.913279235,103613.42663,8569225.17552452,0.114001530221882,0.967275494672755,0.641768292682927,0.862490450725745,0.52972972972973,0.823353293413174,2.04927211646137,28.1115342763874,3.4475138121547,0.435373614914077,24,2,2013,41850,0.954107106217085,0.403905182572959,0.019427984050642
"67","KHARIAN",17.3720437004063,266.914857142857,0.272027804527438,0.602850675582886,0,13.2612921669525,1228494.92753749,118834.551693,10118294.4621887,0.0976645435244161,0.996815286624204,0.835456475583864,0.916135881104034,0.776119402985075,0.952941176470588,1.9304897314376,28.6367491166078,3.58269065981148,0.381697304034743,44,4,7115,34828,0.830365019192714,0.293079744096443,0.0598731589309232
"68","KHUSHAB",4.96747810285667,400.187176325524,0.470376669537418,0.709342610836029,19,36.8244143033292,786420.290120764,80840.7529339999,2787531.98572335,0.0961538461538462,0.975274725274725,0.65474552957359,0.853021978021978,0.62962962962963,0.883977900552486,2.01702127659574,28.2890909090909,3.36220472440945,0.434166602008403,28,2,2144,30775,0.934870439563778,0.380686706680297,0.026521276982049
"69","KOT ADDU",7.29655732215237,131.280578898226,0.775734707288771,0.609080334504445,11,37.4456115779645,1270011.27799058,164612.786578,4272402.79773345,0.0554298642533937,0.857466063348416,0.398190045248869,0.820135746606335,0.573099415204678,0.633440514469453,2.0313630880579,28.1452991452991,3.21960072595281,0.347509683674855,23,2,5830,12940,0.689397975492808,0.0786087172752435,0.0354164468094799
"70","KOT MOMIN",9.37865083200889,193.041530944625,0.503157567360467,0.529287993907928,9,16.094616639478,405362.808647545,41158.438303,4760993.93930627,0.0552147239263804,0.985685071574642,0.515337423312883,0.830265848670757,0.575757575757576,0.72463768115942,2,28.490780141844,3.15322580645161,0.37428518097654,15,2,1934,8743,0.818862976491524,0.212423025762927,0.0469891492423082
"71","KOT RADHA KISHAN",18.2325032775643,201.678694158076,0.590644170482134,0.436650007963181,0,12.3831615120275,585009.117032675,67443.800969,14454885.1386636,0.0296442687747036,0.988165680473373,0.594861660079051,0.846153846153846,0.55,0.704347826086957,2.10769230769231,27.246879334258,3.56775700934579,0.366247071071665,17,5,2176,12873,0.855405674795668,0.190870025340312,0.0322638992574007
"72","KOTLI SATTIAN",6.6045068423418,1115.33137254902,0.572570921331936,NA,4,33.6125244618395,133213.733446096,13296.256663,3723779.04186329,0.103950103950104,0.881742738589212,0.441908713692946,0.9149377593361,0.760416666666667,0.875,2.092,28.1338461538462,3.49333333333333,0,8,4,567,2883,0.835652173913043,0.216827944365923,0.0426435811500099
"73","LAHORE CANTT",97.1444365739651,213.373295046662,0.435267549215683,0.433680504560471,2,4.52401129943503,5747961.1854847,533926.409881999,58710098.2335436,0.0374940673943996,0.996680891417734,0.806451612903226,0.871028923660503,0.554179566563467,0.838926174496644,2.01602564102564,27.5269102990033,3.67457305502846,0.561082857286837,28,5,4635,63055,0.931526074752548,0.118096799171136,0.00868097159873467
"74","LAHORE CITY",100.92968567646,204.881489841986,0.421466556828146,0.496796011924744,20,2.59864712514092,4046471.16510858,382745.87535,65338495.7578342,0.0382432028682402,0.99791169451074,0.857356013130409,0.922755741127349,0.650224215246637,0.9102416570771,1.95070743952533,28.3021105527638,3.85087055261166,0.695545320064698,16,5,9517,65012,0.872304740436609,0.169856827171684,0.0248650622068683
"75","LALIAN",9.70272905014743,176.175204157387,0.377463358335573,NA,26,30.3538575667656,418270.501122832,41742.738349,4480263.25812499,0.0408921933085502,0.907063197026022,0.574349442379182,0.808550185873606,0.492537313432836,0.760869565217391,2.01092896174863,27.8281690140845,3.3049853372434,0.394988039830385,13,2,1251,15313,0.924474764549626,0.366842248631895,0.029969284466695
"76","LAYYAH",8.22968743467725,143.918122270742,0.803858380351103,0.538433492183685,12,30.9628685839097,926461.639293318,111275.224685,4857436.24194927,0.106821106821107,0.849420849420849,0.510939510939511,0.885456885456886,0.598540145985402,0.682352941176471,1.99846153846154,27.7993049522155,3.37849779086892,0.352086498022198,22,2,10927,35687,0.765585446432402,0.320709305247628,0.0981979594373533
"77","LIAQAT PUR",3.6612256606489,103.690920903037,0.785420007935891,-0.169385999441147,27,130.592009095339,1074599.23528889,135377.486603,2511727.38659631,0.0578602620087336,0.910577971646674,0.435114503816794,0.8113413304253,0.396396396396396,0.662207357859532,2.04326328800989,27.4519650655022,3.23560209424084,0.235766867401802,33,2,3484,18660,0.842666184971098,0.137836803358015,0.0257354460289027
"78","LODHRAN",12.0645061721256,113.374269005848,0.719163956271897,0.579686999320984,1,15.2287199480182,738958.875980634,93686.087937,6948158.8870533,0.0430622009569378,0.938193343898574,0.540412044374009,0.827258320126783,0.510309278350515,0.770491803278688,2.0328227571116,27.3530655391121,3.34375,0.44631221588814,26,2,3472,28046,0.889840725934387,0.299361416594316,0.037059931484542
"79","MAILSI",12.6990715729791,128.910399257196,0.582089919621123,0.642292002836863,18,19.127669452182,1094751.01735209,123843.386551,7333915.16927529,0.0567375886524823,0.949232585596222,0.501770956316411,0.814639905548996,0.532407407407407,0.840579710144927,2.02425373134328,28.4982517482517,3.380859375,0.377494899915994,32,2,3150,31874,0.910061671996345,0.257373452775163,0.0254353509519283
"80","MALAKWAL",10.97057636229,207.50486381323,0.492311482386598,0.54091902077198,0,22.5359922178988,459967.630712298,45939.431718,6423956.96559903,0.0411522633744856,0.991769547325103,0.668724279835391,0.905349794238683,0.677966101694915,0.871794871794872,2.0794701986755,28.3015873015873,3.46288209606987,0.305783685010433,17,2,3112,16731,0.843168875674041,0.364196930051367,0.0677413690944865
"81","MANDI BAHAUDDIN",15.2606184642256,215.44921552436,0.368566097022579,0.594610512256622,0,10.037985136251,733320.960326056,74073.443478,8723743.49842791,0.0676567656765677,0.99341021416804,0.754530477759473,0.909390444810544,0.622641509433962,0.811188811188811,2.0570652173913,27.8656884875846,3.44395924308588,0.406153284625933,26,2,4124,30223,0.879931289486709,0.408013973442133,0.0556744739594135
"82","MANKERA",1.39704105544855,165.380275890467,0.789757089519206,0.855600506067276,0,60.8174897119342,266035.780844551,28544.857904,788067.143402327,0.0851528384279476,0.845315904139434,0.406113537117904,0.827886710239651,0.54014598540146,0.685314685314685,2.00819672131148,27.7451790633609,3.10483870967742,0.156172485076102,8,2,942,4796,0.835831300104566,0.16801625063714,0.0330006897623406
"83","MIAN CHANNU",15.472146377677,144.895608351332,0.531397115248755,0.484041005373001,2,18.9784017278618,853017.947031451,91008.31317,8872885.13173773,0.039119804400978,0.981729598051157,0.586080586080586,0.918392204628502,0.534351145038168,0.796116504854369,2.24104234527687,28.1357318070319,3.40479360852197,0.369659312624628,22,2,4022,38641,0.905726273351616,0.424587586057332,0.0441937649419681
"84","MIANWALI",4.99457535516311,293.39842983317,0.513974833114839,0.710257162650426,11,52.7284102060844,831826.860475466,88559.4433070001,2933170.9536506,0.0967741935483871,0.980286738351254,0.711469534050179,0.906810035842294,0.474358974358974,0.864,2.02395209580838,28.9831528279182,3.6109785202864,0.377781411872321,27,5,3171,20503,0.866055588409225,0.231516812147569,0.0358064581436834
"85","MINCHINABAD",7.47025761546936,167.1008492569,0.729385124024334,0.705475986003876,0,37.9068911099421,533592.600014619,61534.775079,4036575.81874459,0.016,0.922,0.422845691382766,0.748,0.33,0.689189189189189,2.01020408163265,28.1949025487256,3.11397058823529,0.392191154242981,19,2,781,16475,0.954740380157626,0.267734788643478,0.0126920103144495
"86","MULTAN CITY",138.193267127084,121.638961038961,0.543523379192724,0.488445997238159,0,0,2333742.16012892,226931.399102,87236819.1327804,0.0925925925925926,0.984363894811656,0.741109530583215,0.869843527738265,0.624338624338624,0.917737789203085,1.95114345114345,27.6214526214526,3.38852578068264,0.578613446158188,14,2,2571,50894,0.951912466099317,0.224270419172467,0.0113294150134085
"87","MULTAN SADDAR",14.6018256193734,122.296229802513,0.665801326839564,0.536593973636627,9,11.6202872531418,1329632.23632578,152807.733376,8599538.71408653,0.0832072617246596,0.974358974358974,0.731523378582202,0.858220211161388,0.617886178861789,0.872093023255814,2.02422907488987,27.8986556359876,3.49099836333879,0.559850198677178,42,2,6918,30933,0.817230720456527,0.202430854228339,0.0452725778150083
"88","MURIDKE",20.0032375203862,214.1734375,0.466068366913818,0.542065024375916,10,10.8889745566692,719425.141868482,83865.316497,7995723.96378619,0.0538116591928251,0.992559523809524,0.808955223880597,0.907600596125186,0.46875,0.918781725888325,2.06741573033708,27.5409674234946,3.40229885057471,0.298187347373571,23,2,2297,22481,0.907296795544435,0.268060754302456,0.0273891531796958
"89","MURREE",12.4441752784392,1273.18784530387,0.414958182694938,0.749710977077484,1,11.6691176470588,271926.897200094,23672.531214,7273999.94244683,0.153246753246753,1,0.685714285714286,0.922279792746114,0.727272727272727,0.919540229885057,1.96860986547085,28.3419117647059,3.63265306122449,0.407515599453867,12,5,276,5611,0.953117037540343,0.237025772583273,0.0116590827362294
"90","MUZAFFARGARH",12.6335808404535,118.248583805398,0.723043560157494,0.6762855052948,39,23.9763412195935,1531316.64854698,194005.513486,7333211.97746505,0.0591233435270133,0.885830784913354,0.484199796126402,0.771661569826707,0.430851063829787,0.781818181818182,2.07984293193717,28.2315160567588,3.42715231788079,0.411753981740055,32,2,8279,23483,0.739342610666835,0.121042951708146,0.0426740449342819
"91","NANKANA SAHAB",8.11338961596814,191.641958670261,0.510087573734377,0.438214987516403,42,13.6407723394701,1060537.29411764,114542.084982,6877273.45426528,0.0210772833723653,0.982497082847141,0.64018691588785,0.82730455075846,0.525423728813559,0.90625,1.99611650485437,28.5072463768116,3.37104825291181,0.360237722439325,33,2,1606,39399,0.960834044628704,0.343969642303887,0.0140210473753152
"92","NAROWAL",16.6730165625105,232.312815338042,0.541772496477747,0.533061981201172,7,9.32532532532533,652602.426189956,75142.007211,9382807.01074304,0.0196592398427261,0.998692810457516,0.750326797385621,0.855643044619423,0.735537190082645,0.959090909090909,2.03418803418803,27.8379096545616,3.50501253132832,0.376212502074594,20,4,2139,20929,0.907274146003121,0.278525964062033,0.0284661014443446
"93","NOORPUR",2.0477020332764,181.438335358445,0.617601187471085,0.869613751769066,15,68.8284760170006,277705.704104405,28201.003866,1214608.47947645,0.0814814814814815,0.888888888888889,0.525925925925926,0.851851851851852,0.708333333333333,0.89247311827957,2.13805970149254,28.5923344947735,3.13618677042802,0.262953687201343,13,2,366,9976,0.964610326822665,0.35374627255831,0.0129782614030014
"94","NOWSHERA VIRKHAN",14.0443908633584,212.703734439834,0.478493864753929,0.487383991479874,0,9.04647302904564,670091.656314388,76280.161504,7999233.95492,0.0333333333333333,0.998336106489185,0.720465890183028,0.903494176372712,0.845070422535211,0.898089171974522,2.17873303167421,27.5881147540984,3.44222539229672,0.373101996412233,25,2,2403,18672,0.885978647686833,0.244781862437731,0.0315022930290203
"95","OKARA",19.566849591749,175.059587020649,0.568265329892113,0.509195029735565,0,15.4284023668639,1343316.02758321,138250.54587,11453118.6897138,0.014207650273224,0.949726775956284,0.590163934426229,0.809419496166484,0.541062801932367,0.775862068965517,1.9375,28.021207177814,3.44279346210996,0.436289874559238,39,2,2011,36698,0.948048257511173,0.265445606518675,0.0145460546817008
"96","PAK PATTAN",12.8062458577214,162.609073359073,0.707766073059898,0.531318664550781,28,19.980231436837,1073376.89490245,119973.702107,7473073.94211741,0.040133779264214,0.913140311804009,0.551224944320713,0.741648106904232,0.684931506849315,0.811158798283262,2.05379746835443,27.8259693417493,3.16822429906542,0.397287657767159,24,2,1606,36300,0.957632037144515,0.302566307136421,0.0133862669217932
"97","PASRUR",17.4602820354137,246.028017241379,0.456745644724686,0.497630993525187,0,9.37741243745532,963302.031424504,110808.640261,9904326.43163889,0.0381679389312977,0.997823721436344,0.764705882352941,0.882480957562568,0.879432624113475,0.822393822393822,2.05124450951684,27.4907088781831,3.4697247706422,0.326480484038496,33,4,4898,22171,0.819055007573239,0.200083675314291,0.0442023292449325
"98","PATTOKI",21.0667206088459,194.680906713165,0.488378332325346,0.513740003108978,0,11.8491717523976,980345.746145994,114164.341415,12328728.512018,0.0157894736842105,0.982894736842105,0.61133069828722,0.820816864295125,0.490322580645161,0.579710144927536,2.13101160862355,27.6317204301075,3.33846153846154,0.396494254961074,25,2,3067,15171,0.83183463099024,0.132887378072385,0.0268647807361417
"99","PHALIA",10.1064090690201,206.086096938776,0.442037656760535,0.60020899772644,10,22.1270753512133,617652.983498006,62415.672818,5672162.23370998,0.0955882352941176,0.996336996336996,0.692307692307692,0.915750915750916,0.711864406779661,0.869918699186992,2.09577464788732,27.6012345679012,3.37264957264957,0.353343351762027,16,2,1691,21762,0.927898349891272,0.348662427519712,0.0270925542200089
"100","PIND DADAN KHAN",5.62930482930411,244.281485468245,0.388930272154582,0.645101994276047,18,29.2502691065662,412356.224725706,41505.995804,3193710.23778217,0.105590062111801,0.985537190082645,0.714876033057851,0.878099173553719,0.404255319148936,0.950354609929078,1.83666666666667,27.9407713498623,3.25776965265082,0.301154990888145,18,2,3415,13461,0.79764162123726,0.324314589717728,0.0822772694365977
"101","PINDI BHATTIAN",8.55763568032172,195.198013656114,0.492068334498219,0.474546000361443,2,19.5301055245189,548791.134523686,58437.506195,4893866.24257096,0.0344827586206897,0.975095785440613,0.488505747126437,0.812260536398467,0.537313432835821,0.773049645390071,2.04255319148936,27.884561891516,3.2703488372093,0.429709434704562,19,2,1271,15742,0.925292423440898,0.269381789624467,0.0217497303146168
"102","PINDI GHEB",3.57054416414309,396.510697674419,0.399279444782248,0.710567981004715,0,40.2885062819916,307034.400701722,29240.182202,2056681.46117087,0.125570776255708,0.990909090909091,0.775,0.915909090909091,0.612903225806452,0.909090909090909,1.91025641025641,28.9268292682927,3.61737089201878,0.424892636099533,12,5,3311,11527,0.776856719234398,0.394217789765057,0.113234588523649
"103","PIPLAN",6.02490063947717,193.235187424426,0.489335154822683,0.70566600561142,11,34.8747731397459,420927.187300743,47236.398382,3673781.00631698,0.0669745958429561,0.942263279445728,0.64203233256351,0.868360277136259,0.538461538461538,0.815533980582524,2.16206896551724,28.0712025316456,3.41121495327103,0.360747965787691,12,2,1781,8909,0.833395696913003,0.188604557188147,0.0377039753453911
"104","QAIDABAD",4.78123588479705,255.186085972851,0.576316059411111,0.713688015937805,0,51.9411764705882,366878.849719481,37706.640502,2994009.07402675,0.036319612590799,0.927536231884058,0.635265700483092,0.898550724637681,0.761904761904762,0.788235294117647,2.09349593495935,28.3277870216306,3.27385892116183,0.267091036543486,11,2,731,11195,0.938705349656213,0.296897306441453,0.0193865056729524
"105","RAHIM YAR KHAN",11.4752175669832,82.7374173137762,0.721044888113361,0.652204245328903,0,59.8674525589419,1590154.09017318,192741.880967,6570458.16554293,0.081799591002045,0.926380368098159,0.596114519427403,0.786298568507158,0.597701149425287,0.721362229102167,2.00829383886256,27.5841248303935,3.54046639231824,0.402892203300437,37,5,3852,10831,0.737655792412995,0.0561943255179419,0.0199852776193437
"106","RAJANPUR",4.29066893828586,109.658503026968,0.729926135892419,0.758986604213715,5,106.791907514451,615449.027342863,83327.013993,2440401.13843948,0.11496062992126,0.789308176100629,0.476340694006309,0.80188679245283,0.582089552238806,0.779220779220779,2.16198704103672,27.6359039190898,3.59365079365079,0.352609802636889,14,5,2913,6106,0.677015190154119,0.0732775567898418,0.0349586509873582
"107","RAWALPINDI",31.118842559696,442.976527900797,0.394224805517248,0.492376655340195,0,23.0970314576872,3056583.40588149,276227.191952,19510680.2393313,0.137130801687764,0.995798319327731,0.798319327731092,0.90295358649789,0.7,0.861788617886179,1.76190476190476,27.9971671388102,3.78697183098592,0,28,5,4951,27203,0.846022267836039,0.0984805290448272,0.017923651777412
"108","RENALA KHURD",15.933232054026,184.225385527877,0.513220579846191,0.47333100438118,0,14.8351126927639,537363.1955801,59448.46306,9157188.02729764,0.0134874759152216,0.973025048169557,0.616570327552986,0.851637764932563,0.744525547445255,0.805555555555556,1.93478260869565,28.4463276836158,3.40277777777778,0.415832596029333,21,2,1603,14248,0.898870733707652,0.239669778941464,0.0269645322601886
"109","ROJHAN",2.24384630319378,98.7883995703545,0.800740637981546,0.110846251249313,26,124.31149301826,318894.922335703,45042.270148,1232730.90495702,0.0455580865603645,0.671981776765376,0.275626423690205,0.694760820045558,0.283898305084746,0.35031847133758,2.05200945626478,28.7902240325866,3.18461538461538,0.119004069217569,8,2,797,5233,0.867827529021559,0.116179756988389,0.0176944900286157
"110","SADIQABAD",19.0880610716092,76.6768455380966,0.76740565837685,0.62406899034977,5,65.1327407407407,1229232.67321614,155399.09146,5248921.69216442,0.0815677966101695,0.934322033898305,0.597457627118644,0.778601694915254,0.269406392694064,0.701986754966887,2.04738154613466,27.6666666666667,3.3921568627451,0.397462219614517,28,2,3673,13404,0.784915383264039,0.0862553305432305,0.0236359168222385
"111","SAFDARABAD",28.8126278826641,200.354644149578,0.541944886504957,0.500687003135681,0,14.5778045838359,423227.672847949,44974.255749,7389770.56488888,0.0181818181818182,1,0.741496598639456,0.875283446712018,0.705882352941177,0.89622641509434,2.0580204778157,27.4304932735426,3.19088937093276,0.388768030576717,20,2,2641,15680,0.855848479886469,0.348643901691439,0.0587224836968808
"112","SAHIWAL",8.99808044125809,169.999036608863,0.405094836000533,0.482905000448227,0,35.4845857418112,373318.126954663,40127.891749,5162816.71543259,0.032258064516129,0.950034223134839,0.684931506849315,0.86652977412731,0.660777385159011,0.884615384615385,1.98872604284104,28.1011494252874,3.55076923076923,0.383853026457914,11,2,939,12351,0.929345372460497,0.307790902080167,0.0234001827425534
"113","SAHIWAL_SAHIWAL",18.2825812528012,166.991884580703,0.572817092766427,0.464702000220617,3,15.026102610261,1656303.92872379,169073.057325,10734310.2804075,NA,NA,NA,NA,NA,NA,NA,NA,NA,NA,45,NA,2313,59592,0.962636297552702,0.352463017720497,0.0136804765738272
"114","SAMBRIAL",23.388466702647,232.871743486974,0.372860417606119,NA,0,6.7374749498998,396648.865108049,42757.637787,11496545.5181849,0.0458891013384321,0.998087954110899,0.864244741873805,0.948374760994264,0.934579439252336,0.920289855072464,2.11083743842365,28.0588901472254,3.59668508287293,0.367655364379283,13,4,2630,12009,0.820342919598333,0.280862101405686,0.0615094784492427
"115","SAMUNDARI",17.2607546252719,171.656514382403,0.406523217325078,0.47629751265049,0,12.8199492814877,793660.551774212,81312.723225,9690620.181508,0.0438709677419355,0.996134020618557,0.789948453608247,0.908505154639175,0.656716417910448,0.895348837209302,2.03171247357294,27.8101487314086,3.5683615819209,0.433140141108891,31,5,1774,23581,0.930033523959771,0.290003815697442,0.0218170039034503
"116","SARAI ALAMGIR",10.1361944244384,259.150746268657,0.27895109243135,NA,0,19.5776119402985,303178.845788757,31553.105863,6502006.54179826,0.0626223091976517,0.998043052837573,0.863013698630137,0.945205479452055,0.924528301886792,0.975806451612903,1.95508982035928,28.4463130659767,3.53729071537291,0.3867572945868,8,2,2851,9723,0.773262287259424,0.30814716124036,0.0903556059545681
"117","SARGODHA",20.4924174030365,186.662182361734,0.424021322463744,0.529838502407074,0,14.0627177700348,1685523.8450356,167762.933738,12136205.2517909,0.0825396825396825,0.989429175475687,0.711416490486258,0.874207188160677,0.628140703517588,0.90234375,2.05162241887906,28.5504143646409,3.60270009643202,0.450586033209093,51,5,3653,49106,0.930760628518357,0.292710665615148,0.0217747741924029
"118","SHAH KOT",11.8152305819772,194.891891891892,0.478741938809314,0.37618699669838,0,4.62650602409639,247883.7766499,26318.297474,10714986.7345689,0.0367965367965368,0.989177489177489,0.666666666666667,0.874458874458874,0.428571428571429,0.890909090909091,2.05821917808219,27.8619582664526,3.4324942791762,0.433013792123566,9,2,1086,10079,0.902731751007613,0.382965501851216,0.0412640673688283
"119","SHAHPUR",10.0599425630076,180.186175115207,0.472175239636889,0.5356525182724,0,22.609778597786,422428.486739157,44096.133003,5614410.82883033,0.0770925110132159,0.991189427312775,0.605726872246696,0.8215859030837,0.452054794520548,0.836206896551724,1.97627118644068,28.1865793780687,3.2120253164557,0.360078855173928,14,2,1898,11552,0.858884758364312,0.261973085014373,0.0430423230053046
"120","SHAKARGARH",14.4576706505045,257.899206349206,0.585355592081417,0.446823000907898,16,11.1619771863118,799176.958547516,89916.222936,8717254.75308063,0.0942460317460317,1,0.757425742574257,0.959405940594059,0.742138364779874,0.961832061068702,2.12367021276596,26.9675245098039,3.58381030253475,0.273461227491343,27,4,3666,22252,0.858553900763948,0.247474807920239,0.0407712855399783
"121","SHANGLA HILL",10.6448288532625,195.110843373494,0.51533949971199,NA,0,10.2987951807229,238229.126802748,25281.540444,8295525.87354329,0.0182648401826484,0.995444191343964,0.737442922374429,0.87243735763098,0.222222222222222,0.940677966101695,1.86101694915254,27.4764705882353,3.55772994129159,0.438856215502573,11,5,612,11258,0.948441449031171,0.445305143685255,0.024207385675553
"122","SHARAK PUR",13.1567935934345,200.684210526316,0.474406478228047,NA,6,14.005859375,217426.566346706,25300.809916,6127326.31442645,0.0494672754946728,0.998479087452471,0.768821292775665,0.884410646387833,0.698224852071006,0.932011331444759,1.97537473233405,27.6720160481444,3.61825726141079,0.490265097438563,7,4,870,4832,0.847421957207997,0.19098202848219,0.0343862509891361
"123","SHEIKHUPURA",19.6569147749849,204.265969802555,0.422995972569327,0.567357987165451,0,8.19163763066202,1636109.85926159,182201.133685,13706523.480835,0.0331695331695332,0.992628992628993,0.755528255528256,0.901719901719902,0.537037037037037,0.925233644859813,2.0034965034965,28.2120481927711,3.47474747474747,0.437684952483159,34,2,3420,45073,0.929474357123709,0.247380458553704,0.0187704649846619
"124","SHORKOT",10.2357108060867,143.986202759448,0.448038713886985,0.609718978404999,2,29.7318536292741,576552.714904999,63599.031024,4985458.48842988,0.0459965928449744,0.902896081771721,0.419080068143101,0.858361774744027,0.346666666666667,0.844155844155844,2.11576354679803,28.2341220423412,3.36607142857143,0.424748037974948,18,2,853,18958,0.956943112412296,0.298086302491714,0.0134121540260277
"125","SHUJABAD",14.6234490300152,112.86944937833,0.683113437748082,0.464448004961014,14,16.9671403197158,670551.907528187,82212.098073,8576948.77339389,0.0935672514619883,0.932038834951456,0.586744639376218,0.848543689320388,0.634328358208955,0.836734693877551,2.03580562659847,28.4607329842932,3.36010362694301,0.460608537252717,14,2,3299,13281,0.80102533172497,0.161545567030867,0.0401279139850033
"126","SIALKOT",34.6271345297526,248.044186046512,0.41817762976469,0.501505970954895,2,10.3067164179104,1877924.26442515,183615.644637,20211637.8387894,0.0541062801932367,1,0.90549662487946,0.93731918997107,0.877005347593583,0.956521739130435,2.03527815468114,28.2057245080501,3.86411889596603,0.326572986445944,28,5,5148,41441,0.889501813732855,0.225694276116433,0.028036826655906
"127","SILLANWALI",11.8564872155755,175.716363636364,0.392994071539609,0.533571004867554,0,25.0726392251816,387168.228093495,41169.434288,6664007.35518884,0.0372093023255814,0.974418604651163,0.681395348837209,0.872093023255814,0.729508196721312,0.870748299319728,1.88252148997135,28.4220472440945,3.49379652605459,0.353241830464123,17,2,1318,14777,0.918111214662939,0.358931334752569,0.0320140420385657
"128","SOHAWA",4.79552252027724,406.781027667984,0.463421114614304,0.463025003671646,0,30.631329113924,208324.233354808,20413.516887,2374736.1916232,0.149779735682819,0.986784140969163,0.777533039647577,0.892070484581498,0.647058823529412,0.95,2.03759398496241,28.6748844375963,3.3957528957529,0.213433461992772,13,2,1797,6868,0.792613964223889,0.336443741566833,0.08802990733774
"129","TALA GANG",3.43438349979618,455.56345408977,0.478034256962139,0.639735658963521,0,46.0530751708428,595198.162004822,60082.695968,1956732.7503795,0.123430962343096,0.945606694560669,0.715481171548117,0.870292887029289,0.388888888888889,0.932584269662921,1.82038834951456,28.872641509434,3.63215859030837,0.356258208563173,26,4,2865,16111,0.84901981450253,0.268147088615676,0.0476842783740246
"130","TANDLIANWALA",11.6673151356323,171.159956474429,0.449577694072962,0.452915668487549,72,22.8404139433551,854768.795213373,87927.525046,6703526.90333426,0.0228187919463087,0.979865771812081,0.612903225806452,0.741935483870968,0.569832402234637,0.842342342342342,2.01581722319859,28.586011342155,3.24714828897338,0.403917532333037,30,2,2646,26059,0.907820937118969,0.29636908336004,0.0300929657535081
"131","TAUNSA",3.9857675294623,178.182369146005,0.760767810855358,0.738422671953837,6,40.2848484848485,575750.996748749,74572.084739,2289141.12595525,0.0885122410546139,0.930451127819549,0.446327683615819,0.838649155722326,0.169014084507042,0.6,2.11627906976744,27.6924119241192,3.55223880597015,0.42476846057551,17,5,5512,24580,0.816828392928353,0.329613957904345,0.0739150584202095
"132","TAXILA",35.1373579828622,502.3,0.428974220538751,NA,0,5.61025641025641,545598.167611275,46334.300625,20105675.0632482,0.15016501650165,0.99672131147541,0.816393442622951,0.940983606557377,0.689655172413793,0.871951219512195,1.94299287410926,28.8783930510315,3.75454545454545,0.558249640047047,5,5,706,6311,0.899387202508194,0.136205789552694,0.0152370919702427
"133","TOBA TEK SINGH",13.9301663657929,157.423255813953,0.332615500799574,0.450373008847237,0,13.6938300349243,969164.523708005,96864.939548,8100646.15304767,0.074792243767313,0.982019363762102,0.764868603042877,0.922544951590595,0.708333333333333,0.901639344262295,2.01988071570577,28.6650853889943,3.62901155327343,0.370118592004106,31,4,5233,36252,0.873858020971436,0.374253059663924,0.0540236748654229
"134","VEHARI",13.908023637974,138.273752012882,0.649471999990383,0.602223992347717,9,19.4251207729469,1015839.31897705,110562.488798,7821287.86819222,0.0338345864661654,0.93125,0.53,0.865,0.609756097560976,0.768888888888889,1.94973070017953,28.552,3.45117845117845,0.441188095687247,31,2,2329,24357,0.912725773813985,0.220300757198952,0.0210650106136371
"135","WAZIRABAD",15.1735453039857,218.612748045701,0.431096008507803,0.615822523832321,12,9.06975345760674,1025299.34334373,105711.397116,8874374.46539909,0.0375146541617819,0.997655334114889,0.827667057444314,0.921453692848769,0.803738317757009,0.974358974358974,1.93698175787728,27.7549251379039,3.58291457286432,0.412459640247154,33,4,8749,23244,0.726533929297034,0.21988168384998,0.0827630722768661
"136","YAZMAN",0.644568755444179,114.645255015902,0.850406557973266,-0.460483657902685,0,183.926112048997,654666.722364201,71765.9157649999,370115.928475087,0.0907317073170732,0.823414634146341,0.388292682926829,0.839024390243902,0.581896551724138,0.8300395256917,2.04041916167665,27.9993328885924,3.40432801822323,0.222634647334457,24,2,2519,32351,0.927760252365931,0.450785023156878,0.0351002279166695
"137","ZAFARWAL",15.9881398925781,272.221843003413,0.520590984984063,0.530713975429535,0,17.1779279279279,516431.275487114,58942.960615,8462151.55955902,0.0319829424307036,0.995735607675906,0.71002132196162,0.897435897435897,0.804878048780488,0.971223021582734,2.0995145631068,27.3469387755102,3.47549909255898,0.308944502375159,18,4,2685,14896,0.84727831181389,0.25271889712661,0.0455525133448541
