"","TEHSIL","X","PROVINCE","DISTRICT","fertility","elevation","poverty","night_lights","distance_to_lakes_rivers","malaria_instance","distance_to_cities","Population","child_population","population_density","radio","electricity","television","mobile_phone","card","school_boolean","antenatal_care","age","mothers_age","school_level","urban_to_rural","OutreachProportion","TotalOutreachCoverage","TotalClinicsCoverage","fac_number"
"1","18-HAZARI",47,"PUNJAB","JHANG",4.62806009249331,155.796625222025,0.601102675851501,0.595201760530472,30,0,56.0106761565836,497107.628390812,52406.730413,3172890.38253992,0.0453781512605042,0.899328859060403,0.236974789915966,0.836974789915966,0.246511627906977,0.421487603305785,0.697142857142857,2.07438016528926,28.4214876033058,2.82913165266106,0,0.96236487388229,0.275193660935247,0.0107619764781223,14
"2","AHMADPUR EAST",12,"PUNJAB","BAHAWALPUR",14.166610704767,102.583038869258,0.8124977762952,0.66727802157402,45,0,26.1,1113662.97068812,135026.127508,8113506.16722642,0.054590570719603,0.866004962779156,0.424317617866005,0.738213399503722,0.448780487804878,0.450417052826691,0.770212765957447,2.03316749585406,27.9972196478221,3.36625514403292,0.434477832784933,0.838330461420639,0.16213899046096,0.0312680225517825,27
"3","AHMEDPUR SIAL",48,"PUNJAB","JHANG",7.82048832933517,138.224699828473,0.560411954463296,0.589007019996643,30,0,22.393991416309,457973.186314506,50576.470073,5636252.95258511,0.0571992110453649,0.877952755905512,0.326771653543307,0.822834645669291,0.28921568627451,0.456521739130435,0.660714285714286,1.99033816425121,28.5028985507246,3.26349206349206,0.399887961776664,0.941930698315143,0.175753665433155,0.0108350780354785,10
"4","ALIPUR",84,"PUNJAB","MUZAFFARGARH",9.65638034041125,98.915961305925,0.81460386554304,0.731999009847641,27,0,42.360338573156,628935.260926206,83185.675714,5469468.74074551,0.0556621880998081,0.842911877394636,0.432950191570881,0.676245210727969,0.520325203252033,0.416098226466576,0.8,2.17117117117117,28.1350613915416,3.63934426229508,0.31045408492217,0.780551905387648,0.0642658721482295,0.0180680145601925,17
"5","ARIFWALA",98,"PUNJAB","PAK PATTAN",13.9440149195683,155.023642172524,0.566934847900369,0.527584989865621,5,0,14.4561740243122,856193.818890465,89899.8016049999,7910231.97213224,0.027603513174404,0.958646616541353,0.654135338345865,0.823308270676692,0.593073593073593,0.531548757170172,0.827586206896552,1.99616122840691,28.2007648183556,3.38129496402878,0.404511877177945,0.934481109516977,0.326029640518916,0.0228587823700571,30
"6","ATTOCK",1,"PUNJAB","ATTOCK",7.53493402655187,410.912614980289,0.41399349327114,0.651746511459351,2,0,42.2393162393162,393456.659553904,37452.829191,3713819.74573809,0.123115577889447,0.992462311557789,0.763819095477387,0.917085427135678,0.575,0.667247386759582,0.908045977011494,2.01293103448276,28.616724738676,3.67362924281984,0.43952617968362,0.80557807686071,0.132646854918875,0.0320136028679009,10
"7","BAHAWALNAGAR",7,"PUNJAB","BAHAWALNAGAR",8.63854315711018,155.212710280374,0.573597426690885,0.617929657300313,7,0,25.7322424693194,939143.134216927,105054.697708,5027249.87551662,0.0264797507788162,0.93944099378882,0.501552795031056,0.770186335403727,0.346456692913386,0.466520307354555,0.722826086956522,1.96631578947368,28.4401756311745,3.43058823529412,0.406758902938122,0.941650183667703,0.253772564022806,0.0157251416266195,35
"8","BAHAWALPUR",13,"PUNJAB","BAHAWALPUR",15.6701441495703,114.598355471221,0.783578614657774,0.517292991280556,22,0,25.0929791271347,1055597.95547099,114256.993429,9628872.65871609,0.0421686746987952,0.933734939759036,0.487951807228916,0.742971887550201,0.669491525423729,0.502103786816269,0.81021897810219,1.96449704142012,27.7180925666199,3.52513966480447,0.407957301250589,0.9186401340955,0.187069511970678,0.0165679136408952,16
"9","BAHAWALPUR CITY",14,"PUNJAB","BAHAWALPUR",18.2712192831617,114.369230769231,0.745942277776683,0.574275016784668,15,0,18.2730061349693,202797.565078761,21939.131049,8880425.46142568,0.0570469798657718,0.954697986577181,0.582214765100671,0.73993288590604,0.586206896551724,0.552147239263804,0.849624060150376,2.0625,28.1950920245399,3.62888888888889,0.487840620536511,0.904028972385695,0.27307371411472,0.0289892976426242,4
"10","BHAKKAR",18,"PUNJAB","BHAKKAR",6.66565474292313,165.587740384615,0.724675492037279,0.589412748813629,2,0,32.7732371794872,662595.031514009,75802.791119,3811204.39346566,0.0520325203252033,0.952922077922078,0.530081300813008,0.830894308943089,0.6,0.519108280254777,0.722972972972973,2.09876543209877,28.468152866242,3.42740286298568,0.320755482392901,0.895153641881639,0.249027769576,0.029167791414554,18
"11","BHALWAL",117,"PUNJAB","SARGODHA",11.7942940875281,195.143342776204,0.539688510642122,0.497185498476028,0,0,14.679117147708,890393.191274237,90377.123062,7265878.58060762,0.056047197640118,0.982300884955752,0.671091445427729,0.874446085672083,0.566037735849057,0.634984833164813,0.836842105263158,1.91120507399577,28.4064711830131,3.34554140127389,0.424109676429123,0.880946711748179,0.204686754493274,0.0276618674649,31
"12","BHAWANA",26,"PUNJAB","CHINIOT",9.00301600724623,170.90157480315,0.552538768206752,0.539451494812965,6,0,23.3435534591195,632850.140117841,63170.751068,7154587.91578906,0.0176600441501104,0.927312775330396,0.451541850220264,0.698237885462555,0.448275862068966,0.390784982935154,0.666666666666667,2.05592105263158,28.4829351535836,3.12663755458515,0.279228802040724,0.857776594800816,0.153045512939887,0.025375667898494,18
"13","BUREWALA",134,"PUNJAB","VEHARI",14.1296636639112,145.963914977756,0.527599605277733,0.549842014908791,6,0,20.9851851851852,1135909.90667152,117974.296865,8098371.77637928,0.015990159901599,0.959509202453988,0.668711656441718,0.85398773006135,0.640552995391705,0.619090098126673,0.889473684210526,1.99221789883268,28.9625334522748,3.47118155619597,0.431844152198425,0.90392435949573,0.226091620876727,0.0240306581631433,31
"14","CHAK JHUMRA",32,"PUNJAB","FAISALABAD",13.7879435527358,189.423023578363,0.429166840242116,0.452661991119385,0,0,6.9500693481276,417323.469800752,43314.854371,8389158.60677157,0.037037037037037,0.989473684210526,0.792982456140351,0.905263157894737,0.58,0.761627906976744,0.937931034482759,1.88385269121813,28.2337209302326,3.51145038167939,0.448809534767525,0.966995990836197,0.311832977304044,0.010643000113805,16
"15","CHAKWAL",22,"PUNJAB","CHAKWAL",5.79824989965592,472.32118226601,0.312416692075667,0.50925699621439,0,0,31.767816091954,737022.428455009,67224.957881,3482677.23736876,0.0968660968660969,0.992887624466572,0.821937321937322,0.877667140825036,0.315789473684211,0.817,0.934782608695652,2,29.094,3.62132352941176,0.359353188185513,0.856235658252842,0.23867623730464,0.0400744021999814,33
"16","CHAUBARA",68,"PUNJAB","LAYYAH",1.61509481089558,145.71675,0.774812699258328,0.746236407756805,0,0,62.99975,262461.886837103,30654.287926,946408.582679027,0.0725663716814159,0.542402826855124,0.27208480565371,0.881625441696113,0.645833333333333,0.35693215339233,0.536170212765957,2.00680272108844,27.7345132743363,2.55096418732782,0,0.855862165569408,0.199319586700224,0.0335678976619527,8
"17","CHICHAWATNI",115,"PUNJAB","SAHIWAL",14.3499591548494,153.749530956848,0.504868040974014,0.453020989894867,3,0,19.4626935710934,1230347.14624386,123338.692326,8271870.76138356,0.0738569753810082,0.946943483275663,0.66320645905421,0.860438292964245,0.409090909090909,0.611734253666954,0.896551724137931,1.93621013133208,28.0025884383089,3.5225988700565,0.378210252141233,0.918600623484586,0.193515915807781,0.0171479035500862,44
"18","CHINIOT",27,"PUNJAB","CHINIOT",13.5477556724488,181.98121085595,0.43497073045879,0.44437500834465,5,0,12.269392033543,467005.435694354,46668.786885,7038144.74564358,0.036741214057508,0.960063897763578,0.562300319488818,0.8256,0.537037037037037,0.449026345933562,0.719101123595506,1.97045454545455,28.020618556701,3.29081632653061,0.423828234695323,0.923267076985168,0.392146469225713,0.0325913764107048,16
"19","CHISHTIAN",8,"PUNJAB","BAHAWALNAGAR",7.96600497671682,146.708333333333,0.675830334217843,0.68757352232933,8,0,27.022894521668,780803.271533055,83898.1037339999,4604811.59832412,0.0365659777424483,0.96031746031746,0.585714285714286,0.807936507936508,0.43801652892562,0.580498866213152,0.814814814814815,1.89795918367347,27.6802721088435,3.41015625,0.390912915305553,0.930037722607246,0.252723232782762,0.0190111567367121,31
"20","CHOA SAIDAN SHAH",23,"PUNJAB","CHAKWAL",6.2969965473742,665.519480519481,0.447197671582445,NA,0,0,36.8789625360231,170907.258360337,15831.238978,3550056.73907929,0.0751173708920188,0.995305164319249,0.802816901408451,0.889671361502347,0.222222222222222,0.777235772357724,0.902777777777778,2.14150943396226,28.7430894308943,3.50836820083682,0.347862608221945,0.835994194484761,0.254686320230722,0.0499645037952632,8
"21","CHUNIAN",55,"PUNJAB","KASUR",14.4435216660628,187.582286432161,0.550415006343514,0.457308009266853,12,0,15.0857858484659,915601.752857614,105279.943199,8252560.55354773,0.0102639296187683,0.959124087591241,0.484626647144949,0.811678832116788,0.467455621301775,0.474066390041494,0.685990338164251,2.1028880866426,27.5663900414938,3.45175438596491,0.388238553656494,0.881718884736993,0.116546415463079,0.015634506915422,20
"22","DARYA KHAN",19,"PUNJAB","BHAKKAR",4.84631782080724,178.116071428571,0.760152435133688,0.758242011070251,0,0,40.2169117647059,360979.779108197,40405.330278,2737926.56547173,0.0733752620545073,0.90146750524109,0.452830188679245,0.82563025210084,0.308411214953271,0.404761904761905,0.647540983606557,2.05135951661631,28.0546218487395,3.22222222222222,0.361900530783916,0.863566906788911,0.19581574870353,0.0309365123710077,10
"23","DASKA",127,"PUNJAB","SIALKOT",23.4352776148498,231.571014492754,0.406716299920842,0.560621023178101,0,0,9.92946859903382,1016790.99566206,111760.219659,14155544.0641533,0.0360248447204969,0.998760842627014,0.788104089219331,0.921933085501859,0.666666666666667,0.795398520953164,0.824742268041237,1.88429752066116,27.5981922760887,3.52789256198347,0.419300213735784,0.772598369372563,0.117009433588268,0.0344398034626629,25
"24","DE-EXCLUDED AREA D.G.KHAN",29,"PUNJAB","DERA GHAZI KHAN",0.687988766486662,755.871851040526,0.807933845482807,0.284358110692766,0,0,174.539841182913,195673.58979287,26813.946032,385818.577358787,NA,NA,NA,NA,NA,NA,NA,NA,NA,NA,NA,0.905231984205331,0.068397243651169,0.00716045298856295,4
"25","DE-EXCLUDED AREA RAJANPUR",104,"PUNJAB","RAJANPUR",0.0989869280708237,551.947105632704,0.945489113827174,-1.04905816912651,0,0,296.248751560549,69528.5922853128,8182.601558,156195.720343814,NA,NA,NA,NA,NA,NA,NA,NA,NA,NA,NA,1,0.00855473647394723,0,NA
"26","DEPALPUR",95,"PUNJAB","OKARA",11.6641021957542,175.181074766355,0.673066214420478,0.5196440021197,23,0,24.2384682332463,1600542.69237053,181696.848671,6676283.46936845,0.018450184501845,0.953038674033149,0.529953917050691,0.791896869244936,0.549295774647887,0.454545454545455,0.765567765567766,2.02418207681366,27.9418181818182,3.2592,0.36328384896335,0.883677298311445,0.121834804301332,0.0160377024770331,57
"27","DERA GHAZI KHAN",30,"PUNJAB","DERA GHAZI KHAN",9.25829772289303,142.447422258592,0.618525225727067,0.658009737730026,35,0,38.833674304419,1803594.7822832,244600.716959,5324213.87492304,0.0991596638655462,0.849706129303107,0.410579345088161,0.779177162048699,0.175392670157068,0.390102827763496,0.637096774193548,2.12379110251451,27.6542416452442,3.6507413509061,0.329202802802803,0.859693420722753,0.196266800019425,0.0320317949080799,34
"28","DINA",51,"PUNJAB","JHELUM",9.87589809788232,331.480519480519,0.342821570057533,NA,9,0,25.1516966067864,361625.820499438,33716.820729,5189219.79797747,0.14161220043573,0.997826086956522,0.83695652173913,0.915217391304348,0.903846153846154,0.850507982583454,0.873873873873874,1.91379310344828,29.0246734397678,3.55460750853242,0.34611012886927,0.752702118460873,0.154907843832016,0.0508944782722073,12
"29","DUNYA PUR",71,"PUNJAB","LODHRAN",12.3741613587883,120.008310249307,0.706751694190084,0.591921001672745,0,0,20.2412199630314,527545.66001912,59155.96614,7012124.66298002,0.0560165975103734,0.946058091286307,0.510373443983402,0.898340248962656,0.203883495145631,0.47581903276131,0.945054945054945,2.07258064516129,28.2979719188768,3.41639344262295,0.402816924870898,0.902196412143514,0.265247971149102,0.0287544961394827,17
"30","FAISALABAD CITY",33,"PUNJAB","FAISALABAD",125.684172964795,183.769230769231,0.357460750987495,0.458514988422394,0,0,0,3306004.27715914,318990.430656,173935151.449337,0.037344398340249,0.998618784530387,0.795580110497238,0.893572909467864,0.537313432835821,0.745308310991957,0.916216216216216,1.98033126293996,28.1233243967828,3.5620875824835,0.527357802181985,0.976226219001703,0.212015764425653,0.00516316428869971,7
"31","FATEH JANG",2,"PUNJAB","ATTOCK",4.7181343734914,480.145981410607,0.488432604837847,0.548298001289368,0,0,26.206444565811,338325.102530492,30952.700811,2665655.59462906,0.098159509202454,0.997955010224949,0.777096114519427,0.895918367346939,0.464285714285714,0.635714285714286,0.834862385321101,1.92779783393502,29.1242857142857,3.49887640449438,0.425725359911406,0.600201748486886,0.11533726965536,0.0768268983866799,14
"32","FEROZEWALA",123,"PUNJAB","SHEIKHUPURA",18.815260318827,207.798412698413,0.34669311486765,0.377963006496429,6,0,2.97297297297297,656705.667221647,75287.323317,15096535.7695343,0.0659062103929024,0.988607594936709,0.80379746835443,0.872151898734177,0.369369369369369,0.598851517637408,0.845559845559846,2.033527696793,27.4232977850697,3.31917808219178,0.447772621715562,0.856066314996232,0.120710892612487,0.0202955814163601,11
"33","FORT ABBAS",9,"PUNJAB","BAHAWALNAGAR",3.49679300610209,139.115845959596,0.862599338623605,0.752008001009623,0,0,113.488255559035,453544.081434717,49017.089091,2042272.50780782,0.0573122529644269,0.925343811394892,0.463654223968566,0.868369351669941,0.394736842105263,0.631506849315069,0.728476821192053,2.00252525252525,28.5095890410959,3.25162689804772,0.324577831132453,0.952662721893491,0.128098182010422,0.0063651270564185,7
"34","GOJRA",131,"PUNJAB","TOBA TEK SINGH",20.1297330907051,166.452025586354,0.404059277096791,0.496692001819611,0,0,12.7686567164179,773022.286900879,78593.891243,11848500.0053508,0.0570032573289902,0.996742671009772,0.737785016286645,0.907166123778502,0.425,0.721973094170404,0.872611464968153,2.01243781094527,28.377802690583,3.51863354037267,0.428106708420445,0.904662004662005,0.148141284467029,0.0156119003728459,22
"35","GUJAR KHAN",108,"PUNJAB","RAWALPINDI",9.39125896151928,485.492464754497,0.365778209871465,0.45818567276001,7,0,21.9110787172012,778249.290445082,74683.8780079999,5448487.37576854,0.119311193111931,0.997542997542998,0.871007371007371,0.950920245398773,0.685714285714286,0.831470335339639,0.952380952380952,1.95881006864989,29.0868443680138,3.65460186142709,0.34796925122814,0.79694078024137,0.152081015380366,0.0387499963471367,32
"36","GUJRANWALA",37,"PUNJAB","GUJRANWALA",35.9420186939524,221.746031746032,0.4308406999326,0.538593500852585,0,0,4.80859010270775,1954167.9054167,202554.857639,26101208.67042,0.0487152034261242,0.996264674493063,0.802027748132337,0.894230769230769,0.527675276752767,0.773883161512028,0.928952042628774,1.96864576384256,27.5824742268041,3.61466666666667,0.427792033343908,0.869213065415597,0.0969564503607278,0.014588640501856,30
"37","GUJRANWALA CITY",38,"PUNJAB","GUJRANWALA",296.382689574054,223.816513761468,0.296845043197684,NA,0,0,0.110091743119266,1045031.63260231,108260.926158,138398994.762565,0.0147058823529412,1,0.955882352941177,0.967647058823529,0.75,0.780632411067194,0.9875,1.95652173913043,27.9802371541502,3.80253164556962,1,0.997935395070756,0.214306313675348,0.000443373262204935,1
"38","GUJRAT",42,"PUNJAB","GUJRAT",21.2148947071932,245.656519533232,0.341793599554082,0.540253013372421,12,0,7.76837303598581,1712431.64934912,170931.21485,12454176.3496126,0.0735009671179884,0.999033816425121,0.770793036750484,0.897584541062802,0.630434782608696,0.820610687022901,0.941818181818182,1.88591549295775,28.513358778626,3.56201550387597,0.353795411427913,0.842910938982947,0.161070638994525,0.030017922732853,49
"39","HAFIZABAD",45,"PUNJAB","HAFIZABAD",12.3926948116234,204.44715984148,0.39742749788684,0.549189984798431,10,0,16.1327608982827,759653.780923654,80533.7246679999,7240882.89038518,0.0403458213256484,0.995677233429395,0.652737752161383,0.837175792507205,0.597402597402597,0.676706827309237,0.845360824742268,1.93528183716075,28.1626506024096,3.53857566765579,0.466228767999348,0.939850776778414,0.228363956538914,0.0146149952066936,20
"40","HAROONABAD",10,"PUNJAB","BAHAWALNAGAR",10.0743170035575,150.913621262458,0.717990648900131,0.579160988330841,0,0,26.1606080634501,580463.022131564,60382.327055,5539536.42389562,0.0512295081967213,0.969325153374233,0.633946830265849,0.867075664621677,0.405797101449275,0.643908969210174,0.864864864864865,2.00534759358289,28.4283801874163,3.40748440748441,0.395482109766192,0.910047052311099,0.217812075841667,0.0215294782994348,23
"41","HASILPUR",15,"PUNJAB","BAHAWALPUR",7.99757803634948,139.206644518272,0.767006946631162,0.679390013217926,9,0,33.6009296148738,488766.676434788,52490.272549,4676149.02828913,0.0326295585412668,0.932950191570881,0.53742802303263,0.846743295019157,0.537037037037037,0.594630872483221,0.785234899328859,1.93939393939394,27.6456375838926,3.372460496614,0.395860672897108,0.851983632805551,0.182471904504951,0.0317011118287992,11
"42","HASSANABDAL",3,"PUNJAB","ATTOCK",10.0531053142013,441.619402985075,0.409910406194516,0.590184986591339,0,0,15.1753731343284,259011.582947462,24474.180831,6992996.6165995,0.14207650273224,0.997275204359673,0.760217983651226,0.918478260869565,0.5,0.667870036101083,0.896551724137931,1.83206106870229,29.0974729241877,3.44324324324324,0.499311625967044,0.600362976406534,0.0675814243353541,0.0449861839136789,9
"43","HAZRO",4,"PUNJAB","ATTOCK",14.6748689976126,328.122448979592,0.384188449686324,NA,0,0,3.72222222222222,394443.487170477,37483.136946,10470510.2018422,0.0926430517711172,1,0.685636856368564,0.899728997289973,0.714285714285714,0.549348230912477,0.775280898876405,1.92888888888889,29.0372439478585,3.13220338983051,0.430206329859748,0.650225225225225,0.0770213017165332,0.0414319645188002,13
"44","ISAKHEL",77,"PUNJAB","MIANWALI",3.85726387076074,359.89270714013,0.567138132433455,0.713585019111633,32,0,39.4701834862385,405355.777674626,47867.176688,2234803.65568,0.109489051094891,0.951456310679612,0.727493917274939,0.895631067961165,0.351851851851852,0.379084967320261,0.848484848484849,2.018779342723,28.9084967320261,3.49137931034483,0.39886401821953,0.77820500797149,0.173354698859443,0.0494075515549028,15
"45","JAHANIAN",59,"PUNJAB","KHANEWAL",14.8109045342209,125.494065281899,0.656239061838105,0.41738098859787,0,0,22.3377976190476,383170.467001914,42344.949251,8204276.90990623,0.0325379609544469,0.980728051391863,0.661670235546039,0.946466809421842,0.6,0.619326500732064,0.84297520661157,2.1264367816092,28.8696925329429,3.44444444444444,0.374706588543067,0.887708649468892,0.290117244613533,0.0366985916263272,12
"46","JALALPUR PIRWALA",80,"PUNJAB","MULTAN",12.0566880997411,107.033505154639,0.737164352101968,0.521640494465828,13,0,19.3445017182131,557696.603168334,68094.118758,6877526.73576118,0.0579439252336449,0.929236499068901,0.473880597014925,0.839851024208566,0.56020942408377,0.355721393034826,0.716049382716049,2.06451612903226,28.3818407960199,3.2972027972028,0.438195757443632,0.846420824295011,0.114606079678256,0.0207947474147118,17
"47","JAMPUR",105,"PUNJAB","RAJANPUR",6.43492210463965,130.23630831643,0.774866388421399,0.803047001361847,15,0,63.692125718148,756182.458784765,103996.4326,3670751.78845908,0.146884272997033,0.819526627218935,0.439349112426036,0.794378698224852,0.172839506172839,0.407453416149068,0.644808743169399,2.20070422535211,27.7490683229814,3.48475609756098,0.381907989351119,0.591464968152866,0.0446457622047316,0.0308375962503929,20
"48","JAND",5,"PUNJAB","ATTOCK",2.8754149862062,360.239607975667,0.365268641270501,0.781081259250641,7,0,39.4317106152806,353289.81147523,35444.790588,1719515.08817499,0.141057934508816,0.964735516372796,0.768261964735516,0.904040404040404,0.641025641025641,0.727099236641221,0.845238095238095,1.9238578680203,29.5381679389313,3.56692913385827,0.407257389305571,0.727198917456022,0.151616074205821,0.0568771874951499,16
"49","JARANWALA",34,"PUNJAB","FAISALABAD",17.2539441114991,186.99531516184,0.505709664861226,0.457436998685201,0,0,10.1933560477002,1652980.90246013,171679.350798,10097420.478885,0.028971028971029,0.99500998003992,0.738522954091816,0.859140859140859,0.4375,0.648521505376344,0.903474903474903,2.07213578500707,28.6317204301075,3.41761658031088,0.445220697301888,0.908680149160293,0.194455534954113,0.0195422453801537,49
"50","JATOI",85,"PUNJAB","MUZAFFARGARH",12.5703086666654,107.604046242775,0.797301949212625,0.685627996921539,5,0,33.823571945047,684254.359755888,95308.801006,7109926.28041582,0.0612959719789842,0.84965034965035,0.386363636363636,0.715034965034965,0.309352517985612,0.354993983152828,0.715083798882682,2.08961303462322,27.7533092659446,3.40677966101695,0.410036674548912,0.699626865671642,0.0354112103433925,0.0152032129740965,14
"51","JHANG",49,"PUNJAB","JHANG",10.2483919432994,158.666199943993,0.518708268948811,0.478821240365505,19,0,25.7605712685522,1437355.47317362,151428.027882,5807243.32921796,0.0288909599254427,0.931966449207829,0.447761194029851,0.776328052190121,0.265573770491803,0.465665236051502,0.672025723472669,1.9402390438247,28.3454935622318,3.28153846153846,0.33535502861798,0.928164359944447,0.255976390514742,0.0198113918668857,43
"52","JHELUM",52,"PUNJAB","JHELUM",11.754995268914,254.892601431981,0.311320248964514,0.627278983592987,26,0,28.0885167464115,470251.868497465,43637.189716,8090524.56392314,0.129411764705882,0.996638655462185,0.853781512605042,0.92436974789916,0.8125,0.891208791208791,0.935483870967742,1.93732970027248,28.9,3.59926017262639,0.45984832647576,0.779617175375065,0.241743340225507,0.0683362063278475,12
"53","KABIRWALA",60,"PUNJAB","KHANEWAL",11.5776074196935,134.215467143496,0.609282069377831,0.509811997413635,21,0,18.54850245865,1055374.01711902,113869.162217,6816677.48173688,0.032520325203252,0.921022067363531,0.451800232288037,0.868757259001161,0.437229437229437,0.532731376975169,0.811926605504587,2.16129032258065,28.2332580887886,3.41242937853107,0.446520709754622,0.956900557620818,0.289349630387296,0.0130325012594011,37
"54","KAHUTA",109,"PUNJAB","RAWALPINDI",6.26535334275512,749.786713286713,0.397453931015737,0.626815021038055,17,0,22.1761960326721,222907.847784768,21380.837667,3745560.69360357,0.11353711790393,0.980392156862745,0.814814814814815,0.92156862745098,0.761194029850746,0.831029185867896,0.925,2.15983606557377,29.1858678955453,3.71534195933457,0.422397194036126,0.696736119474889,0.270569380400319,0.117769006023856,11
"55","KALLAR KAHAR",24,"PUNJAB","CHAKWAL",4.97022743032457,652.177083333333,0.401969758390759,0.59068751335144,0,0,31.7202432667246,201663.379429625,18409.977316,2525229.1981239,0.0787746170678337,0.925764192139738,0.72707423580786,0.860262008733624,0.5,0.770440251572327,0.958904109589041,2.02955665024631,28.2327044025157,3.51020408163265,0,0.910660038663353,0.358229664643222,0.0351439868118521,9
"56","KALLAR SAYYEDAN",110,"PUNJAB","RAWALPINDI",8.872146386897,547.5625,0.473271808428008,NA,8,0,16.3567073170732,266182.997026331,25499.343355,5845928.31602495,0.205179282868526,0.99403578528827,0.795228628230616,0.916500994035785,0.735849056603774,0.781163434903047,0.95959595959596,1.98540145985401,28.707756232687,3.50709219858156,0,0.678733031674208,0.141180106086697,0.0668252502143697,10
"57","KALUR KOT",20,"PUNJAB","BHAKKAR",3.69959843883136,187.389004581424,0.692787295428478,0.603515684604645,12,0,48.0387338608913,352736.391888435,39069.739409,2112105.45145124,0.0666666666666667,0.961290322580645,0.481720430107527,0.838709677419355,0.545454545454545,0.484423676012461,0.771186440677966,1.91349480968858,27.9859813084112,3.32258064516129,0.377358400227881,0.927984344422701,0.303431765333687,0.0235476359432301,12
"58","KAMALIA",132,"PUNJAB","TOBA TEK SINGH",13.1003360401554,150.145321831453,0.426588146101172,0.491186007857323,59,0,16.7905897945659,794717.610744163,81045.712255,7573811.39649929,0.0521472392638037,0.973966309341501,0.633996937212864,0.834609494640122,0.42,0.595394736842105,0.780487804878049,2.00936768149883,28.4188596491228,3.31123388581952,0.385020384311679,0.849802371541502,0.132641193480742,0.0234435597779916,22
"59","KAMOKE",39,"PUNJAB","GUJRANWALA",17.0677250594441,217.852721451441,0.461653907759449,0.620492994785309,0,0,17.8397435897436,629039.9434782,72326.632075,9728357.27224646,0.0267857142857143,0.998217468805704,0.768270944741533,0.907308377896613,0.617977528089888,0.752747252747253,0.955801104972376,2.00392927308448,27.2340659340659,3.48613138686131,0.412570456503052,0.875339443312967,0.142616899253704,0.0203106374215891,16
"60","KAROR LAL ESAN",69,"PUNJAB","LAYYAH",7.74586041525577,154.579979360165,0.782425346048837,0.521723017096519,7,0,31.7257731958763,578013.580189006,68638.690645,4307403.9653215,NA,NA,NA,NA,NA,NA,NA,NA,NA,NA,NA,0.793997120389855,0.208890931124492,0.0541968380376001,18
"61","KARORPACCA",72,"PUNJAB","LODHRAN",14.5738009155671,121.756558237146,0.718101041934275,0.664416015148163,0,0,14.5702306079665,557772.793819058,65340.700679,8387827.8631043,0.0500848896434635,0.899067005937235,0.490245971162002,0.867684478371501,0.471186440677966,0.492909812819058,0.761437908496732,2.04055766793409,28.2030629608622,3.29228998849252,0.396925684909106,0.94963093635393,0.313066737690715,0.0166052703556133,14
"62","KASUR",56,"PUNJAB","KASUR",16.9582945578705,198.435525634386,0.558134469832923,0.536660015583038,15,0,17.4294385432473,1196462.03287881,138174.490488,8730109.52772427,0.0246360582306831,0.961926091825308,0.508398656215006,0.744107744107744,0.337142857142857,0.520514883346742,0.728744939271255,1.86547811993517,27.2864038616251,3.31888544891641,0.426555251128754,0.854443698231475,0.138115218898943,0.0235282213708061,33
"63","KHAIRPUR TAMEWALI",16,"PUNJAB","BAHAWALPUR",7.53952286256847,128.052523171988,0.739989363484912,0.700109004974365,15,0,26.3374485596708,291672.648054711,33276.460738,4324645.48635024,0.0609037328094303,0.905882352941176,0.484313725490196,0.762745098039216,0.561224489795918,0.348201438848921,0.848,2.05538461538462,28.0690647482014,3.16115702479339,0.388756637406736,0.909859154929577,0.232957466872299,0.0230793775229522,9
"64","KHAN PUR",100,"PUNJAB","RAHIM YAR KHAN",6.88688410145731,88.0316797642436,0.730952049375694,0.695508256554604,10,0,20.4440789473684,1048763.66231431,37125.542943,3712233.28455198,0.0428061831153389,0.945368171021378,0.568883610451306,0.794292508917955,0.549450549450549,0.504424778761062,0.739495798319328,2.10470409711684,27.5518905872888,3.37639553429027,0.424440484498481,0.668367346938776,0.183485532062351,0.091042439572922,31
"65","KHANEWAL",61,"PUNJAB","KHANEWAL",14.8592504015005,135.978829389788,0.593448267685966,0.476731508970261,0,0,25.406600249066,956998.913279235,103613.42663,8569225.17552452,0.114001530221882,0.967275494672755,0.641768292682927,0.862490450725745,0.52972972972973,0.590859630032644,0.823353293413174,2.04927211646137,28.1115342763874,3.4475138121547,0.435373614914077,0.930135160860461,0.282936304236771,0.0212520719719392,24
"66","KHARIAN",43,"PUNJAB","GUJRAT",17.3720437004063,266.914857142857,0.272027804527438,0.602850675582886,0,0,13.2612921669525,1228494.92753749,118834.551693,10118294.4621887,0.0976645435244161,0.996815286624204,0.835456475583864,0.916135881104034,0.776119402985075,0.824734982332155,0.952941176470588,1.9304897314376,28.6367491166078,3.58269065981148,0.381697304034743,0.858010490475752,0.235386085961459,0.0389533173142999,44
"67","KHUSHAB",63,"PUNJAB","KHUSHAB",4.96747810285667,400.187176325524,0.470376669537418,0.709342610836029,19,0,36.8244143033292,786420.290120764,80840.7529339999,2787531.98572335,0.0961538461538462,0.975274725274725,0.65474552957359,0.853021978021978,0.62962962962963,0.577272727272727,0.883977900552486,2.01702127659574,28.2890909090909,3.36220472440945,0.434166602008403,0.922622657771252,0.357530069315374,0.0299848765879136,28
"68","KOT ADDU",86,"PUNJAB","MUZAFFARGARH",7.29655732215237,131.280578898226,0.775734707288771,0.609080334504445,11,0,37.4456115779645,1270011.27799058,164612.786578,4272402.79773345,0.0554298642533937,0.857466063348416,0.398190045248869,0.820135746606335,0.573099415204678,0.428127428127428,0.633440514469453,2.0313630880579,28.1452991452991,3.21960072595281,0.347509683674855,0.752294220665499,0.0652379455037743,0.0214807128504838,23
"69","KOT MOMIN",118,"PUNJAB","SARGODHA",9.37865083200889,193.041530944625,0.503157567360467,0.529287993907928,9,0,16.094616639478,405362.808647545,41158.438303,4760993.93930627,0.0552147239263804,0.985685071574642,0.515337423312883,0.830265848670757,0.575757575757576,0.527659574468085,0.72463768115942,2,28.490780141844,3.15322580645161,0.37428518097654,0.824494757635618,0.131832018505049,0.028062289232092,15
"70","KOT RADHA KISHAN",57,"PUNJAB","KASUR",18.2325032775643,201.678694158076,0.590644170482134,0.436650007963181,0,0,12.3831615120275,585009.117032675,67443.800969,14454885.1386636,0.0296442687747036,0.988165680473373,0.594861660079051,0.846153846153846,0.55,0.593619972260749,0.704347826086957,2.10769230769231,27.246879334258,3.56775700934579,0.366247071071665,0.832050645481629,0.0993864506996125,0.020061146918779,17
"71","KOTLI SATTIAN",111,"PUNJAB","RAWALPINDI",6.6045068423418,1115.33137254902,0.572570921331936,NA,4,0,33.6125244618395,133213.733446096,13296.256663,3723779.04186329,0.103950103950104,0.881742738589212,0.441908713692946,0.9149377593361,0.760416666666667,0.807692307692308,0.875,2.092,28.1338461538462,3.49333333333333,0,0.85057048214943,0.17380831752676,0.0305349099592663,8
"72","LAHORE CANTT",66,"PUNJAB","LAHORE",97.1444365739651,213.373295046662,0.435267549215683,0.433680504560471,2,0,4.52401129943503,5747961.1854847,533926.409881999,58710098.2335436,0.0374940673943996,0.996680891417734,0.806451612903226,0.871028923660503,0.554179566563467,0.700332225913621,0.838926174496644,2.01602564102564,27.5269102990033,3.67457305502846,0.561082857286837,0.927253017696004,0.0592759590352435,0.00465045360941924,28
"73","LAHORE CITY",67,"PUNJAB","LAHORE",100.92968567646,204.881489841986,0.421466556828146,0.496796011924744,20,0,2.59864712514092,4046471.16510858,382745.87535,65338495.7578342,0.0382432028682402,0.99791169451074,0.857356013130409,0.922755741127349,0.650224215246637,0.796582914572864,0.9102416570771,1.95070743952533,28.3021105527638,3.85087055261166,0.695545320064698,0.924846321633948,0.0487425239604218,0.00396085261170666,16
"74","LALIAN",28,"PUNJAB","CHINIOT",9.70272905014743,176.175204157387,0.377463358335573,NA,26,0,30.3538575667656,418270.501122832,41742.738349,4480263.25812499,0.0408921933085502,0.907063197026022,0.574349442379182,0.808550185873606,0.492537313432836,0.480281690140845,0.760869565217391,2.01092896174863,27.8281690140845,3.3049853372434,0.394988039830385,0.920872320047152,0.299429325778754,0.02572902599299,13
"75","LAYYAH",70,"PUNJAB","LAYYAH",8.22968743467725,143.918122270742,0.803858380351103,0.538433492183685,12,0,30.9628685839097,926461.639293318,111275.224685,4857436.24194927,0.106821106821107,0.849420849420849,0.510939510939511,0.885456885456886,0.598540145985402,0.58992180712424,0.682352941176471,1.99846153846154,27.7993049522155,3.37849779086892,0.352086498022198,0.739508107371576,0.19509284354585,0.0687214968259761,22
"76","LIAQAT PUR",101,"PUNJAB","RAHIM YAR KHAN",3.6612256606489,103.690920903037,0.785420007935891,-0.169385999441147,27,0,130.592009095339,1074599.23528889,135377.486603,2511727.38659631,0.0578602620087336,0.910577971646674,0.435114503816794,0.8113413304253,0.396396396396396,0.417030567685589,0.662207357859532,2.04326328800989,27.4519650655022,3.23560209424084,0.235766867401802,0.846322055518435,0.102919623857836,0.0186884840565797,33
"77","LODHRAN",73,"PUNJAB","LODHRAN",12.0645061721256,113.374269005848,0.719163956271897,0.579686999320984,1,0,15.2287199480182,738958.875980634,93686.087937,6948158.8870533,0.0430622009569378,0.938193343898574,0.540412044374009,0.827258320126783,0.510309278350515,0.439746300211416,0.770491803278688,2.0328227571116,27.3530655391121,3.34375,0.44631221588814,0.903023428915748,0.271940055999907,0.0292039091421967,26
"78","MAILSI",135,"PUNJAB","VEHARI",12.6990715729791,128.910399257196,0.582089919621123,0.642292002836863,18,0,19.127669452182,1094751.01735209,123843.386551,7333915.16927529,0.0567375886524823,0.949232585596222,0.501770956316411,0.814639905548996,0.532407407407407,0.447552447552448,0.840579710144927,2.02425373134328,28.4982517482517,3.380859375,0.377494899915994,0.862423766228907,0.186122171251412,0.0296907255397588,32
"79","MALAKWAL",74,"PUNJAB","MANDI BAHAUDDIN",10.97057636229,207.50486381323,0.492311482386598,0.54091902077198,0,0,22.5359922178988,459967.630712298,45939.431718,6423956.96559903,0.0411522633744856,0.991769547325103,0.668724279835391,0.905349794238683,0.677966101694915,0.660894660894661,0.871794871794872,2.0794701986755,28.3015873015873,3.46288209606987,0.305783685010433,0.849895074682138,0.299742497567828,0.0529392704491617,17
"80","MANDI BAHAUDDIN",75,"PUNJAB","MANDI BAHAUDDIN",15.2606184642256,215.44921552436,0.368566097022579,0.594610512256622,0,0,10.037985136251,733320.960326056,74073.443478,8723743.49842791,0.0676567656765677,0.99341021416804,0.754530477759473,0.909390444810544,0.622641509433962,0.775395033860045,0.811188811188811,2.0570652173913,27.8656884875846,3.44395924308588,0.406153284625933,0.793815400497396,0.228381444221969,0.059319504989734,26
"81","MANKERA",21,"PUNJAB","BHAKKAR",1.39704105544855,165.380275890467,0.789757089519206,0.855600506067276,0,0,60.8174897119342,266035.780844551,28544.857904,788067.143402327,0.0851528384279476,0.845315904139434,0.406113537117904,0.827886710239651,0.54014598540146,0.341597796143251,0.685314685314685,2.00819672131148,27.7451790633609,3.10483870967742,0.156172485076102,0.917106549364614,0.164337829803758,0.0148538136509898,8
"82","MIAN CHANNU",62,"PUNJAB","KHANEWAL",15.472146377677,144.895608351332,0.531397115248755,0.484041005373001,2,0,18.9784017278618,853017.947031451,91008.31317,8872885.13173773,0.039119804400978,0.981729598051157,0.586080586080586,0.918392204628502,0.534351145038168,0.614063777596075,0.796116504854369,2.24104234527687,28.1357318070319,3.40479360852197,0.369659312624628,0.878894977465063,0.297840923052458,0.0410402068767406,22
"83","MIANWALI",78,"PUNJAB","MIANWALI",4.99457535516311,293.39842983317,0.513974833114839,0.710257162650426,11,0,52.7284102060844,831826.860475466,88559.4433070001,2933170.9536506,0.0967741935483871,0.980286738351254,0.711469534050179,0.906810035842294,0.474358974358974,0.504211793020457,0.864,2.02395209580838,28.9831528279182,3.6109785202864,0.377781411872321,0.855494174916589,0.176615834697367,0.0298330691944533,27
"84","MINCHINABAD",11,"PUNJAB","BAHAWALNAGAR",7.47025761546936,167.1008492569,0.729385124024334,0.705475986003876,0,0,37.9068911099421,533592.600014619,61534.775079,4036575.81874459,0.016,0.922,0.422845691382766,0.748,0.33,0.407796101949025,0.689189189189189,2.01020408163265,28.1949025487256,3.11397058823529,0.392191154242981,0.939102564102564,0.238076761980391,0.0154384248383189,19
"85","MULTAN CITY",81,"PUNJAB","MULTAN",138.193267127084,121.638961038961,0.543523379192724,0.488445997238159,0,0,0,2333742.16012892,226931.399102,87236819.1327804,0.0925925925925926,0.984363894811656,0.741109530583215,0.869843527738265,0.624338624338624,0.662337662337662,0.917737789203085,1.95114345114345,27.6214526214526,3.38852578068264,0.578613446158188,0.938769541635648,0.155593276821642,0.0101484413752936,14
"86","MULTAN SADDAR",82,"PUNJAB","MULTAN",14.6018256193734,122.296229802513,0.665801326839564,0.536593973636627,9,0,11.6202872531418,1329632.23632578,152807.733376,8599538.71408653,0.0832072617246596,0.974358974358974,0.731523378582202,0.858220211161388,0.617886178861789,0.631851085832472,0.872093023255814,2.02422907488987,27.8986556359876,3.49099836333879,0.559850198677178,0.842563291139241,0.132421308483188,0.0247435121015534,42
"87","MURIDKE",124,"PUNJAB","SHEIKHUPURA",20.0032375203862,214.1734375,0.466068366913818,0.542065024375916,10,0,10.8889745566692,719425.141868482,83865.316497,7995723.96378619,0.0538116591928251,0.992559523809524,0.808955223880597,0.907600596125186,0.46875,0.687068114511352,0.918781725888325,2.06741573033708,27.5409674234946,3.40229885057471,0.298187347373571,0.89537576870857,0.133678622680701,0.01562028326748,23
"88","MURREE",112,"PUNJAB","RAWALPINDI",12.4441752784392,1273.18784530387,0.414958182694938,0.749710977077484,1,0,11.6691176470588,271926.897200094,23672.531214,7273999.94244683,0.153246753246753,1,0.685714285714286,0.922279792746114,0.727272727272727,0.810661764705882,0.919540229885057,1.96860986547085,28.3419117647059,3.63265306122449,0.407515599453867,0.838289559366182,0.163142672200428,0.0314710747771411,12
"89","MUZAFFARGARH",87,"PUNJAB","MUZAFFARGARH",12.6335808404535,118.248583805398,0.723043560157494,0.6762855052948,39,0,23.9763412195935,1531316.64854698,194005.513486,7333211.97746505,0.0591233435270133,0.885830784913354,0.484199796126402,0.771661569826707,0.430851063829787,0.451082897684839,0.781818181818182,2.07984293193717,28.2315160567588,3.42715231788079,0.411753981740055,0.781565888623415,0.08767792056192,0.0245044582217147,32
"90","NANKANA SAHAB",88,"PUNJAB","NANKANA SAHIB",8.11338961596814,191.641958670261,0.510087573734377,0.438214987516403,42,0,13.6407723394701,1060537.29411764,114542.084982,6877273.45426528,0.0210772833723653,0.982497082847141,0.64018691588785,0.82730455075846,0.525423728813559,0.512361466325661,0.90625,1.99611650485437,28.5072463768116,3.37104825291181,0.360237722439325,0.952472746609944,0.25019624886786,0.0124844942382943,33
"91","NAROWAL",92,"PUNJAB","NAROWAL",16.6730165625105,232.312815338042,0.541772496477747,0.533061981201172,7,0,9.32532532532533,652602.426189956,75142.007211,9382807.01074304,0.0196592398427261,0.998692810457516,0.750326797385621,0.855643044619423,0.735537190082645,0.70770593445527,0.959090909090909,2.03418803418803,27.8379096545616,3.50501253132832,0.376212502074594,0.903493580173186,0.201338779219958,0.0215059466732402,20
"92","NOORPUR",64,"PUNJAB","KHUSHAB",2.0477020332764,181.438335358445,0.617601187471085,0.869613751769066,15,0,68.8284760170006,277705.704104405,28201.003866,1214608.47947645,0.0814814814814815,0.888888888888889,0.525925925925926,0.851851851851852,0.708333333333333,0.447735191637631,0.89247311827957,2.13805970149254,28.5923344947735,3.13618677042802,0.262953687201343,0.970334928229665,0.359561668378235,0.0109925164888809,13
"93","NOWSHERA VIRKHAN",40,"PUNJAB","GUJRANWALA",14.0443908633584,212.703734439834,0.478493864753929,0.487383991479874,0,0,9.04647302904564,670091.656314388,76280.161504,7999233.95492,0.0333333333333333,0.998336106489185,0.720465890183028,0.903494176372712,0.845070422535211,0.718237704918033,0.898089171974522,2.17873303167421,27.5881147540984,3.44222539229672,0.373101996412233,0.874956400418556,0.13154141000965,0.0187991211833604,25
"94","OKARA",96,"PUNJAB","OKARA",19.566849591749,175.059587020649,0.568265329892113,0.509195029735565,0,0,15.4284023668639,1343316.02758321,138250.54587,11453118.6897138,0.014207650273224,0.949726775956284,0.590163934426229,0.809419496166484,0.541062801932367,0.549755301794454,0.775862068965517,1.9375,28.021207177814,3.44279346210996,0.436289874559238,0.938822447102116,0.206682728232182,0.0134683012517786,39
"95","PAK PATTAN",99,"PUNJAB","PAK PATTAN",12.8062458577214,162.609073359073,0.707766073059898,0.531318664550781,28,0,19.980231436837,1073376.89490245,119973.702107,7473073.94211741,0.040133779264214,0.913140311804009,0.551224944320713,0.741648106904232,0.684931506849315,0.48331830477908,0.811158798283262,2.05379746835443,27.8259693417493,3.16822429906542,0.397287657767159,0.930803137356583,0.239377459356773,0.0177955665492082,24
"96","PASRUR",128,"PUNJAB","SIALKOT",17.4602820354137,246.028017241379,0.456745644724686,0.497630993525187,0,0,9.37741243745532,963302.031424504,110808.640261,9904326.43163889,0.0381679389312977,0.997823721436344,0.764705882352941,0.882480957562568,0.879432624113475,0.750172057811425,0.822393822393822,2.05124450951684,27.4907088781831,3.4697247706422,0.326480484038496,0.775526000985152,0.0994597530846061,0.0287883687814076,33
"97","PATTOKI",58,"PUNJAB","KASUR",21.0667206088459,194.680906713165,0.488378332325346,0.513740003108978,0,0,11.8491717523976,980345.746145994,114164.341415,12328728.512018,0.0157894736842105,0.982894736842105,0.61133069828722,0.820816864295125,0.490322580645161,0.524193548387097,0.579710144927536,2.13101160862355,27.6317204301075,3.33846153846154,0.396494254961074,0.802577411848935,0.0785534247283075,0.0193230212924449,25
"98","PHALIA",76,"PUNJAB","MANDI BAHAUDDIN",10.1064090690201,206.086096938776,0.442037656760535,0.60020899772644,10,0,22.1270753512133,617652.983498006,62415.672818,5672162.23370998,0.0955882352941176,0.996336996336996,0.692307692307692,0.915750915750916,0.711864406779661,0.722222222222222,0.869918699186992,2.09577464788732,27.6012345679012,3.37264957264957,0.353343351762027,0.919880153137657,0.265622386997946,0.0231352148395582,16
"99","PIND DADAN KHAN",53,"PUNJAB","JHELUM",5.62930482930411,244.281485468245,0.388930272154582,0.645101994276047,18,0,29.2502691065662,412356.224725706,41505.995804,3193710.23778217,0.105590062111801,0.985537190082645,0.714876033057851,0.878099173553719,0.404255319148936,0.753443526170799,0.950354609929078,1.83666666666667,27.9407713498623,3.25776965265082,0.301154990888145,0.808949496333859,0.284416739589761,0.0671710182106103,18
"100","PINDI BHATTIAN",46,"PUNJAB","HAFIZABAD",8.55763568032172,195.198013656114,0.492068334498219,0.474546000361443,2,0,19.5301055245189,548791.134523686,58437.506195,4893866.24257096,0.0344827586206897,0.975095785440613,0.488505747126437,0.812260536398467,0.537313432835821,0.478442280945758,0.773049645390071,2.04255319148936,27.884561891516,3.2703488372093,0.429709434704562,0.926873991491859,0.216248105417634,0.0170609607582006,19
"101","PINDI GHEB",6,"PUNJAB","ATTOCK",3.57054416414309,396.510697674419,0.399279444782248,0.710567981004715,0,0,40.2885062819916,307034.400701722,29240.182202,2056681.46117087,0.125570776255708,0.990909090909091,0.775,0.915909090909091,0.612903225806452,0.692682926829268,0.909090909090909,1.91025641025641,28.9268292682927,3.61737089201878,0.424892636099533,0.729489489489489,0.207693644247696,0.0770173039429955,12
"102","PIPLAN",79,"PUNJAB","MIANWALI",6.02490063947717,193.235187424426,0.489335154822683,0.70566600561142,11,0,34.8747731397459,420927.187300743,47236.398382,3673781.00631698,0.0669745958429561,0.942263279445728,0.64203233256351,0.868360277136259,0.538461538461538,0.507911392405063,0.815533980582524,2.16206896551724,28.0712025316456,3.41121495327103,0.360747965787691,0.866183844011142,0.164576476325138,0.0254253084726641,12
"103","QAIDABAD",65,"PUNJAB","KHUSHAB",4.78123588479705,255.186085972851,0.576316059411111,0.713688015937805,0,0,51.9411764705882,366878.849719481,37706.640502,2994009.07402675,0.036319612590799,0.927536231884058,0.635265700483092,0.898550724637681,0.761904761904762,0.400998336106489,0.788235294117647,2.09349593495935,28.3277870216306,3.27385892116183,0.267091036543486,0.937991266375546,0.284830466385101,0.0188295745934285,11
"104","RAHIM YAR KHAN",102,"PUNJAB","RAHIM YAR KHAN",11.4752175669832,82.7374173137762,0.721044888113361,0.652204245328903,0,0,59.8674525589419,1590154.09017318,192741.880967,6570458.16554293,0.081799591002045,0.926380368098159,0.596114519427403,0.786298568507158,0.597701149425287,0.494572591587517,0.721362229102167,2.00829383886256,27.5841248303935,3.54046639231824,0.402892203300437,0.817986769175755,0.0474728167749209,0.0105633502681682,37
"105","RAJANPUR",106,"PUNJAB","RAJANPUR",4.29066893828586,109.658503026968,0.729926135892419,0.758986604213715,5,0,106.791907514451,615449.027342863,83327.013993,2440401.13843948,0.11496062992126,0.789308176100629,0.476340694006309,0.80188679245283,0.582089552238806,0.398230088495575,0.779220779220779,2.16198704103672,27.6359039190898,3.59365079365079,0.352609802636889,0.717121187671454,0.0533320442800617,0.0210375953246958,14
"106","RAWALPINDI",113,"PUNJAB","RAWALPINDI",31.118842559696,442.976527900797,0.394224805517248,0.492376655340195,0,0,23.0970314576872,3056583.40588149,276227.191952,19510680.2393313,0.137130801687764,0.995798319327731,0.798319327731092,0.90295358649789,0.7,0.804532577903683,0.861788617886179,1.76190476190476,27.9971671388102,3.78697183098592,0,0.82922149122807,0.0766579128230054,0.0157877288227214,28
"107","RENALA KHURD",97,"PUNJAB","OKARA",15.933232054026,184.225385527877,0.513220579846191,0.47333100438118,0,0,14.8351126927639,537363.1955801,59448.46306,9157188.02729764,0.0134874759152216,0.973025048169557,0.616570327552986,0.851637764932563,0.744525547445255,0.610169491525424,0.805555555555556,1.93478260869565,28.4463276836158,3.40277777777778,0.415832596029333,0.910591791652133,0.26348872945951,0.025871148232171,21
"108","ROJHAN",107,"PUNJAB","RAJANPUR",2.24384630319378,98.7883995703545,0.800740637981546,0.110846251249313,26,0,124.31149301826,318894.922335703,45042.270148,1232730.90495702,0.0455580865603645,0.671981776765376,0.275626423690205,0.694760820045558,0.283898305084746,0.132382892057026,0.35031847133758,2.05200945626478,28.7902240325866,3.18461538461538,0.119004069217569,0.879557291666667,0.0899821431442652,0.0123217590538039,8
"109","SADIQABAD",103,"PUNJAB","RAHIM YAR KHAN",19.0880610716092,76.6768455380966,0.76740565837685,0.62406899034977,5,0,65.1327407407407,1229232.67321614,155399.09146,5248921.69216442,0.0815677966101695,0.934322033898305,0.597457627118644,0.778601694915254,0.269406392694064,0.475268817204301,0.701986754966887,2.04738154613466,27.6666666666667,3.3921568627451,0.397462219614517,0.632528448515126,0.0439963962193425,0.025559994995353,28
"110","SAFDARABAD",89,"PUNJAB","NANKANA SAHIB",28.8126278826641,200.354644149578,0.541944886504957,0.500687003135681,0,0,14.5778045838359,423227.672847949,44974.255749,7389770.56488888,0.0181818181818182,1,0.741496598639456,0.875283446712018,0.705882352941177,0.689088191330344,0.89622641509434,2.0580204778157,27.4304932735426,3.19088937093276,0.388768030576717,0.810924369747899,0.201693165321623,0.0470269038314664,20
"111","SAHIWAL",119,"PUNJAB","SARGODHA",8.99808044125809,169.999036608863,0.405094836000533,0.482905000448227,0,0,35.4845857418112,373318.126954663,40127.891749,5162816.71543259,0.032258064516129,0.950034223134839,0.684931506849315,0.86652977412731,0.660777385159011,0.59816091954023,0.884615384615385,1.98872604284104,28.1011494252874,3.55076923076923,0.383853026457914,0.953994865344522,1.37976349084873,0.0665372608334585,11
"112","SAHIWAL_SAHIWAL",116,"PUNJAB","SAHIWAL",18.2825812528012,166.991884580703,0.572817092766427,0.464702000220617,3,0,15.026102610261,1656303.92872379,169073.057325,10734310.2804075,NA,NA,NA,NA,NA,NA,NA,NA,NA,NA,NA,NA,0,0,45
"113","SAMBRIAL",129,"PUNJAB","SIALKOT",23.388466702647,232.871743486974,0.372860417606119,NA,0,0,6.7374749498998,396648.865108049,42757.637787,11496545.5181849,0.0458891013384321,0.998087954110899,0.864244741873805,0.948374760994264,0.934579439252336,0.819932049830125,0.920289855072464,2.11083743842365,28.0588901472254,3.59668508287293,0.367655364379283,0.774311124070564,0.124211726252444,0.0362040580378052,13
"114","SAMUNDARI",35,"PUNJAB","FAISALABAD",17.2607546252719,171.656514382403,0.406523217325078,0.47629751265049,0,0,12.8199492814877,793660.551774212,81312.723225,9690620.181508,0.0438709677419355,0.996134020618557,0.789948453608247,0.908505154639175,0.656716417910448,0.774278215223097,0.895348837209302,2.03171247357294,27.8101487314086,3.5683615819209,0.433140141108891,0.918168509263466,0.223679631903018,0.0199353795532655,31
"115","SARAI ALAMGIR",44,"PUNJAB","GUJRAT",10.1361944244384,259.150746268657,0.27895109243135,NA,0,0,19.5776119402985,303178.845788757,31553.105863,6502006.54179826,0.0626223091976517,0.998043052837573,0.863013698630137,0.945205479452055,0.924528301886792,0.84993531694696,0.975806451612903,1.95508982035928,28.4463130659767,3.53729071537291,0.3867572945868,0.819612590799031,0.300382473952086,0.0661107660544472,8
"116","SARGODHA",120,"PUNJAB","SARGODHA",20.4924174030365,186.662182361734,0.424021322463744,0.529838502407074,0,0,14.0627177700348,1685523.8450356,167762.933738,12136205.2517909,0.0825396825396825,0.989429175475687,0.711416490486258,0.874207188160677,0.628140703517588,0.716160220994475,0.90234375,2.05162241887906,28.5504143646409,3.60270009643202,0.450586033209093,0.923272035510463,0.208293925370744,0.0173101407760027,51
"117","SHAH KOT",90,"PUNJAB","NANKANA SAHIB",11.8152305819772,194.891891891892,0.478741938809314,0.37618699669838,0,0,4.62650602409639,247883.7766499,26318.297474,10714986.7345689,0.0367965367965368,0.989177489177489,0.666666666666667,0.874458874458874,0.428571428571429,0.701444622792937,0.890909090909091,2.05821917808219,27.8619582664526,3.4324942791762,0.433013792123566,0.878439754207855,0.249864186940529,0.0345767047013202,9
"118","SHAHPUR",121,"PUNJAB","SARGODHA",10.0599425630076,180.186175115207,0.472175239636889,0.5356525182724,0,0,22.609778597786,422428.486739157,44096.133003,5614410.82883033,0.0770925110132159,0.991189427312775,0.605726872246696,0.8215859030837,0.452054794520548,0.518821603927987,0.836206896551724,1.97627118644068,28.1865793780687,3.2120253164557,0.360078855173928,0.872643107146889,0.175276140415174,0.0255804743677469,14
"119","SHAKARGARH",93,"PUNJAB","NAROWAL",14.4576706505045,257.899206349206,0.585355592081417,0.446823000907898,16,0,11.1619771863118,799176.958547516,89916.222936,8717254.75308063,0.0942460317460317,1,0.757425742574257,0.959405940594059,0.742138364779874,0.749387254901961,0.961832061068702,2.12367021276596,26.9675245098039,3.58381030253475,0.273461227491343,0.862182502351834,0.183470784929902,0.0293272995005245,27
"120","SHANGLA HILL",91,"PUNJAB","NANKANA SAHIB",10.6448288532625,195.110843373494,0.51533949971199,NA,0,0,10.2987951807229,238229.126802748,25281.540444,8295525.87354329,0.0182648401826484,0.995444191343964,0.737442922374429,0.87243735763098,0.222222222222222,0.751470588235294,0.940677966101695,1.86101694915254,27.4764705882353,3.55772994129159,0.438856215502573,0.943058823529412,0.317069286887636,0.0191444030506008,11
"121","SHARAK PUR",125,"PUNJAB","SHEIKHUPURA",13.1567935934345,200.684210526316,0.474406478228047,NA,6,0,14.005859375,217426.566346706,25300.809916,6127326.31442645,0.0494672754946728,0.998479087452471,0.768821292775665,0.884410646387833,0.698224852071006,0.725175526579739,0.932011331444759,1.97537473233405,27.6720160481444,3.61825726141079,0.490265097438563,0.87509130752374,0.0947005257126094,0.0135173538371087,7
"122","SHEIKHUPURA",126,"PUNJAB","SHEIKHUPURA",19.6569147749849,204.265969802555,0.422995972569327,0.567357987165451,0,0,8.19163763066202,1636109.85926159,182201.133685,13706523.480835,0.0331695331695332,0.992628992628993,0.755528255528256,0.901719901719902,0.537037037037037,0.636144578313253,0.925233644859813,2.0034965034965,28.2120481927711,3.47474747474747,0.437684952483159,0.921412934584988,0.136294431860851,0.0116245160343608,34
"123","SHORKOT",50,"PUNJAB","JHANG",10.2357108060867,143.986202759448,0.448038713886985,0.609718978404999,2,0,29.7318536292741,576552.714904999,63599.031024,4985458.48842988,0.0459965928449744,0.902896081771721,0.419080068143101,0.858361774744027,0.346666666666667,0.557907845579078,0.844155844155844,2.11576354679803,28.2341220423412,3.36607142857143,0.424748037974948,0.951991509551754,0.239767803918987,0.0120913791864188,18
"124","SHUJABAD",83,"PUNJAB","MULTAN",14.6234490300152,112.86944937833,0.683113437748082,0.464448004961014,14,0,16.9671403197158,670551.907528187,82212.098073,8576948.77339389,0.0935672514619883,0.932038834951456,0.586744639376218,0.848543689320388,0.634328358208955,0.505235602094241,0.836734693877551,2.03580562659847,28.4607329842932,3.36010362694301,0.460608537252717,0.817932370268743,0.123278693009399,0.0274412167172378,14
"125","SIALKOT",130,"PUNJAB","SIALKOT",34.6271345297526,248.044186046512,0.41817762976469,0.501505970954895,2,0,10.3067164179104,1877924.26442515,183615.644637,20211637.8387894,0.0541062801932367,1,0.90549662487946,0.93731918997107,0.877005347593583,0.843172331544425,0.956521739130435,2.03527815468114,28.2057245080501,3.86411889596603,0.326572986445944,0.870959752321981,0.114908509248827,0.0170246931092389,28
"126","SILLANWALI",122,"PUNJAB","SARGODHA",11.8564872155755,175.716363636364,0.392994071539609,0.533571004867554,0,0,25.0726392251816,387168.228093495,41169.434288,6664007.35518884,0.0372093023255814,0.974418604651163,0.681395348837209,0.872093023255814,0.729508196721312,0.634645669291339,0.870748299319728,1.88252148997135,28.4220472440945,3.49379652605459,0.353241830464123,0.921479194442495,0.318974506866802,0.0271803589083118,17
"127","SOHAWA",54,"PUNJAB","JHELUM",4.79552252027724,406.781027667984,0.463421114614304,0.463025003671646,0,0,30.631329113924,208324.233354808,20413.516887,2374736.1916232,0.149779735682819,0.986784140969163,0.777533039647577,0.892070484581498,0.647058823529412,0.798151001540832,0.95,2.03759398496241,28.6748844375963,3.3957528957529,0.213433461992772,0.761887542939794,0.206431847257227,0.064516075661549,13
"128","TALA GANG",25,"PUNJAB","CHAKWAL",3.43438349979618,455.56345408977,0.478034256962139,0.639735658963521,0,0,46.0530751708428,595198.162004822,60082.695968,1956732.7503795,0.123430962343096,0.945606694560669,0.715481171548117,0.870292887029289,0.388888888888889,0.713836477987421,0.932584269662921,1.82038834951456,28.872641509434,3.63215859030837,0.356258208563173,0.862863669959014,0.213738744460462,0.0339698471767484,26
"129","TANDLIANWALA",36,"PUNJAB","FAISALABAD",11.6673151356323,171.159956474429,0.449577694072962,0.452915668487549,72,0,22.8404139433551,854768.795213373,87927.525046,6703526.90333426,0.0228187919463087,0.979865771812081,0.612903225806452,0.741935483870968,0.569832402234637,0.497164461247637,0.842342342342342,2.01581722319859,28.586011342155,3.24714828897338,0.403917532333037,0.894011680513285,0.247214964695391,0.0293082285513191,30
"130","TAUNSA",31,"PUNJAB","DERA GHAZI KHAN",3.9857675294623,178.182369146005,0.760767810855358,0.738422671953837,6,0,40.2848484848485,575750.996748749,74572.084739,2289141.12595525,0.0885122410546139,0.930451127819549,0.446327683615819,0.838649155722326,0.169014084507042,0.544715447154472,0.6,2.11627906976744,27.6924119241192,3.55223880597015,0.42476846057551,0.853237780543278,0.266627922091623,0.0458616654203767,17
"131","TAXILA",114,"PUNJAB","RAWALPINDI",35.1373579828622,502.3,0.428974220538751,NA,0,0,5.61025641025641,545598.167611275,46334.300625,20105675.0632482,0.15016501650165,0.99672131147541,0.816393442622951,0.940983606557377,0.689655172413793,0.716612377850163,0.871951219512195,1.94299287410926,28.8783930510315,3.75454545454545,0.558249640047047,0.910643236074271,0.118551481859126,0.0116328506684998,5
"132","TOBA TEK SINGH",133,"PUNJAB","TOBA TEK SINGH",13.9301663657929,157.423255813953,0.332615500799574,0.450373008847237,0,0,13.6938300349243,969164.523708005,96864.939548,8100646.15304767,0.074792243767313,0.982019363762102,0.764868603042877,0.922544951590595,0.708333333333333,0.739089184060721,0.901639344262295,2.01988071570577,28.6650853889943,3.62901155327343,0.370118592004106,0.855023536683943,0.185639923835283,0.0314768172491257,31
"133","VEHARI",136,"PUNJAB","VEHARI",13.908023637974,138.273752012882,0.649471999990383,0.602223992347717,9,0,19.4251207729469,1015839.31897705,110562.488798,7821287.86819222,0.0338345864661654,0.93125,0.53,0.865,0.609756097560976,0.528,0.768888888888889,1.94973070017953,28.552,3.45117845117845,0.441188095687247,0.912090224298279,0.196033937329313,0.018894292473975,31
"134","WAZIRABAD",41,"PUNJAB","GUJRANWALA",15.1735453039857,218.612748045701,0.431096008507803,0.615822523832321,12,0,9.06975345760674,1025299.34334373,105711.397116,8874374.46539909,0.0375146541617819,0.997655334114889,0.827667057444314,0.921453692848769,0.803738317757009,0.78408195429472,0.974358974358974,1.93698175787728,27.7549251379039,3.58291457286432,0.412459640247154,0.736639513024796,0.155688037893778,0.0556609803722803,33
"135","YAZMAN",17,"PUNJAB","BAHAWALPUR",0.644568755444179,114.645255015902,0.850406557973266,-0.460483657902685,0,0,183.926112048997,654666.722364201,71765.9157649999,370115.928475087,0.0907317073170732,0.823414634146341,0.388292682926829,0.839024390243902,0.581896551724138,0.585723815877252,0.8300395256917,2.04041916167665,27.9993328885924,3.40432801822323,0.222634647334457,0.895555346739335,0.26559962061121,0.0309757072881128,24
"136","ZAFARWAL",94,"PUNJAB","NAROWAL",15.9881398925781,272.221843003413,0.520590984984063,0.530713975429535,0,0,17.1779279279279,516431.275487114,58942.960615,8462151.55955902,0.0319829424307036,0.995735607675906,0.71002132196162,0.897435897435897,0.804878048780488,0.70280612244898,0.971223021582734,2.0995145631068,27.3469387755102,3.47549909255898,0.308944502375159,0.854130876151804,0.185569233134456,0.0316916554667365,18
