"","RMSE","R2","MAE"
"1",1.26488553648705,0.0219372498863517,0.238379911538348
"2",20.8911538039398,0.010057469692516,0.984281902355102
"3",30.2902941093209,0.010559981364753,1.38111410810511
"4",32.8470814959392,0.0103290244120076,1.48667086787233
"5",5.57415022402768,0.010011285497017,0.377535188560606
"6",1.02578772916501,0.0230054859111415,0.191105845237956
"7",31.2961944558349,0.0104580352478269,1.4205946333823
"8",16.8434943789415,0.0101815506602767,0.807041375454472
"9",1.0179471838762,0.00686641506620618,0.188446529231933
"10",1.04205193647888,0.113993976544695,0.197829376024695
"11",1.01524798245212,0.00691145349812751,0.191091263927015
"12",33.5673954781223,0.0102084187956986,1.50591609066264
"13",3.92985524495481,0.0351714360720631,0.468758726963263
"14",33.8201612996214,0.0101967550519595,1.52503082135485
"15",5.22986256915773,0.0100578012189343,0.373766521247851
"16",33.350739630806,0.010248541479347,1.50561028753263
"17",1.04281869638169,0.10354586662822,0.198389332337821
"18",11.9553791309004,0.0100450831945053,0.608195751183653
"19",30.4098404176416,0.0105803540062968,1.38786352961579
"20",1.00400381465183,0.035198516721709,0.191255920629023
"21",0.991391832236652,0.128796855446069,0.187482227135244
"22",1.01493263263579,0.00749705939799387,0.193391273286349
"23",1.04436656424068,0.0299215789857185,0.21704483552557
"24",1.01593270492423,0.0253901430972482,0.209761941354716
"25",5.5853657631289,0.0104777677494135,0.378479034532102
"26",28.2902808012451,0.0108395287760956,1.30730295788517
"27",1.01530665820959,0.0239282577035078,0.200442078556094
"28",2.8370014262136,0.00885886219769963,0.291456434165715
"29",1.00641742696757,0.0290525084885523,0.194722706806959
"30",32.3616891197638,0.0103164954716673,1.45984146093881
"31",4.1854348358415,0.0368230678967782,0.515300037228681
"32",31.9690603851759,0.010380629065942,1.44757954664439
"33",1.01589048849529,0.0210570106796132,0.191093473306827
"34",1.05006386381366,0.114030868643264,0.197429711542076
"35",1.01808361251355,0.042447959443318,0.186807870026702
"36",1.01534039207692,0.0231055164997512,0.192810960913901
"37",31.7572481636331,0.0103822184311969,1.43646078531033
"38",1.00931235632196,0.041398627693953,0.186678169420559
"39",27.9197262133221,0.0099684191537331,1.27988457607946
"40",1.01051399542479,0.0646090237865032,0.193377076984787
"41",4.80219645229272,0.0234643252636209,0.441226154143955
"42",4.69798103094043,0.0223973766482922,0.423198981731038
"43",2.50517109787339,0.0340488303697219,0.330511179994894
"44",1.56260491985143,0.0239034730081394,0.254352949531524
"45",17.3441448198288,0.0101347092806257,0.827214229122145
"46",1.01815200470786,0.0136857052556611,0.186170372704073
"47",34.2510047012162,0.0102135128911488,1.56224628736439
"48",4.93913773624158,0.0246221543314516,0.46126491253942
"49",1.01054965812084,0.0251220570231222,0.198172170066187
"50",2.1884428051506,0.0741933892958275,0.440176505370847
"51",1.02447986817745,0.0247182612207671,0.204306441334082
"52",1.01104773343767,0.0222570214007336,0.196467707972234
"53",1.01252845860974,0.0269670896882998,0.197957644180586
"54",3.08927239662909,0.0412958268045669,0.426817335270492
"55",1.11371602462435,0.0234344003450521,0.225802319421005
"56",1.00864422060186,0.0226956970346117,0.189774597598021
"57",1.0213583358813,0.0464824958221277,0.189965861083973
"58",3.08330480689447,0.0498520110306051,0.473583265241544
"59",6.73218598547627,0.0103268685241948,0.418992847714793
"60",1.01652277664721,0.035237720082458,0.193372125678804
"61",0.993843401953478,0.0482976434466209,0.202738364027667
"62",1.01698456841568,0.028014793003757,0.19118146090808
"63",1.00898888708233,0.0534156816633352,0.185412736621573
"64",33.4688727897939,0.0101195125401541,1.50478547153217
"65",0.999746966258398,0.0797869397005284,0.191252980722972
"66",18.8303126996626,0.0099870677518787,0.899649811070114
"67",1.01604571804428,0.0428675318401546,0.188274248622802
"68",1.00910898956409,0.018176535788743,0.20198369146174
"69",1.01742474129475,0.0190483260750651,0.191772342360446
"70",3.08658819761982,0.04104262399633,0.426143382538224
"71",1.01955068314657,0.0109928743052024,0.190564597800152
"72",4.7629658999365,0.0225978103659494,0.428588732000827
"73",1.00353050516292,0.0431245608543059,0.186456886543934
"74",1.01599709138391,0.0377412622123535,0.200104631141896
"75",1.02653446498744,0.0430945799489326,0.211405733494567
"76",33.4292375387394,0.0102236840850067,1.50660492977614
"77",1.01112003182876,0.0233830831699568,0.204389446006476
"78",6.47300193081979,0.020457372310988,0.513897639515042
"79",6.87822228658561,0.0181272634419583,0.502011108585464
"80",2.48808885801642,0.0262478843764899,0.306196242170913
"81",37.2003062322015,0.0101303414304919,1.66237826844
"82",30.2827654983981,0.0105532675232148,1.37861045944519
"83",1.01728358185388,0.0178117944715168,0.192350920875041
"84",4.90539456852314,0.02043945793244,0.416337998340921
"85",1.01654135213469,0.0413497485669125,0.192014638460248
"86",1.03507374427633,0.0408361082655088,0.214068241341708
"87",1.00210387992837,0.0525737042022694,0.186938055166135
"88",28.1730912371247,0.0109155800548893,1.30852758036199
"89",31.1431140250828,0.010437853806457,1.41106893929477
"90",1.0104872078134,0.0234446517104278,0.197907915853528
"91",31.0747114164256,0.010503314512172,1.41280540936005
"92",1.01498785925459,0.0223464872102288,0.201287316016297
"93",1.01740691865547,0.0242088999284492,0.189800221135992
"94",30.1649503510487,0.0105830989169603,1.37524723706176
"95",1.01751573004353,0.0141293448604836,0.1955338800244
"96",3.69446650960555,0.038421055734015,0.472144777816767
"97",2.77402446950501,0.0498039132267528,0.43010522603897
"98",1.07484749250575,0.0331916958520351,0.232172932711557
"99",1.00205982535668,0.0607683252418267,0.192742309642374
"100",8.26220256499773,0.00958626575471008,0.480844000935295
"101",6.9831753070984,0.0224771523512921,0.580193149152939
"102",1.0136947769921,0.0135981609125082,0.20901778885721
"103",22.6017421168276,0.0101370877523282,1.04882304755683
"104",29.8228097868209,0.0106377426585379,1.36521324305754
"105",1.01685093886402,0.0145599933106562,0.190131344727453
"106",1.01369941421176,0.0141272346453173,0.206246350616892
"107",1.01288865034428,0.0208177233409461,0.205804074277408
"108",1.01700762118764,0.0217620824031299,0.193896403289038
"109",1.01523029810952,0.0226681214765588,0.202633516838365
"110",25.9619345621874,0.0113289534314928,1.23467473650482
"111",1.01737499044928,0.0450037566340629,0.187875290958877
"112",32.1732082805822,0.0103342967364914,1.45448773740015
"113",3.20469731496078,0.00971423056830101,0.297745709118224
"114",1.0157555184961,0.0240619131365385,0.19130516134254
"115",1.01684103892593,0.0314304007926295,0.187884427309687
"116",1.11805531470938,0.0185997511800451,0.200172322729712
"117",1.0226480723762,0.00299744178470016,0.188779662320909
"118",29.2149131122472,0.0107519370828703,1.34648593728585
"119",26.6989359479912,0.0111654504284826,1.26109428300204
"120",1.015570710405,0.0244186827061765,0.199254589357107
"121",4.91942010201523,0.0212703035235726,0.424981008032785
"122",1.01617012228975,0.0360797679246557,0.204864431530365
"123",30.7139991190024,0.0104718847153386,1.39334456527288
"124",4.97299914320068,0.0292979964657401,0.523902095503844
"125",28.7130027865422,0.0107813226094385,1.32349465620985
"126",1.00036796646681,0.0355552997453019,0.195527282006778
"127",1.03609052504087,0.0506976413033636,0.192955907622511
"128",1.02226842569651,0.0246964772635476,0.189744771790247
"129",27.6255322288437,0.0110315361475683,1.29629233176761
"130",27.7874695326454,0.0109543062187177,1.29107112525968
"131",1.02681694133095,0.101910050217859,0.199237933078076
"132",32.8453459870065,0.0103323294197425,1.48740159359402
"133",1.01590056471603,0.0240371015600102,0.193151272774829
"134",1.01651820480806,0.0364834999523881,0.193060149368859
"135",32.7013892362976,0.0103177952270224,1.47831826956958
"136",1.01865340293327,0.000338603941181014,0.190268030712001
"137",1.01755029246237,0.0462877461335396,0.194473277306322
"138",2.57433017072038,0.0353333007377735,0.340224831209406
"139",1.00578269931163,0.0244504473049614,0.196827827480913
"140",13.4242518829665,0.0100166212138216,0.666416149508804
"141",1.05920051072264,0.0245391328447759,0.218413002568518
"142",4.64023469796912,0.0276751464962462,0.476816266145516
"143",4.69036191618834,0.0189892920459701,0.392400252930128
"144",29.517908236681,0.0106950442725726,1.35242637543827
"145",5.80859318436716,0.0232463736529453,0.505979160140263
"146",1.00034922421365,0.0391589391283336,0.200051995300319
"147",1.01421051491531,0.0136522651903225,0.195695081456565
"148",4.88984875751898,0.0299700986469977,0.517310446909476
"149",34.7763386530637,0.010186761898224,1.55721255808804
"150",31.2374530199766,0.0101171693458792,1.4102092542148
"151",1.0164987413735,0.0304528804649229,0.189346140352369
"152",31.5490144095541,0.0103769445881628,1.42593843150298
"153",34.3324550487074,0.010134580723119,1.54118223907147
"154",1.01572646159285,0.0230655065355785,0.191338205989991
"155",26.5415205503069,0.0112273416274455,1.25409493291247
"156",30.3612018964385,0.0105240724055367,1.38247842991395
"157",27.9544292185058,0.0109360960316538,1.30036869532089
"158",12.1507435850828,0.00998886087125157,0.614816860455329
"159",0.997818303702084,0.0510006008986899,0.199709638195656
"160",1.00365147862185,0.0534758529205533,0.194201884493619
"161",1.22625369014428,0.0274999957269801,0.228505944786787
"162",1.15010822820909,0.0229333344320484,0.226134599014249
"163",1.01657987906045,0.0559662729727835,0.192433542629537
"164",31.9719207986948,0.0103822614321144,1.44646858643915
"165",3.21932880314486,0.0102020854812368,0.294740920474884
"166",1.01680311779358,0.0446766319754032,0.192075700716077
"167",1.00436860639316,0.0332325973310366,0.199981328613781
"168",29.3340325641965,0.0107125430488543,1.34781794750549
"169",22.3217990042288,0.0100832284861217,1.03795169693039
"170",2.74237864267753,0.0508741699841844,0.431908917287255
"171",35.2869691545618,0.0100934955786537,1.58779165655384
"172",1.01297129523653,0.0328291513331734,0.204401840726917
"173",2.87060549285269,0.0465873718160697,0.429626619625196
"174",9.18125150341404,0.0101892428433749,0.508324951692626
"175",2.82344658023458,0.0575172297849315,0.475068226254568
"176",27.3639808502876,0.0100803257051646,1.24634017983177
"177",1.01578947342615,0.0324759542860623,0.197738115717724
"178",5.20744789148084,0.0198661963905235,0.428311589899579
"179",1.00866291320376,0.0238255187805874,0.192329986368682
"180",1.01508343057824,0.0362576416556767,0.197328764296536
"181",1.01704617615739,0.0673041451498652,0.211546362823432
"182",30.9893600623973,0.0105333969097303,1.41200503908613
"183",1.01531891340932,0.0248294951989564,0.199932450773863
"184",30.6380748088431,0.0105147738473128,1.39241612684298
"185",1.01670175423123,0.0827082967295043,0.192785764159661
"186",30.5410363657919,0.0105431527377856,1.39006627355793
"187",28.036123951736,0.0109332417587996,1.30118097179318
"188",1.01490298162013,0.0208137255661887,0.206528490632759
"189",27.2032191189559,0.0110356543345928,1.27078941743894
"190",0.990833640817406,0.0759749651129021,0.190129037606376
"191",1.01123565792947,0.026168965266026,0.212997023316668
"192",29.6426441353605,0.0106506800571153,1.35639673000017
"193",4.73472880352061,0.0310651390333256,0.520214599351351
"194",1.01337636094395,0.00983181609159588,0.193779726914742
"195",1.29965850476876,0.0277570136027067,0.250508598097256
"196",30.7400449775046,0.0105372726718466,1.40084212243531
"197",1.0091454247045,0.0306600847929591,0.190105650702886
"198",1.01780064880538,0.01234543816776,0.192225354931315
"199",4.86378609666208,0.0301684856372168,0.514154216127748
"200",28.7047714328584,0.0108464166610627,1.32853056190773
"201",1.01416244876487,0.0138954744506467,0.202471497795937
"202",1.0109369131048,0.028386796229054,0.186515929118021
"203",1.00023423622559,0.0375810168790564,0.198504115799554
"204",1.00518047441089,0.0368527532445071,0.216924072864781
"205",1.50518547968135,0.0286854959261384,0.254269156562566
"206",30.1175229871801,0.0106093591848228,1.37477848526288
"207",1.00620418670224,0.0367706189644048,0.195460546055518
"208",1.00146822803223,0.033405949263497,0.199778950758603
"209",1.00634756696069,0.0375157403474556,0.188752985437502
"210",31.1505701920404,0.0104190155744256,1.40997901146214
"211",30.7919677343895,0.0104727995849622,1.39625651299081
"212",1.00091783330871,0.0351056343145429,0.197442569469185
"213",0.999931171396398,0.037959715547301,0.20625119846836
"214",1.01852481899781,0.000170894845253417,0.194773526323437
"215",29.5651565146203,0.0107162873720848,1.35788185619685
"216",31.5245903407104,0.0104027254625443,1.42662298688709
"217",1.01787594863036,0.0322186985087293,0.188276474111826
"218",2.60000323362685,0.0549274112335443,0.424961763708189
"219",1.01740998584048,0.0103005968920628,0.194962775694808
"220",1.03512111721862,0.019164121142162,0.205552266357822
"221",1.01739301585443,0.0265475019688223,0.189701867809625
"222",5.00242499180982,0.0314999348345602,0.545495736545366
"223",33.0979275880087,0.0103004892264763,1.49333766243983
"224",30.1141123564735,0.0106356010643988,1.3812248498672
"225",30.796542753665,0.0104753161356734,1.3970110207576
"226",1.02410053942222,0.00232685502445019,0.19157578964027
"227",31.3741694465768,0.0104865772517633,1.42424605903532
"228",16.433283380273,0.0101008844157612,0.793085184571605
"229",1.02661348751507,0.0268205152445173,0.213263449761011
"230",1.01501544435684,0.00699183958052354,0.206569792380446
"231",1.00368076032888,0.0671232036391931,0.186982451642274
"232",3.12445205217784,0.0495177066112266,0.475863504324882
"233",4.6837024183538,0.0212590257437564,0.412534059571445
"234",32.3264902725099,0.0103762057076081,1.46340240005316
"235",28.8965630974842,0.0107855666739824,1.33156425789876
"236",1.0180285587119,0.0185703189475322,0.189706417826939
"237",1.0613667851362,0.0248046693779234,0.208475514415717
"238",1.01016724352276,0.0236728498858124,0.18932270023715
"239",5.00527903872369,0.020078659792409,0.419265759543313
"240",1.07045964936275,0.0218596509744335,0.210915663771277
"241",28.9029826880894,0.0108106567033299,1.33388617540818
"242",1.01637067843113,0.036347273122293,0.192177472799579
"243",1.0001452810403,0.0395651417678369,0.206802007430388
"244",1.01767488186906,0.0325285369678558,0.188208838688828
"245",1.01551892256409,0.022070745021147,0.198706762787437
"246",1.02199053837897,0.000638389520860779,0.192163427113261
"247",1.01708645207395,0.00233350866378657,0.193181248226391
"248",1.05022182143311,0.0966964571787236,0.201554624145383
"249",33.0381527154303,0.0103060876415366,1.49356357652893
"250",0.997426594212796,0.0427758535393488,0.195682289548897
"251",28.2099855328112,0.0109053091304578,1.30727177680449
"252",30.8016602439674,0.0105533163247781,1.41078268426331
"253",1.01646421939749,0.0333024397552813,0.193844290235941
"254",0.997370030191887,0.0728567303094175,0.187846705733063
"255",30.0031649928262,0.010663620449413,1.3735190819063
"256",32.5712547245461,0.0103258213086929,1.47308949662668
"257",3.38228257177055,0.0101268514088286,0.301233604231612
"258",1.02346049292839,0.00571852301952937,0.18937069427189
"259",30.9129845490926,0.0105114651591441,1.40568371484302
"260",4.90407369483023,0.0212494784741386,0.424551403932973
"261",31.3375087003472,0.0104771093595299,1.42056328294461
"262",29.4806177380343,0.0107060159698484,1.35191623900843
"263",0.998318501894786,0.0967382558131742,0.190217239264445
"264",1.05810310234063,0.0238451286918198,0.213861818617858
"265",28.5456362358803,0.0108364510514002,1.31879458086221
"266",1.01800377388632,0.00247229753881337,0.198828555636268
"267",20.8862586908442,0.0101035215408794,0.978408297868912
"268",28.7717203251786,0.0108315341443558,1.32783172720538
"269",1.00841830559477,0.023631036554305,0.191112532352091
"270",1.00910351515912,0.0227849259951026,0.187868314190853
"271",1.01805756601202,0.00125928693318155,0.196630625566631
"272",5.00635652232971,0.0209930945189763,0.428277876809438
"273",28.1494860415713,0.0109272811123209,1.30613144661413
"274",1.02464649873262,0.00906068664936422,0.18666177145704
"275",1.00239938719074,0.0310045356670236,0.200885540838692
"276",1.0160121987057,0.0235427358110856,0.190116401723136
"277",28.1959586784456,0.0101592778389438,1.28565119203753
"278",31.447158948148,0.0105276659893083,1.44628135998941
"279",1.01205622883878,0.0200893701626285,0.187484698148887
"280",31.2285110179838,0.0104364721564632,1.41538689386071
"281",32.2258112738386,0.0103551806712677,1.45735966713786
"282",2.96699458194156,0.00876554454303507,0.295590255100715
"283",1.01768606619124,0.0152913083036137,0.185742952330389
"284",1.01365605328703,0.0145905660921751,0.207301857620959
"285",6.4576769040762,0.0207378945455821,0.515265083863913
"286",4.7952551763426,0.0242359158961243,0.447845626201546
"287",5.01848232696991,0.0195637185531725,0.418349529297881
"288",1.01003453065201,0.0468839326713972,0.190445672905188
"289",1.02818759901158,0.0206380527572011,0.193142310127709
"290",1.01422836088914,0.0136158638665043,0.201336447069799
"291",31.8629897573212,0.010347932789789,1.43761800209949
"292",5.00264816598875,0.0188288288696056,0.408840295768329
"293",4.86700877797835,0.0235142792523934,0.445589332017845
"294",1.01525337167558,0.0226274509901144,0.195286369590162
"295",1.6920372031987,0.010262267920176,0.232944656875892
"296",26.9281926958147,0.0111167350341862,1.26478767272201
"297",29.4375933100681,0.01073553955042,1.35607376979256
"298",32.4099953534233,0.0103293541805493,1.4666183841686
"299",1.01530291082147,0.022120504282671,0.200284171995073
"300",1.06996078854865,0.0244634928220245,0.212113088185269
"301",27.1631929510652,0.0110966041609366,1.27261774622262
"302",31.7199079879296,0.0103972942884634,1.43660041138299
"303",28.6195963329635,0.0108210513255693,1.31971447313308
"304",1.05189573138261,0.0261936273911288,0.206137831639727
"305",6.25945897442808,0.0199897328548483,0.495794887909858
"306",1.01635469966592,0.0518167354190146,0.195768893299781
"307",32.8023822783399,0.0103034784168676,1.48438876731215
"308",1.01698960061049,0.0139445288492723,0.19535687099714
"309",1.02187231406301,0.0441638788876226,0.195335576546145
"310",1.02742100893817,0.0266220212452519,0.212586190077673
"311",30.9401568802597,0.0105442313834326,1.41140443977961
"312",30.7660298660661,0.0105681955230683,1.40371964165593
"313",1.01632591412234,0.0236227691864553,0.190788863521355
"314",1.00889268953253,0.0243412285011539,0.202350112374855
"315",14.5402492959386,0.0101431097414072,0.711263790825888
"316",1.0177831340805,0.0266051531250676,0.186844724142621
"317",10.5985386076629,0.00957941865140246,0.590260309652001
"318",1.01537777980245,0.0237674895527584,0.208059793389998
"319",29.0130559235781,0.0106995025429092,1.33127891651657
"320",3.99585303871268,0.0343561653250276,0.477787439430905
"321",1.00763491267805,0.024846390190711,0.197313586405943
"322",6.35303991616401,0.0193928468684266,0.493665419931345
"323",1.00594374904395,0.0327430966701152,0.190979122011872
"324",2.80390917174271,0.0493845006591895,0.437654452539416
"325",29.3899348493264,0.0107063275017107,1.35002926957879
"326",30.7129033877327,0.0105203836443829,1.39800536895977
"327",1.01721240555642,0.0213282799440682,0.19116861567453
"328",32.2620074175475,0.0103613041979613,1.46083109542053
"329",1.02657042772894,0.0715048786647771,0.191162896414767
"330",1.01573327561328,0.0243120112863868,0.192727040759122
"331",1.01338655431947,0.0249896621900282,0.188798199175329
"332",4.84548516003088,0.0101574664310444,0.359394420852848
"333",1.01578376014167,0.0272446717356775,0.19183889828457
"334",4.70994851691536,0.0235487003995942,0.433451590282854
"335",31.6687779125084,0.0103896473734128,1.4345589358011
"336",1.01006280390336,0.0345224282574019,0.188959309206056
"337",27.7451121902551,0.0109644857084973,1.2913157446607
"338",30.3528597259403,0.0106095712388904,1.38777078235542
"339",30.8524090645546,0.0104662751571547,1.39998337986474
"340",1.19630479107447,0.0239840442474547,0.228752954265354
"341",1.01782896185661,0.00209166815695343,0.184190499845196
"342",1.022829833405,0.00182083526013764,0.19379940530366
"343",31.9218989809651,0.01041921235328,1.44648996180467
"344",4.81398974100659,0.022391341572717,0.431211590862789
"345",32.7191923139314,0.0103066752343552,1.47496986248448
"346",20.9402857038337,0.0100210436458703,0.983350927204394
"347",3.33648893366512,0.00969673459096911,0.297197497268725
"348",32.1508192817125,0.0103399825134528,1.45317761588822
"349",31.3644451902523,0.0104522837763781,1.42120953433969
"350",1.01428674293545,0.00840584956084177,0.192223290061908
"351",4.79084950040523,0.0256112496429701,0.459218082881686
"352",30.6699142099378,0.0101265300016323,1.39180675585206
"353",6.77374124454869,0.0178871257358726,0.493912393808077
"354",1.01675196351351,0.0595648583014078,0.193723258435441
"355",7.87838795981387,0.0197854814613546,0.588503262827666
"356",3.62975560897658,0.0273488949619651,0.387004355739317
"357",31.2942989377305,0.0104847035373114,1.42659356144267
"358",1.01589534913552,0.00977699738695992,0.205868161587109
"359",1.05862386009597,0.0246262403075723,0.219059717815015
"360",1.4771922293957,0.00854733580288576,0.233331861840756
"361",20.920318454904,0.010146398311721,0.984351869944329
"362",1.01621090348287,0.0332471043972846,0.197263987625688
"363",29.2203986655671,0.0101435063907388,1.32619004310142
"364",10.0861862126784,0.0103077709772905,0.541016540192955
"365",1.01653009506224,0.0152619945680332,0.192445783488246
"366",29.9995886646027,0.010640886298729,1.37151352837999
"367",1.01758790019005,0.0219459093957674,0.191419625032136
"368",1.01528464183426,0.0281995702117599,0.204563570668219
"369",4.1181245603428,0.0325264634138931,0.466026315430863
"370",1.04092512696931,0.0956038843470897,0.201260722660204
"371",1.51649223988571,0.00802643599103418,0.232396835021904
"372",1.0074713507887,0.0221321032214322,0.202556978782364
"373",31.5580268120566,0.0103783505172507,1.42775882341759
"374",22.7507643251821,0.0101505988570059,1.05354831093587
"375",1.0173509805802,0.016899109700531,0.201175236172248
"376",4.48644723206349,0.0335608283921014,0.510802489389268
"377",1.00882659122482,0.0266026827372423,0.204710614764455
"378",1.01799726397836,0.00182664939748704,0.195616479029059
"379",30.133744524317,0.0106454255927687,1.37772670289945
"380",3.5854029701117,0.0278623105223416,0.386923946249701
"381",30.8492773163652,0.0104314710386695,1.39742013872255
"382",1.01541338516679,0.0249938402773845,0.203403784531445
"383",1.01851665629832,3.95729486429056e-09,0.188782151694195
"384",1.06972854187739,0.0219524635019703,0.210504991635658
"385",28.7621119542621,0.0108292782355917,1.33097962245917
"386",28.1897001297929,0.010914230785614,1.30717030391522
"387",3.71687288868428,0.037943024624995,0.474097233971924
"388",1.01364798897162,0.0254790737738069,0.193204920265119
"389",31.2043163020804,0.0104340242924501,1.41487001753001
"390",30.687010538762,0.0105152897788971,1.394371254423
"391",1.01539602369843,0.0258019967896539,0.212238943700429
"392",1.01624699479229,0.0368087462458473,0.196549418245768
"393",26.5484586165244,0.0111825665993963,1.25203808548345
"394",1.01906974516013,0.0241274933025482,0.214964890528839
"395",2.10845702256308,0.00791793828673789,0.264883635337064
"396",4.73408982275568,0.0221573436646861,0.422279593620976
"397",4.72845988748971,0.0230276371376362,0.430245535791201
"398",4.0739386283254,0.0332972786965541,0.471206181166254
"399",1.02681677444785,0.105216312636074,0.193202645993761
"400",2.97236101180453,0.0584612648162735,0.503675113416767
"401",1.01507699130447,0.02281154789736,0.203405415557563
"402",1.01770892086831,0.0239739893931985,0.186560976769123
"403",1.01804186064066,0.00932455063443674,0.187988764044143
"404",1.01604527944662,0.0413174843662254,0.20988343369113
"405",1.03612240542894,0.0502347536485218,0.193431521861313
"406",1.13403308565183,0.00713027007726125,0.206751706734855
"407",1.01498397294189,0.0293024865185195,0.190677968040314
"408",4.98636272753493,0.0183132466897539,0.408925752855584
"409",4.42335032300288,0.0101892457689136,0.342409975448114
"410",1.01634473706065,0.0418421011476791,0.192891737113124
"411",33.6145618948041,0.0102352676783127,1.5209224416786
"412",6.1087228666435,0.0100888736226197,0.39779455456371
"413",1.0353927512355,0.0983611393283014,0.196707583160639
"414",4.69773812965002,0.0195565151522038,0.395956192100034
"415",1.09704905998323,0.0377955581272666,0.214768771053069
"416",1.03918383860718,0.072453788537744,0.191514621099581
"417",31.3008664407439,0.0104402375962915,1.41978211159826
"418",1.0557617205031,0.0280852684935572,0.209086221499707
"419",1.09921066910873,0.0385866513199328,0.217198896342408
"420",1.01165141983174,0.0278848132105016,0.218672758179255
"421",1.01891053784375,0.00112974366811466,0.187819986010637
"422",1.01522277825457,0.0241969313686881,0.209427665762458
"423",1.02872321711774,0.0175172494440574,0.185396967296539
"424",30.8688371921722,0.0105418010383398,1.40603284780377
"425",1.0227767638879,0.0273010941022023,0.208320599299818
"426",3.83302177986033,0.0102043834641604,0.315519011742007
"427",1.01488372437968,0.0268334957409211,0.193914217204352
"428",3.58430780389823,0.0299469232421765,0.403150653108153
"429",1.01570309504142,0.0246970380579177,0.192948790162957
"430",1.01887945807691,0.00242691698864255,0.188073683434996
"431",1.01734354373737,0.0382842322171782,0.188612938856915
"432",26.2291789025157,0.0112615189263559,1.24277006778959
"433",1.01707491567586,0.0182755272978495,0.188526414949168
"434",1.01832240044218,0.000395328426794316,0.195560858795768
"435",28.4330351558554,0.0100818043695634,1.29704202345236
"436",32.1288653289491,0.0103677867946993,1.45315969966043
"437",1.10005571242849,0.0224616126082994,0.217067934643304
"438",1.00065380348822,0.0704650334643444,0.19373809555778
"439",30.8257575816345,0.0105580464358291,1.40799132433802
"440",4.72761070454643,0.021374357967294,0.41370193065919
"441",1.01572379141283,0.0313031782564929,0.192170366476948
"442",1.01282117783504,0.0257982214343186,0.185101499916731
"443",21.618827407765,0.00997954141483313,1.01151801636731
"444",1.01305564641126,0.0322924350271905,0.202930217001915
"445",1.01236387023384,0.0229972598379672,0.191893303360202
"446",1.01547775857443,0.0220565064443307,0.196245955859315
"447",24.3831289163419,0.0100779026622032,1.1309374352006
"448",2.68212353709128,0.052644231505647,0.433706497263143
"449",1.10156195155315,0.0546920270403242,0.225034802599595
"450",20.2071606654599,0.0101431090347849,0.949271529028186
"451",25.6844157904346,0.0113490544237844,1.22405820969521
"452",30.4284085299218,0.0105401731552399,1.38447238050362
"453",1.01419267623358,0.0136700510657538,0.195707435761221
"454",1.02038343003137,0.0616548778343784,0.188402774837037
"455",4.77736860588019,0.0234342482366601,0.438120126754901
"456",1.00905946725754,0.0243890697077489,0.193979507102532
"457",30.7839551299229,0.010549522797327,1.40245717552976
"458",32.1509417661928,0.0104278694053158,1.45559311784535
"459",12.8002548178534,0.00965619419171726,0.662291408158698
"460",5.11291827951174,0.0239121863436911,0.465780042190617
"461",31.0369060263838,0.0104579809532482,1.40605067547889
"462",1.01457380838548,0.0246693511424152,0.204108045944188
"463",3.24333194007094,0.00940493684211595,0.299612252466211
"464",4.98510640212363,0.0219299461385447,0.438039537747246
"465",30.3150792639973,0.0100925206080078,1.3724267835092
"466",13.3630323605872,0.00988596682121629,0.675222966063753
"467",0.993360370290222,0.0994837904685374,0.187012173715369
"468",5.14940452197694,0.0211803743774594,0.438005975937191
"469",27.8958500050688,0.0109288174297618,1.29509309771475
"470",23.3144382601519,0.0101657506411364,1.07826774380624
"471",2.71754864796543,0.0507077435467589,0.428691566992016
"472",1.01596286396893,0.0260315617062942,0.193195845173612
"473",1.01876603142471,0.00282344658099182,0.185950604345491
"474",30.7418125775,0.0105341183049757,1.39803938356894
"475",1.00210893280956,0.0589423734436435,0.185352466262008
"476",29.5610739129681,0.00998962768193808,1.35589805447182
"477",29.5382222645293,0.0107104358280023,1.36065214239924
"478",1.01308498518672,0.0501989413966354,0.200776047679464
"479",29.3994681935818,0.0102693622860742,1.33425997477467
"480",30.1669720407142,0.0105645782605301,1.37506255976492
"481",1.01904855059272,0.0106992472251422,0.194537248001438
"482",1.01575583669403,0.032600174229991,0.202653139773002
"483",29.3764054430755,0.0100268366604934,1.34381900028244
"484",32.2547535598207,0.010339615185402,1.46165865954819
"485",1.01522119136017,0.0249661463878022,0.204874674484258
"486",1.01807086880766,0.00222033990643218,0.18959571917944
"487",0.997647357902106,0.0405063301710713,0.19849635962859
"488",1.01681282323439,0.0553938688662589,0.191547084359381
"489",8.5056087079079,0.00995754341423693,0.480796529523003
"490",1.00643342333946,0.025164017370147,0.200149520802635
"491",1.01744931170126,0.0313119025870429,0.186140643826369
"492",1.01377976243798,0.0145905775814817,0.202470716202903
"493",1.0150219708859,0.0115599495080185,0.187170354186895
"494",6.75741627784456,0.0190103821712983,0.509298186302317
"495",4.24150075282995,0.0313899473524423,0.467327094591017
"496",4.82863038808365,0.019137547940874,0.402034940425092
"497",1.01897493702104,0.00555869738973371,0.189680780206673
"498",6.24353846277199,0.0178931872929364,0.464519908657131
"499",1.03178265193294,0.0400279682397223,0.186989536159532
"500",1.0251502090256,0.00534704966223101,0.18545758064873
"501",1.01526833202088,0.0238976642188651,0.199217541341558
"502",1.03703294283677,0.0407933473549415,0.190816949563479
"503",1.01563675510182,0.0253761250798455,0.192638918301153
"504",18.2362000225242,0.0100772074834714,0.868552272977925
"505",31.710244175688,0.0104166803924469,1.44111326874122
"506",5.29167343154734,0.0213895333930208,0.452037870108958
"507",4.25082208518808,0.0308243666709752,0.471014399767212
"508",30.933902606095,0.0104649890904373,1.40128343010592
"509",2.29467435046216,0.0700703371306554,0.438674209360947
"510",1.01615359767371,0.0276751519057231,0.19685884037889
"511",28.9526273586325,0.0107992875219614,1.33608284896116
"512",5.01017744756126,0.0230311326621443,0.451996835830221
"513",1.01665236010529,0.0198231422669342,0.194652530405703
"514",32.8894848387576,0.0103340167406048,1.48513452260223
"515",4.97838601476522,0.00984662290087676,0.363334631785551
"516",5.07097366362174,0.0196156711514852,0.419440074345887
"517",4.80647779279466,0.0198408624138187,0.404886921964401
"518",3.50383049012352,0.0412536946287953,0.473329613582437
"519",1.01692164047261,0.0212009756749796,0.189212928724268
"520",1.01904141829869,0.00416700477185562,0.189578666790698
"521",4.70018428475847,0.0250052721348572,0.446909628586516
"522",1.01726888607031,0.0235484051697344,0.191051957680141
"523",31.5465536194985,0.0104363831084887,1.43038855808372
"524",27.9356008856366,0.0109539596851868,1.29924896657689
"525",1.00622545559531,0.0449754804720111,0.188007426586117
"526",1.01743378664901,0.0111563821024768,0.189883038376052
"527",2.87537394383533,0.0458749277329601,0.428262261603202
"528",31.937492916635,0.0103921724586883,1.44659940216466
"529",30.598999936446,0.0104963275613233,1.39089727337639
"530",1.01555481651789,0.0242191304956398,0.196703080743222
"531",1.01405635238334,0.0142222651720765,0.194927160677752
"532",1.01194652794775,0.0156558358310483,0.190417512082721
"533",2.77317755351267,0.0497782336189257,0.431294893232778
"534",31.0553677411667,0.0105088130071962,1.41233033659208
"535",5.04628412101462,0.0101929369069607,0.360821422790457
"536",28.1582455296269,0.0101213292099952,1.28547626076431
"537",5.26883412050838,0.0201808186987342,0.436687889813386
"538",4.91435203145234,0.00964060214574603,0.360036026958975
"539",32.8396062226839,0.0103290918443175,1.48731629855429
"540",7.11320933821489,0.00970906761319642,0.443625718028567
"541",32.8338132912379,0.010311276934725,1.47935120103743
"542",1.01791764870862,0.00810880994676648,0.190983369667413
"543",4.08601568256214,0.0329686648087241,0.469177681363831
"544",29.2006632554741,0.0107340263724871,1.34273825957728
"545",4.80263231111368,0.0210093628554674,0.417311660029897
"546",31.4038962001058,0.0101220418969884,1.42061312040102
"547",32.1463625401194,0.0103955039190018,1.4535368032686
"548",3.3298771197335,0.0450640987047462,0.475000634059438
"549",4.09251698729671,0.0327828606503761,0.471800029444355
"550",1.0151599329513,0.0267626857118159,0.202384488009056
"551",4.09338605947237,0.0100888709748637,0.32418265609615
"552",2.21721464539291,0.0746824467248046,0.442208715053952
"553",4.74293141046968,0.0230685357171262,0.430494681128782
"554",1.01136265717191,0.0403737554581911,0.18784841052512
"555",1.01139545635418,0.0816521553983242,0.186384341862516
"556",4.88553539090317,0.0220769419542093,0.430903133654857
"557",0.999889099268187,0.0506018576146373,0.205350980171899
"558",1.01760645977365,0.0187923302838837,0.188931355216494
"559",4.80832343689425,0.0243788421263073,0.449493920604273
"560",0.999847395541305,0.0396369564633066,0.212005346231154
"561",1.01647570636048,0.0234162562984304,0.201998728586952
"562",4.93853149562388,0.0210403054649504,0.424559572352378
"563",5.45414671105111,0.0192962883146319,0.436106028462416
"564",1.92233423361596,0.0106349972062285,0.247467225814086
"565",32.634812557254,0.0103424402629046,1.47427992639564
"566",13.2209306536872,0.00993704128770088,0.665497736903841
"567",27.8649143612508,0.0109705085147718,1.29815283299022
"568",1.09063899079137,0.0179097798040241,0.203621546793617
"569",27.0335624337211,0.0111039903147967,1.26793000642024
"570",1.01611107131101,0.0366140621424561,0.19102674982127
"571",21.3703001046285,0.00998560702610343,1.00163572766235
"572",1.01921464122315,0.0237580945275298,0.207871786012476
"573",1.01533855193577,0.0226409732771455,0.215274185556462
"574",1.01582367718954,0.0226595408473741,0.194287387707008
"575",25.0849007026405,0.0114915168282073,1.20311072863816
"576",32.0221507130178,0.0103268887964818,1.44493413374301
"577",1.01571363762363,0.0251292218638469,0.193105866214929
"578",1.01749162326637,0.0243046618205317,0.191327776932405
"579",29.1433868350358,0.0107472820748246,1.33976167103046
"580",1.01734499786193,0.0153581043259261,0.195681084341699
"581",4.93570595546242,0.0212344031577062,0.425597823129928
"582",1.02253111727609,0.0443237810932662,0.189409367808081
"583",4.0387637913122,0.00922611701684912,0.334770126519411
"584",2.5527402524505,0.0681376170475257,0.482283916717192
"585",1.01004907178111,0.0238989603405499,0.203554183663683
"586",1.01713927465449,0.0110450553003244,0.193778623949677
"587",30.1294026168929,0.0106252826520785,1.37634478898666
"588",15.9036649096022,0.00996480227290705,0.777001375756432
"589",1.01660812545946,0.0360750907440193,0.19042931520432
"590",4.0887443607559,0.0100289045037794,0.324218679898072
"591",1.01653275832429,0.0372266004316878,0.19224199712172
"592",27.6696097651366,0.0109525129494797,1.28762037252113
"593",1.01363035060323,0.0145992147404745,0.206879014295261
"594",1.01670970856371,0.0260803436081434,0.188105733829932
"595",4.74613327988041,0.0222329461591417,0.424470475452986
"596",1.00946612678059,0.0251628053279097,0.199816061305497
"597",27.9127691788141,0.0109118123305094,1.29673308962776
"598",1.0937297080784,0.0255393112809958,0.216280009732414
"599",4.83571198011384,0.0233962471794462,0.440478727549949
"600",1.00283962548821,0.0709853172264552,0.19083151315726
"601",1.01786774253886,0.033038127471911,0.186890294194499
"602",1.96284092110728,0.0688224107262445,0.38372227784608
"603",29.7498862863469,0.0107147283122837,1.36627786875188
"604",9.20955739161353,0.00970028726391542,0.529668686980749
"605",1.03951781317584,0.091030355443329,0.194379475124085
"606",1.01601588111235,0.0400562322329636,0.195062163997358
"607",6.18404748775802,0.0202685196312228,0.493979821370476
"608",1.04583572012583,0.0277446463413525,0.210092563489803
"609",2.4110997117597,0.0628729361240975,0.434921240445106
"610",3.96512209866956,0.00999679142349372,0.326337644683464
"611",17.372109227608,0.0100186946723996,0.833299481938355
"612",0.994540193024859,0.150162513433975,0.186082518458401
"613",1.01529933370196,0.0229310521339921,0.201294538055085
"614",29.0225693032071,0.0101246172511251,1.31778892844255
"615",1.00258704037718,0.0360100175450469,0.192894975341264
"616",5.34504617514037,0.0098585197840684,0.37255241266347
"617",28.0777876228697,0.0109385019765147,1.30690938917788
"618",1.0158167661575,0.033247131609018,0.194463037940065
"619",1.02960715361013,0.0451363324393638,0.194480241769733
"620",1.01604682632621,0.0334735305551461,0.200692010197305
"621",1.01662530178558,0.0553166759424827,0.193938789866683
"622",5.02321522552249,0.0199099057879374,0.418162366986564
"623",1.0178013181699,0.0422880067121213,0.186438082316821
"624",1.01532605305198,0.0585183010431699,0.204589975636563
"625",2.40568179228349,0.0297186559175671,0.307004683999459
"626",29.7603584554093,0.0106852390724196,1.36495545343746
"627",1.01753470295296,0.00689045820585252,0.187526539977478
"628",1.01842654524499,0.000315971205140821,0.189035040124942
"629",1.01077011934572,0.0399076047452248,0.203517888177835
"630",1.01530654618487,0.0229912980497758,0.200621805988511
"631",1.01540610994831,0.0263588043246505,0.213208975281907
"632",5.63489451420385,0.0189533276566,0.443443673498702
"633",1.04129795547504,0.072402531815371,0.195751836771042
"634",31.5430011454379,0.0104197542137788,1.43002402632208
"635",26.1035660505974,0.0102497550753919,1.19390421843555
"636",1.00503179068784,0.0454135390451772,0.190396091188208
"637",1.30926820830841,0.0115218911788031,0.213453761453388
"638",2.71649072981416,0.0094480581175442,0.281731896110753
"639",1.01586735792902,0.0242079517675725,0.196381039652709
"640",12.1737810599024,0.00986466314118243,0.62823668782995
"641",1.01676931532273,0.0445923363993786,0.193446382863137
"642",1.01448774577042,0.0242075487301296,0.210223435367341
"643",0.981397732302049,0.0870225771532307,0.206920129646607
"644",1.04072271941438,0.0901492691429741,0.199154560745359
"645",1.01774767167634,0.0292417888894869,0.188345956734025
"646",0.976755946289203,0.0807034851204248,0.206592588757272
"647",28.2874169289686,0.0108860049016827,1.31168015621606
"648",30.5747861731582,0.0104701582704179,1.38725746664829
"649",1.02955277182292,0.0288449169217913,0.18955519769847
"650",1.02093399869178,0.000389348387267052,0.189490030345228
"651",1.01630890121033,0.0395433670260068,0.19508370947075
"652",1.01590880358106,0.0391948015395984,0.207948032933586
"653",1.01621530467467,0.0437071628369692,0.19598702838681
"654",4.23674482795478,0.00956850935222973,0.334337978214673
"655",1.0123968463708,0.0201491611439634,0.201033549249488
"656",1.01775123699052,0.00738600583306455,0.203081649619752
"657",31.4833090891557,0.0101803541073368,1.41990823303529
"658",29.8278703826149,0.0106447479380574,1.36431685732856
"659",1.01617191352467,0.0360087474010637,0.205060657097466
"660",1.03496571416995,0.0329189277319996,0.205062698646621
"661",31.8914186429355,0.0103603161946588,1.4409929679686
"662",29.1448731399678,0.0107412412377872,1.34057027782902
"663",4.7406608715955,0.0211427644369849,0.413834254014132
"664",1.05299103561028,0.0263346015127261,0.215222657168839
"665",4.82116142337413,0.0206512781582079,0.414065246725393
"666",3.80762421036049,0.00939592644071254,0.323731264905601
"667",1.01633401828681,0.0227716222939093,0.201657944206512
"668",30.6898036111134,0.0104999067595726,1.39312050196467
"669",1.01831187510076,0.00033511390197819,0.190382507514863
"670",3.28286203998626,0.0462311113172332,0.479748637879046
"671",1.01466546567906,0.018591623034149,0.191869683570308
"672",10.9249193025163,0.0102887489495683,0.566546212429088
"673",21.643288702231,0.0101876842704721,1.00699807386924
"674",4.79363315013262,0.0230365437393219,0.434352436992437
"675",1.01154792786445,0.0238470299271125,0.200868222727949
"676",1.01740751637811,0.00540926934027062,0.197899690335332
"677",4.92000155950146,0.022997688856021,0.444767417206422
"678",1.01310378799622,0.0423021456295431,0.194359685213113
"679",29.213982719618,0.0101468036319865,1.32831376985243
"680",5.14583687016669,0.0204956217036816,0.433616024790183
"681",29.8349062459615,0.0106421589160324,1.36612163456501
"682",1.00615866897517,0.024672886540685,0.198328907113503
"683",1.01636443431075,0.0480164069072163,0.195160071923784
"684",5.23645044499642,0.0196454945141466,0.429344004564772
"685",1.01537557402235,0.027844423307631,0.199101573253602
"686",4.47087653343082,0.0105817170362439,0.338815254688481
"687",22.5056977527564,0.0101543416211499,1.04411949654956
"688",2.3755636080486,0.0315525593123415,0.314976743425424
"689",6.2516924972029,0.00981045630122507,0.410622857769956
"690",26.9091939631752,0.0111326860444964,1.2648059882802
"691",1.24665544648522,0.00909070465889919,0.211656197957992
"692",1.01913470705491,0.00769524332187547,0.189860483916484
"693",1.0084670740565,0.0246480414901514,0.197835075261592
"694",29.0187483863665,0.0107724985544377,1.33382886091237
"695",3.53350208103103,0.0406960123313812,0.470895607712296
"696",18.1564909275572,0.0101748429291497,0.864266365448031
"697",30.0753252524358,0.0106219343373521,1.37311227562345
"698",28.0955898496086,0.0106313515408982,1.29058557651273
"699",0.997991847604221,0.0395646302057791,0.19556073264858
"700",3.40001845165694,0.043164565188087,0.46759170465594
"701",30.0464403889028,0.0107071913539542,1.37905020571229
"702",22.3919602193855,0.00998451107061679,1.05262838293125
"703",1.01537056692646,0.0196931814372447,0.199642840423449
"704",1.01775328080616,0.029877680188782,0.187717543802595
"705",1.03986482452845,0.108449932754319,0.199959655870603
"706",1.01996793671212,0.0246245080076131,0.205478993552683
"707",1.00651597163087,0.0274899460233059,0.196143943543799
"708",2.30895906605792,0.0277413770894435,0.295316157017414
"709",7.17899566182876,0.0100823388260269,0.435956597590829
"710",29.5765182547069,0.0107185102109183,1.35810216154132
"711",1.03133259197079,0.0357786864369159,0.190706671951024
"712",1.01757037546226,0.00982558636930405,0.198580261225003
"713",1.00980856751898,0.0225555237768548,0.200282217785381
"714",1.00637712276897,0.0246203373968059,0.203570485775089
"715",29.5446928498763,0.0101484738495537,1.34129124483178
"716",1.15908705801009,0.0424073675015008,0.229660372806843
"717",32.4689798501984,0.010312231282923,1.46913505828826
"718",0.997356820951478,0.0459068157417713,0.187488467675456
"719",1.01578323175121,0.0188943402035602,0.218929823854549
"720",5.06040506667701,0.028702441756327,0.527381468511254
"721",1.04102900963243,0.0828445018211099,0.196686841582447
"722",16.4468832179005,0.0100307133500241,0.805068626110955
"723",6.41485263418017,0.0212812137815526,0.522657840851177
"724",1.015221744752,0.0211449569100455,0.196554797327912
"725",6.73419435108926,0.0185638143707179,0.500499512297481
"726",1.01788430593576,0.0140347580829735,0.190175957439309
"727",32.5467143835208,0.0103169979122993,1.46670137059783
"728",1.045003848657,0.0684371390938777,0.198903502237563
"729",6.14468165008846,0.0100226769759628,0.403939914679653
"730",27.4134265985022,0.0110341201297312,1.28066994443213
"731",12.7420050786215,0.0102764497017144,0.6379849101228
"732",26.2798870015215,0.0112462280209378,1.24385918789115
"733",1.00872982009437,0.0276207552920027,0.200611362134
"734",1.01526918814986,0.0197211338425016,0.19788743175038
"735",30.6527975926289,0.010593246762393,1.4001834444228
"736",1.01961935883637,0.00302438396776748,0.187478816599236
"737",1.01601093601351,0.0326816287611038,0.196340785744533
"738",1.01811531825528,0.0361741368485041,0.186358286387287
"739",1.01651288361775,0.0622015849087284,0.196512595860076
"740",5.13855861411698,0.00969528628450383,0.372690840265384
"741",1.00588940879007,0.0386568861906606,0.190980790538149
"742",1.01807082075849,0.011158375758713,0.18586500556372
"743",1.01667047100231,0.0419542114399957,0.191827320476719
"744",1.00108925831111,0.0336823058825615,0.197778469012697
"745",1.01324431201967,0.0234835318603394,0.191802461607148
"746",1.01319357209,0.0403266556359266,0.191636075016003
"747",1.01167775925281,0.0376801130409695,0.194064052968453
"748",1.0157518360567,0.0268105716621279,0.192396931946547
"749",29.8912662291433,0.0106608743275509,1.37054622659465
"750",1.01586269806959,0.0415633332959891,0.189611663517606
"751",1.0178158981476,0.0225214699042289,0.191046720678145
"752",30.7878745515285,0.010465658133807,1.39812812606221
"753",2.68745468590473,0.0514488300291432,0.433305078665156
"754",1.0173079708882,0.022114809969534,0.190260327350254
"755",1.00960939943944,0.0223251275825079,0.200311862684553
"756",1.02739754152831,0.0243736145332314,0.1881449167198
"757",3.01571423261553,0.00964057971837808,0.290959542829072
"758",1.01219785546097,0.0436030545614967,0.197953370424662
"759",30.353813754242,0.0105857853596724,1.38326331726608
"760",1.01117888283286,0.0359618500806448,0.185239726765482
"761",1.01685809798942,0.025803890779543,0.193964659024254
"762",1.01555514908783,0.022666796400142,0.191727804573012
"763",1.00030515498403,0.0372720135351521,0.195075321406407
"764",1.01688577100284,0.0237133712000924,0.194115292445771
"765",16.5240446066659,0.0100756661646146,0.798213769938872
"766",1.01834544596142,0.000812876649345908,0.185237873450471
"767",0.999436930041803,0.0391394404872023,0.189006619773601
"768",1.01147185508321,0.0185492478119709,0.189952209658018
"769",6.48139829165574,0.0193876500931691,0.498827408043107
"770",29.1153362489095,0.00995593154846361,1.33216862729762
"771",4.83225343732002,0.024150425511084,0.448636792927627
"772",25.1089671321131,0.0114771023188791,1.20450428371487
"773",1.02220926321643,0.00159292845416058,0.186544516896349
"774",3.96104198510443,0.00965139708873957,0.324277321259884
"775",34.0744949787573,0.0102459021987457,1.54611291180325
"776",1.01789154220427,0.0252627615790342,0.187675995469998
"777",1.01912331043408,9.32093966088288e-05,0.195466284632376
"778",4.13136297748366,0.0319865267371774,0.472231814915892
"779",3.58227547693894,0.0325932126320489,0.421112222045736
"780",1.0162444224003,0.0396532299782938,0.194724956603361
"781",1.01858409590418,0.0110873371065796,0.189953593035224
"782",26.575700030169,0.0101589990425431,1.21784811606467
"783",1.01555667873416,0.0237647865592358,0.198964767942825
"784",1.01831840462654,4.47978081735396e-05,0.192229495522185
"785",1.01757027300032,0.00261004547577225,0.187284563792845
"786",27.9219302679114,0.0109575849843784,1.29785398811237
"787",29.597950763334,0.0107046847199703,1.35725008518847
"788",4.9156207429365,0.0213886049707031,0.426805171443767
"789",29.3840930424428,0.0107250904886115,1.34810710033799
"790",1.00949798383932,0.0248115575192705,0.203552509280032
"791",6.25744049911227,0.0201747729676191,0.494654531936484
"792",1.01549301923382,0.0202995861686998,0.212140178711674
"793",1.01550536558204,0.0215659627788214,0.200577275252791
"794",1.01531816227632,0.0235109958454517,0.20798386711993
"795",1.01500599173335,0.023781544333625,0.200470672529539
"796",1.01678174587453,0.0419335281985807,0.192846488116809
"797",6.22458070164842,0.0214912879974717,0.514328708501103
"798",1.02286778093932,0.0235236768053367,0.206195325938206
"799",1.00899494077723,0.0247165952582999,0.208377366518885
"800",1.01536682080076,0.0259549434564524,0.200728242958216
"801",1.01940999895016,0.00700667897304082,0.185200297905099
"802",1.01974165938046,0.0182204815314762,0.186563483639837
"803",1.01596810766469,0.0384947315401365,0.204822322724268
"804",1.01759991004006,0.00393999733645373,0.200455670852971
"805",1.35606330410855,0.00849827515388938,0.228925224406604
"806",4.98290293315964,0.0224343129308419,0.443216864196403
"807",32.384002209385,0.0103767885803329,1.46738856538031
"808",30.1894798632915,0.0106407272930742,1.38244448195425
"809",32.4262694638767,0.0103363902971041,1.4610069815025
"810",33.2087773780574,0.0102873322399382,1.50103348583361
"811",28.2789547100661,0.0109084461267925,1.31011674337618
"812",4.79147107349247,0.0225783614700635,0.43151517541383
"813",1.01502774842302,0.0219921187136194,0.203413486806443
"814",0.995994883135666,0.0455805690069839,0.2038151179419
"815",1.01268807800354,0.0366040557394998,0.190948926193507
"816",1.01533093788569,0.0266686761918516,0.198090560842202
"817",1.01140249148902,0.0588821724508267,0.189973938259967
"818",1.05060001225175,0.0736713125737084,0.215619587724154
"819",32.7816995990375,0.010313174031278,1.48452208677918
"820",31.9663355240851,0.0103337242200975,1.44395223321415
"821",1.02113239875223,0.0101565558031132,0.187493045728861
"822",4.75113747851848,0.0247263710973528,0.446895679950645
"823",1.00225413179263,0.0335979197733334,0.199502405349368
"824",1.01558729181198,0.0256844548101271,0.195313451863865
"825",29.4619674562008,0.0107147184718328,1.35380861201789
"826",1.01000746980431,0.0245350962359182,0.189647392785616
"827",1.03666241330624,0.0209128481130214,0.207919083305829
"828",1.01633671065986,0.0452756428690493,0.197792686588241
"829",30.0622426747521,0.0106650247980271,1.37781415326193
"830",1.03599819421126,0.0373177422207688,0.192291377206629
"831",1.0165713734332,0.029955346492198,0.190882654450189
"832",1.00908836533309,0.0542625513861245,0.189443298025913
"833",6.53339008699984,0.0203930942887804,0.516919396111554
"834",26.1675895102875,0.011229971775604,1.23791514739004
"835",1.0320953560933,0.0273715742859237,0.191632018824415
"836",15.9132797447681,0.0101993032986437,0.767113565269795
"837",11.8059463012775,0.0100383774316086,0.603553152659806
"838",4.90951950107099,0.0204899777218609,0.417972160221617
"839",30.6948966652833,0.010571166584599,1.40354648233108
"840",1.01611765362673,0.0290064700907789,0.204273156896851
"841",1.01080594144849,0.0307732705741127,0.188530708611852
"842",2.07112110505278,0.0819709747480854,0.440546055866522
"843",29.1032700781561,0.0107888380711195,1.34236797308461
"844",1.03508695659724,0.045948995476995,0.192702143519976
"845",1.01692237645866,0.0280580543633877,0.192316447457178
"846",1.01621258225489,0.0370910514151275,0.190837148089612
"847",7.45098713550761,0.0205053546056386,0.580364999568086
"848",19.1484757897715,0.0101690971135464,0.902133915445204
"849",4.6076845697104,0.0235169120383708,0.427220429084804
"850",1.05041925323175,0.112687544941126,0.199703718717347
"851",1.01770127616499,0.0210517537052601,0.189797724643954
"852",1.0156558605447,0.024605867066048,0.195970177206188
"853",31.8446199180443,0.0104338751343707,1.44355730503424
"854",4.9710870266723,0.0210242135757877,0.426967468515213
"855",30.3331844309952,0.0105782979387889,1.38668113085265
"856",33.7075245386719,0.0102317683004175,1.52433215063595
"857",1.01585123417304,0.022123796092343,0.192578029496094
"858",32.3534930977808,0.010364590818808,1.46107728114342
"859",31.9154227475451,0.0103918025361723,1.44476959201819
"860",1.00976719129118,0.0390045574551843,0.189112006314752
"861",4.96693108954284,0.0201449668208837,0.417011449018544
"862",3.28453953498047,0.00955761780600009,0.302666703479196
"863",1.03222920986064,0.0236194107447022,0.212462842755244
"864",2.49353652529247,0.0100235578203983,0.270349645531235
"865",1.00548987116872,0.0438363803359459,0.190141874245465
"866",1.01776010660504,0.0320426372621512,0.186714645332548
"867",1.0148968441161,0.0256986791889775,0.186985214943551
"868",1.01564906850343,0.00721015606511236,0.196268559563007
"869",33.0936967956749,0.0103018620913037,1.49138575905381
"870",1.00653546812596,0.077226271313915,0.186275815991295
"871",27.9829622610085,0.0109463646249438,1.30005254715067
"872",32.484751901514,0.0103265091233278,1.46423879957891
"873",31.2132057286699,0.0105116064629389,1.42372223388119
"874",5.37500492249604,0.00931742812308293,0.388222603851587
"875",1.0175214996453,0.00930078005624162,0.205137286275573
"876",4.82118446627385,0.0208297732730503,0.415233471093827
"877",1.02470878782978,0.0816455962160968,0.194496181768311
"878",1.02001957801347,0.0505738254078417,0.188042745694505
"879",30.0273761845305,0.0106255249301642,1.37649742590449
"880",1.00028593084853,0.0801924168832706,0.183960163779123
"881",28.4356951478176,0.010145287318972,1.29163439277004
"882",25.7200947912928,0.0113717251188234,1.22703744587503
"883",8.80787441851482,0.010033351444607,0.496289787911158
"884",1.03068592541854,0.0226295761026736,0.221051587628197
"885",30.3247623232114,0.0105672767620819,1.38229113914036
"886",32.3352078985856,0.0103673919876218,1.46444356449317
"887",32.8986155886995,0.0102997330143839,1.48441259420731
"888",7.98883548913711,0.00989637463181288,0.472038504525409
"889",1.01539325338239,0.0234013626615048,0.208772702897819
"890",2.50485685828459,0.00971030789796233,0.268086128508994
"891",1.00212439507756,0.0574313293295941,0.212525905752816
"892",1.01750842962197,0.0159188504708504,0.192652401881012
"893",31.4725670836131,0.0103942626905217,1.42341517886732
"894",1.01607179498046,0.0398574961250456,0.19779039187126
"895",4.47972341430578,0.00985759677437338,0.343544224193244
"896",1.0206502929017,0.0186714533860301,0.194902775870859
"897",1.00237668371022,0.0414637704072804,0.191822101112755
"898",1.01601674287363,0.0464081444398625,0.198765591404021
"899",2.52579474192939,0.00849249880264758,0.283496752378084
"900",1.01770086156985,0.0237550734637602,0.18824156419201
"901",30.1330556668382,0.0106603997415761,1.38194332588533
"902",31.1960926319835,0.0105001733500965,1.41941509895522
"903",1.01620172223434,0.0337420738608266,0.196926635728575
"904",1.01720923123647,0.0272081623000468,0.190606458286287
"905",1.00316008133152,0.0334247833270189,0.195052552393026
"906",1.04384463006211,0.0417111690647718,0.216805002469469
"907",1.01793325480972,0.0305640231334655,0.18806570263894
"908",1.03609255095949,0.0254439717418281,0.207685084959434
"909",0.990810493223773,0.0786383911421093,0.190439538449522
"910",1.01369781734077,0.022406634892498,0.209707465653136
"911",1.01316626007088,0.0260712620817482,0.195619114575198
"912",1.02707116977922,0.0162558659345845,0.186826755329935
"913",1.01049424863307,0.0242123808826248,0.19989960160501
"914",1.01203766315344,0.0246108011350819,0.199991419543982
"915",1.00155979154992,0.0700222723238951,0.186535119105272
"916",2.45582902187895,0.0102899254996822,0.265984996905243
"917",1.01273565175203,0.0357530555072434,0.193882171357259
"918",4.86921663156308,0.0229565394276665,0.438328555159646
"919",22.2152775722387,0.0100396828513087,1.03402042023126
"920",1.01828953581989,0.0831603138598557,0.188259228074282
"921",1.01307645491952,0.024713185561481,0.208261403101792
"922",1.01434875164162,0.0284084383623944,0.190719021298485
"923",1.00262309611056,0.0576737446196894,0.197265346125758
"924",1.00696412570009,0.0257988263290765,0.203811161577573
"925",32.1589125348576,0.0103794882243933,1.45302851837359
"926",9.95129996726546,0.0102924771476855,0.534078805211666
"927",3.96304935605183,0.0341993099323038,0.465475100639645
"928",1.01555402757263,0.0253925491317797,0.194465454232469
"929",30.5288436368755,0.0105655275885154,1.39072798021373
"930",1.01794314018773,0.0361284147024065,0.187868756009685
"931",1.002445002292,0.0481356751090006,0.184590451376427
"932",3.4695021756192,0.0421256352262847,0.471481882125338
"933",1.01753726036866,0.00911053959322832,0.195644932143643
"934",29.1007242523621,0.0107593959959038,1.33691280452761
"935",1.0062280321367,0.0245557359010343,0.197846879159647
"936",28.916310222958,0.0108038215752873,1.33380917575154
"937",1.01055082722768,0.0254631169425529,0.204265981947294
"938",1.04098263634855,0.027362562908261,0.211436335387409
"939",1.01721369360454,0.0403267514792701,0.190461276613315
"940",1.01752078739456,0.0403366744129267,0.188599159266605
"941",1.00644163863025,0.0244986159676514,0.197560434426305
"942",1.01156758269232,0.0236241597801662,0.196298331592902
"943",27.868528344077,0.010106163236798,1.27111332465778
"944",30.6806619533787,0.0105463337634323,1.3973747840723
"945",1.01664497740753,0.0130808120804453,0.197648433362408
"946",14.4298739242913,0.0099340118377935,0.712586635570751
"947",1.02973495425594,0.0313220419999283,0.196764627603938
"948",1.01787922106444,0.00859125706518344,0.186204399812293
"949",1.01754451435072,0.0283168579174551,0.188487347236379
"950",1.01538080943841,0.0255473876018862,0.202457275000696
"951",1.01497560199643,0.010405553681209,0.189067987024002
"952",29.8944521080958,0.0106785154312385,1.36989486317755
"953",1.00918287584459,0.0307738089230926,0.186807413280371
"954",1.00306712457856,0.0694430605120027,0.191664713236418
"955",31.5670562997275,0.0104758525670931,1.43224161869244
"956",4.54363044052314,0.026343284317847,0.451375294761596
"957",1.01623155770992,0.0366088878684414,0.199249822708092
"958",30.9601693439986,0.010544657097575,1.4114114073111
"959",1.1322571057502,0.0143221468219445,0.209131933166629
"960",2.25568974327808,0.0715798632901915,0.444276378847316
"961",6.2110417269117,0.0205110278222342,0.500845329204714
"962",1.00272307951063,0.0557776020500219,0.193555375367185
"963",1.01727426584095,0.0183043075858142,0.194464177881797
"964",14.2050321533701,0.0101371788392481,0.700493122838935
"965",1.03734118076028,0.0949753775957035,0.190735138969718
"966",31.0662375750587,0.0105185202593159,1.41622722433023
"967",28.1813648442736,0.0108889632345894,1.30604372422505
"968",30.1864028816028,0.0105029214789356,1.37248801300558
"969",29.7324634645818,0.0105911316946952,1.35635735486226
"970",4.92516470477352,0.021175716733911,0.426002509568914
"971",1.01533741890054,0.0247972807466371,0.194200250227185
"972",25.0613199241348,0.010094689832662,1.15682188656733
"973",1.02900657779127,0.0298034026779884,0.188804674545528
"974",4.72819811815029,0.018169284347076,0.387848062535295
"975",1.02951807648327,0.0736989228186649,0.198690639750539
"976",1.01758178653192,0.012294484801075,0.194568081418139
"977",33.033912959281,0.0103057929317549,1.48778841830347
"978",1.01673982681673,0.0985452765259569,0.197758071450083
"979",4.820017454014,0.0232254745744863,0.439497650507172
"980",32.1748230283518,0.0103501144536989,1.45182251056948
"981",1.01170457729515,0.0254895169610972,0.207568698095846
"982",4.81079299855612,0.0209673181390717,0.416169839686605
"983",21.5548236727356,0.0101421104896306,1.0097292324348
"984",31.1948826323615,0.010466571591618,1.41669261764261
"985",26.9157094548162,0.0111124477514346,1.2628084043505
"986",1.97253054052322,0.0358415175605231,0.287585014192699
"987",1.0377953220287,0.0258521589115005,0.210594701298614
"988",1.0153473060676,0.0242322720158948,0.198599976546129
"989",13.0603458328857,0.010159005560705,0.653646262708274
"990",1.01804836104646,0.029088405852311,0.187082082910726
"991",5.9762672333181,0.022295365220026,0.506910681219121
"992",1.04927061843655,0.00910154212081657,0.196334441732673
"993",1.03434770748229,0.053040918385866,0.189381658261621
"994",33.704622238673,0.010246915402647,1.52635992049035
"995",18.3595716401226,0.0100484257567011,0.876934183534881
"996",30.3777503855211,0.0105488222890546,1.38305554796455
"997",1.01657167843474,0.0336913000512919,0.191136617494453
"998",0.997619133918119,0.0891556648912061,0.190314085198334
"999",21.0883696619104,0.0101197136994152,0.987838774388085
"1000",1.04504664239524,0.123194343369532,0.192699750469226
